acct_id,agent_id,div_code,division,curr_meter_read_remark,prev_meter_read_remark,prev_bill_basis
308000,PUFGL00814,DIV475813,"EDD KASYA, KUSHINAGAR",RDF ,RDF,ASS
1867000,FGLTD01968,DIV475812,EDD HATA,RDF ,RDF,ASS
5756000,FGLTD02695,DIV475811,EDD PADRAUNA,IDF,IDF,ASS
6647000,FGLTD03289,DIV475814,EDD SEORAHI,IDF ,IDF,ASS
9001061,PUFGL00886,DIV475611,EDD II ANANDNAGAR,RDF ,OK,MU
9835431,PUFGL00376,DIV435722,"EDD SAHJANWA,GORAKHPUR",RDF ,P,PROV
9856190,PUFGL00547,DIV475934,EDD SALEMPUR,RDF ,OK,MU
10496000,PUFGL00844,DIV475814,EDD SEORAHI,IDF,IDF,ASS
12896000,PUFGL00716,DIV475811,EDD PADRAUNA,RDF ,P,PROV
13736000,FGLTD02667,DIV475813,"EDD KASYA, KUSHINAGAR",RDF,RDF,ASS
15308000,PUFGL00844,DIV475814,EDD SEORAHI,IDF ,IDF,ASS
20477000,FGLTD02178,DIV475934,EDD SALEMPUR,RDF ,RDF,ASS
20670172,PUFGL01130,DIV475614,EDD NICHLAUL,RDF ,OK,MU
21227000,FGLTD02305,DIV475814,EDD SEORAHI,IDF ,IDF,ASS
22834547,PUFGL00830,DIV475813,"EDD KASYA, KUSHINAGAR",RDF,OK,CEIL
23587000,FGLTD02667,DIV475813,"EDD KASYA, KUSHINAGAR",RDF ,RDF,ASS
25856000,PUFGL01038,DIV475613,EDD NAUTANWA,RDF ,RDF,ASS
28063683,PUFGL00194,DIV435731,"EDD GULHARIYA BAZAR,GORAKHPUR",RDF ,RDF,ASS
28846747,PUFGL01189,DIV475935,EDD GAURI BAZAR,RDF ,RDF,ASS
31677000,PUFGL00202,DIV435731,"EDD GULHARIYA BAZAR,GORAKHPUR",RDF ,RDF,ASS
35536000,PUFGL00548,DIV475934,EDD SALEMPUR,RDF ,RDF,ASS
35563000,PUFGL00484,DIV475932,EDD DEORIA,RDF ,OK,MU
36464215,FGLTD01157,DIV475611,EDD II ANANDNAGAR,RDF ,OK,MU
36618000,PUFGL01048,DIV475613,EDD NAUTANWA,IDF ,IDF,ASS
37465000,FGLTD02540,DIV435731,"EDD GULHARIYA BAZAR,GORAKHPUR",RDF ,OK,MU
37776000,PUFGL00849,DIV475814,EDD SEORAHI,IDF ,IDF,ASS
39986000,PUFGL00922,DIV475612,EDD I MAHARAJGANJ,RDF ,P,PROV
41496000,PUFGL00806,DIV475813,"EDD KASYA, KUSHINAGAR",RDF ,BR,MU
44367000,FGLTD03148,DIV435722,"EDD SAHJANWA,GORAKHPUR",RDF ,P,PROV
46417756,FGLTD02667,DIV475813,"EDD KASYA, KUSHINAGAR",RDF ,RDF,ASS
47457886,PUFGL01087,DIV475614,EDD NICHLAUL,RDF ,OK,MU
49035478,FGLTD02017,DIV435722,"EDD SAHJANWA,GORAKHPUR",RDF ,OK,MU
50493619,PUFGL00427,DIV435722,"EDD SAHJANWA,GORAKHPUR",RDF ,OK,MU
52547000,FGLTD01540,DIV475934,EDD SALEMPUR,RDF ,RDF,ASS
54372686,FGLTD02718,DIV475613,EDD NAUTANWA,RDF ,RDF,ASS
57227000,FGLTD02606,DIV475814,EDD SEORAHI,IDF ,IDF,ASS
59740835,PUFGL00453,DIV475931,EDD BARHAJ,RDF ,OK,MU
61343534,PUFGL00156,DIV435731,"EDD GULHARIYA BAZAR,GORAKHPUR",RDF ,RDF,ASS
61707000,PUFGL00257,DIV435733,EDD CAMPIEARGANJ,IDF ,IDF,ASS
62210934,PUFGL00569,DIV475934,EDD SALEMPUR,RDF ,RDF,ASS
63875000,FGLTD02359,DIV475614,EDD NICHLAUL,RDF ,RDF,ASS
65116000,PUFGL00562,DIV475934,EDD SALEMPUR,RDF ,RDF,ASS
65520204,PUFGL00334,DIV435721,EDD KAURIRAM,IDF ,IDF,ASS
65619805,PUFGL00880,DIV475611,EDD II ANANDNAGAR,RDF ,RDF,ASS
67112000,FGLTD01760,DIV435711,"EUDD TOWNHALL,GORAKHPUR",RDF ,OK,MU
70266000,FGLTD02658,DIV435731,"EDD GULHARIYA BAZAR,GORAKHPUR",RDF ,OK,MU
70984630,PUFGL00826,DIV475813,"EDD KASYA, KUSHINAGAR",RDF ,OK,MU
71697000,PUFGL00548,DIV475934,EDD SALEMPUR,RDF ,RDF,ASS
72435438,PUFGL01008,DIV475612,EDD I MAHARAJGANJ,RDF ,RDF,ASS
72716416,FGLTD02008,DIV435732,EDD CHAURI CHAURA,RDF ,OK,MU
73337000,FGLTD01340,DIV435732,EDD CHAURI CHAURA,RDF ,OK,MU
73507000,PUFGL00809,DIV475813,"EDD KASYA, KUSHINAGAR",RDF ,OK,MU
73996000,PUFGL00251,DIV435733,EDD CAMPIEARGANJ,RDF ,RDF,ASS
75802291,FGLTD02798,DIV475611,EDD II ANANDNAGAR,RDF ,OK,MU
76065000,PUFGL00565,DIV475934,EDD SALEMPUR,RDF ,RDF,ASS
76437000,PUFGL00843,DIV475814,EDD SEORAHI,IDF ,IDF,ASS
79886000,PUFGL00257,DIV435733,EDD CAMPIEARGANJ,IDF,IDF,ASS
80156000,PUFGL00515,DIV475932,EDD DEORIA,RDF ,P,PROV
82365000,PUFGL01024,DIV475612,EDD I MAHARAJGANJ,RDF ,P,PROV
82593810,PUFGL00790,DIV475812,EDD HATA,RDF ,RDF,ASS
83008000,FGLTD02571,DIV435731,"EDD GULHARIYA BAZAR,GORAKHPUR",RDF ,OK,MU
83914255,PUFGL00246,DIV435733,EDD CAMPIEARGANJ,RDF ,OK,MU
86007000,PUFGL00592,DIV475934,EDD SALEMPUR,IDF ,IDF,ASS
90796000,FGLTD02778,DIV435722,"EDD SAHJANWA,GORAKHPUR",RDF,OK,NULL
92866000,FGLTD02611,DIV475812,EDD HATA,RDF ,OK,MU
93277000,FGLTD02944,DIV475812,EDD HATA,RDF ,OK,MU
93687000,PUFGL00865,DIV475611,EDD II ANANDNAGAR,RDF ,OK,MU
96156000,PUFGL01125,DIV475614,EDD NICHLAUL,RDF,OK,MU
97118000,PUFGL00844,DIV475814,EDD SEORAHI,IDF ,IDF,ASS
99344581,FGLTD01582,DIV475613,EDD NAUTANWA,RDF ,P,PROV
99975000,PUFGL01063,DIV475613,EDD NAUTANWA,RDF ,RDF,ASS
100475000,FGLTD02246,DIV475932,EDD DEORIA,RDF ,RDF,ASS
100974056,FGLTD01808,DIV475934,EDD SALEMPUR,RDF ,OK,MU
101085000,PUFGL00980,DIV475612,EDD I MAHARAJGANJ,RDF ,RDF,ASS
102247000,PUFGL00393,DIV435722,"EDD SAHJANWA,GORAKHPUR",RDF ,OK,MU
102797000,PUFGL00606,DIV475934,EDD SALEMPUR,RDF,RDF,ASS
102996000,PUFGL01082,DIV475613,EDD NAUTANWA,RDF ,RDF,ASS
105796000,PUFGL00246,DIV435733,EDD CAMPIEARGANJ,RDF ,OK,MU
111816000,PUFGL00671,DIV475811,EDD PADRAUNA,RDF ,RDF,ASS
112146000,FGLTD01661,DIV475814,EDD SEORAHI,IDF ,IDF,ASS
112284958,PUFGL00306,DIV435723,EDD SHIKARIGANJ,RDF ,OK,MU
112557000,FGLTD03294,DIV475814,EDD SEORAHI,IDF ,IDF,ASS
114387000,PUFGL00811,DIV475813,"EDD KASYA, KUSHINAGAR",RDF ,RDF,ASS
115666000,PUFGL00230,DIV435733,EDD CAMPIEARGANJ,RDF ,P,PROV
116116000,PUFGL00751,DIV475812,EDD HATA,RDF ,RDF,ASS
116208000,FGLTD02189,DIV475934,EDD SALEMPUR,RDF ,RDF,ASS
119116000,PUFGL00761,DIV475812,EDD HATA,RDF ,P,PROV
119367000,PUFGL00534,DIV475934,EDD SALEMPUR,RDF ,OK,MU
126116944,FGLTD01968,DIV475812,EDD HATA,IDF ,IDF,ASS
127556000,PUFGL00531,DIV475934,EDD SALEMPUR,RDF ,RDF,ASS
129921219,PUFGL00886,DIV475611,EDD II ANANDNAGAR,RDF ,OK,MU
130812048,PUFGL01017,DIV475612,EDD I MAHARAJGANJ,RDF ,P,PROV
134536000,PUFGL00423,DIV435722,"EDD SAHJANWA,GORAKHPUR",RDF ,RDF,ASS
134680608,PUFGL00117,DIV435732,EDD CHAURI CHAURA,RDF ,RDF,ASS
135847000,PUFGL00980,DIV475612,EDD I MAHARAJGANJ,RDF ,RDF,ASS
135858005,FGLTD01582,DIV475613,EDD NAUTANWA,RDF ,OK,MU
136190671,PUFGL00140,DIV435732,EDD CHAURI CHAURA,RDF ,P,PROV
136976883,FGLTD03319,DIV475935,EDD GAURI BAZAR,RDF ,OK,MU
137958199,PUFGL01082,DIV475613,EDD NAUTANWA,RDF ,OK,MU
138015597,PUFGL00871,DIV475611,EDD II ANANDNAGAR,RDF ,OK,MU
138476000,FGLTD01968,DIV475812,EDD HATA,IDF ,IDF,ASS
141133650,PUFGL00483,DIV475932,EDD DEORIA,RDF ,OK,MU
142330277,PUFGL00295,DIV435723,EDD SHIKARIGANJ,RDF ,RDF,ASS
143465000,PUFGL00835,DIV475813,"EDD KASYA, KUSHINAGAR",RDF ,OK,MU
146966000,FGLTD02305,DIV475814,EDD SEORAHI,IDF ,IDF,ASS
147162078,PUFGL01000,DIV475612,EDD I MAHARAJGANJ,RDF ,OK,MU
149587000,FGLTD02197,DIV435731,"EDD GULHARIYA BAZAR,GORAKHPUR",RDF ,RDF,ASS
150037000,FGLTD02239,DIV475935,EDD GAURI BAZAR,RDF ,RDF,ASS
150208000,FGLTD02960,DIV475932,EDD DEORIA,RDF ,RDF,ASS
150656000,PUFGL00869,DIV475611,EDD II ANANDNAGAR,RDF ,RDF,ASS
150697000,PUFGL00522,DIV475934,EDD SALEMPUR,IDF ,IDF,ASS
151536000,FGLTD03099,DIV475932,EDD DEORIA,RDF,P,PROV
152412000,FGLTD01837,DIV435712,"EUDD SRI GORAKHNATH,GORAKHPUR",RDF ,P,PROV
154108000,PUFGL00811,DIV475813,"EDD KASYA, KUSHINAGAR",RDF ,OK,MU
154416157,FGLTD01661,DIV475814,EDD SEORAHI,IDF ,IDF,ASS
156463000,FGLTD03030,DIV475932,EDD DEORIA,RDF,RDF,ASS
157366418,PUFGL00617,DIV475935,EDD GAURI BAZAR,RDF ,OK,MU
157718000,FGLTD01188,DIV475813,"EDD KASYA, KUSHINAGAR",RDF ,OK,MU
158675000,FGLTD03004,DIV475812,EDD HATA,IDF ,IDF,ASS
160017005,FGLTD01887,DIV435721,EDD KAURIRAM,RDF ,RDF,ASS
160674837,FGLTD03001,DIV475613,EDD NAUTANWA,RDF ,OK,MU
164354000,PUFGL00709,DIV475811,EDD PADRAUNA,IDF,IDF,ASS
166397000,FGLTD01795,DIV475931,EDD BARHAJ,RDF ,RDF,ASS
166596000,PUFGL00848,DIV475814,EDD SEORAHI,RDF ,OK,MU
167086000,PUFGL00428,DIV435722,"EDD SAHJANWA,GORAKHPUR",RDF ,OK,MU
171696000,FGLTD03012,DIV475811,EDD PADRAUNA,RDF ,OK,CEIL
173377000,PUFGL00513,DIV475932,EDD DEORIA,RDF ,P,PROV
175596000,FGLTD02667,DIV475813,"EDD KASYA, KUSHINAGAR",RDF ,RDF,ASS
177657000,FGLTD01557,DIV475932,EDD DEORIA,RDF,P,PROV
183546000,FGLTD03203,DIV475813,"EDD KASYA, KUSHINAGAR",RDF ,RDF,ASS
184939537,PUFGL00368,DIV435722,"EDD SAHJANWA,GORAKHPUR",RDF ,OK,MU
185185000,FGLTD01998,DIV475935,EDD GAURI BAZAR,IDF,IDF,ASS
188346000,FGLTD01582,DIV475613,EDD NAUTANWA,RDF ,P,PROV
191785000,PUFGL00733,DIV475812,EDD HATA,RDF ,P,PROV
192456000,PUFGL00784,DIV475812,EDD HATA,RDF ,OK,MU
193108000,PUFGL00802,DIV475813,"EDD KASYA, KUSHINAGAR",RDF ,IDF,ASS
193844573,PUFGL00258,DIV435733,EDD CAMPIEARGANJ,RDF ,RDF,ASS
195464405,PUFGL01034,DIV475613,EDD NAUTANWA,RDF ,OK,MU
196836000,FGLTD02755,DIV475811,EDD PADRAUNA,RDF ,OK,MU
198796000,PUFGL00845,DIV475814,EDD SEORAHI,IDF ,IDF,ASS
199756000,FGLTD03004,DIV475812,EDD HATA,IDF,IDF,ASS
201840610,PUFGL00802,DIV475813,"EDD KASYA, KUSHINAGAR",IDF,IDF,ASS
202046000,PUFGL00568,DIV475934,EDD SALEMPUR,RDF ,OK,CEIL
202817000,FGLTD03001,DIV475613,EDD NAUTANWA,RDF ,P,PROV
203354000,PUFGL00705,DIV475811,EDD PADRAUNA,RDF,RDF,ASS
203467000,PUFGL01056,DIV475613,EDD NAUTANWA,RDF ,RDF,ASS
204242163,FGLTD01157,DIV475611,EDD II ANANDNAGAR,RDF ,OK,MU
207308000,PUFGL00848,DIV475814,EDD SEORAHI,RDF ,RDF,ASS
208326000,PUFGL00393,DIV435722,"EDD SAHJANWA,GORAKHPUR",RDF ,OK,MU
210285000,FGLTD02667,DIV475813,"EDD KASYA, KUSHINAGAR",RDF ,RDF,ASS
210440992,PUFGL00193,DIV435731,"EDD GULHARIYA BAZAR,GORAKHPUR",RDF ,P,PROV
211386000,FGLTD02902,DIV475812,EDD HATA,IDF ,IDF,ASS
212187000,FGLTD02957,DIV475932,EDD DEORIA,RDF ,OK,MU
213765000,PUFGL00843,DIV475814,EDD SEORAHI,IDF ,IDF,ASS
213976000,FGLTD02667,DIV475813,"EDD KASYA, KUSHINAGAR",RDF ,RDF,ASS
215966000,FGLTD01186,DIV475813,"EDD KASYA, KUSHINAGAR",RDF ,RDF,ASS
216007000,FGLTD02974,DIV475614,EDD NICHLAUL,RDF ,OK,MU
216717000,FGLTD02612,DIV475812,EDD HATA,RDF ,BR,MU
217265000,FGLTD01962,DIV475812,EDD HATA,RDF ,P,PROV
220959499,FGLTD02865,DIV435731,"EDD GULHARIYA BAZAR,GORAKHPUR",RDF ,OK,MU
222575000,FGLTD02738,DIV435733,EDD CAMPIEARGANJ,IDF ,IDF,ASS
222687000,PUFGL00874,DIV475611,EDD II ANANDNAGAR,RDF ,RDF,ASS
223667000,PUFGL00901,DIV475611,EDD II ANANDNAGAR,RDF ,RDF,ASS
224257000,PUFGL00416,DIV435722,"EDD SAHJANWA,GORAKHPUR",RDF ,OK,MU
224342363,FGLTD02438,DIV475611,EDD II ANANDNAGAR,RDF ,P,PROV
226765000,FGLTD02471,DIV475814,EDD SEORAHI,IDF,IDF,ASS
227297000,FGLTD02667,DIV475813,"EDD KASYA, KUSHINAGAR",RDF ,RDF,ASS
227504529,FGLTD02305,DIV475814,EDD SEORAHI,IDF ,IDF,ASS
228236000,PUFGL00849,DIV475814,EDD SEORAHI,RDF ,RDF,ASS
228765000,PUFGL00704,DIV475811,EDD PADRAUNA,IDF ,IDF,ASS
230467000,FGLTD02738,DIV435733,EDD CAMPIEARGANJ,IDF ,IDF,ASS
231674505,PUFGL00884,DIV475611,EDD II ANANDNAGAR,RDF ,RDF,ASS
232257000,FGLTD01283,DIV475935,EDD GAURI BAZAR,RDF ,P,PROV
233985343,PUFGL00843,DIV475814,EDD SEORAHI,IDF ,IDF,ASS
235272784,FGLTD02612,DIV475812,EDD HATA,RDF ,RDF,ASS
236077000,FGLTD03193,DIV475935,EDD GAURI BAZAR,RDF ,OK,MU
236504539,FGLTD02356,DIV475614,EDD NICHLAUL,RDF ,P,PROV
236686000,PUFGL01048,DIV475613,EDD NAUTANWA,RDF ,RDF,ASS
236697000,FGLTD02083,DIV475812,EDD HATA,RDF ,RDF,ASS
238917000,FGLTD01514,DIV475935,EDD GAURI BAZAR,RDF,RDF,ASS
239886000,FGLTD02540,DIV435731,"EDD GULHARIYA BAZAR,GORAKHPUR",RDF ,RDF,ASS
240696000,FGLTD02753,DIV475811,EDD PADRAUNA,RDF ,IDF,ASS
242085000,FGLTD03203,DIV475813,"EDD KASYA, KUSHINAGAR",RDF,RDF,ASS
245204355,PUFGL00898,DIV475611,EDD II ANANDNAGAR,RDF ,RDF,ASS
246467000,PUFGL00543,DIV475934,EDD SALEMPUR,RDF ,RDF,ASS
248207000,PUFGL00272,DIV435723,EDD SHIKARIGANJ,RDF ,P,PROV
249175000,PUFGL00556,DIV475934,EDD SALEMPUR,IDF ,IDF,ASS
249484058,FGLTD02986,DIV435732,EDD CHAURI CHAURA,RDF ,OK,MU
250442490,FGLTD03289,DIV475814,EDD SEORAHI,IDF ,IDF,ASS
253257173,FGLTD02356,DIV475614,EDD NICHLAUL,RDF ,P,PROV
253454000,PUFGL00715,DIV475811,EDD PADRAUNA,RDF ,RDF,ASS
255587000,FGLTD03351,DIV475932,EDD DEORIA,RDF ,OK,MU
259057000,PUFGL01130,DIV475614,EDD NICHLAUL,RDF ,RDF,ASS
259370487,FGLTD02017,DIV435722,"EDD SAHJANWA,GORAKHPUR",RDF ,OK,MU
259564790,PUFGL00892,DIV475611,EDD II ANANDNAGAR,RDF ,RDF,ASS
260509570,FGLTD02843,DIV475611,EDD II ANANDNAGAR,RDF ,P,PROV
261633654,PUFGL00616,DIV475935,EDD GAURI BAZAR,RDF ,RDF,ASS
261646000,PUFGL00733,DIV475812,EDD HATA,RDF ,OK,MU
261767000,PUFGL01144,DIV475614,EDD NICHLAUL,RDF ,RDF,ASS
262085000,PUFGL01117,DIV475614,EDD NICHLAUL,RDF ,RDF,ASS
262476000,PUFGL00552,DIV475934,EDD SALEMPUR,IDF,IDF,ASS
262567000,FGLTD01258,DIV475932,EDD DEORIA,RDF ,RDF,ASS
263587000,FGLTD02667,DIV475813,"EDD KASYA, KUSHINAGAR",RDF ,RDF,ASS
264717547,PUFGL01197,DIV475932,EDD DEORIA,RDF ,RDF,ASS
264760969,PUFGL00850,DIV475814,EDD SEORAHI,RDF ,RDF,ASS
265117000,FGLTD02571,DIV435731,"EDD GULHARIYA BAZAR,GORAKHPUR",RDF ,OK,MU
265917000,PUFGL00782,DIV475812,EDD HATA,RDF ,OK,MU
267673632,FGLTD02755,DIV475811,EDD PADRAUNA,RDF ,RDF,ASS
271746000,FGLTD03099,DIV475932,EDD DEORIA,RDF ,OK,MU
275462575,PUFGL00573,DIV475934,EDD SALEMPUR,RDF ,RDF,ASS
276608000,PUFGL00761,DIV475812,EDD HATA,RDF ,P,PROV
278097000,PUFGL00792,DIV475812,EDD HATA,IDF ,IDF,ASS
278216000,PUFGL01138,DIV475614,EDD NICHLAUL,RDF ,RDF,ASS
279507000,PUFGL00993,DIV475612,EDD I MAHARAJGANJ,RDF ,P,PROV
280085000,PUFGL01034,DIV475613,EDD NAUTANWA,RDF ,RDF,ASS
283787000,FGLTD02307,DIV475814,EDD SEORAHI,IDF ,IDF,ASS
285454207,FGLTD01557,DIV475932,EDD DEORIA,RDF ,P,PROV
285536000,PUFGL00572,DIV475934,EDD SALEMPUR,RDF ,RDF,ASS
291066000,PUFGL00790,DIV475812,EDD HATA,RDF ,RDF,ASS
292497000,PUFGL00352,DIV435721,EDD KAURIRAM,RDF ,P,PROV
296857000,PUFGL00547,DIV475934,EDD SALEMPUR,RDF,OK,MU
297065000,FGLTD01592,DIV475812,EDD HATA,IDF ,IDF,ASS
297385000,PUFGL01213,DIV475935,EDD GAURI BAZAR,RDF ,OK,MU
300296959,PUFGL00860,DIV475611,EDD II ANANDNAGAR,RDF ,OK,MU
300756000,FGLTD02305,DIV475814,EDD SEORAHI,IDF ,IDF,ASS
303097000,PUFGL00731,DIV475812,EDD HATA,RDF ,OK,MU
303685000,PUFGL00888,DIV475611,EDD II ANANDNAGAR,RDF,TDMR,MU
304877000,PUFGL00606,DIV475934,EDD SALEMPUR,RDF ,OK,MU
305986000,PUFGL00844,DIV475814,EDD SEORAHI,IDF ,IDF,ASS
307197000,FGLTD01188,DIV475813,"EDD KASYA, KUSHINAGAR",RDF ,OK,MU
307646000,PUFGL00831,DIV475813,"EDD KASYA, KUSHINAGAR",RDF ,OK,MU
309687000,FGLTD01671,DIV475814,EDD SEORAHI,IDF ,IDF,ASS
309946000,PUFGL00746,DIV475812,EDD HATA,RDF ,OK,MU
310597000,FGLTD01671,DIV475814,EDD SEORAHI,IDF ,IDF,ASS
311575000,FGLTD01244,DIV435722,"EDD SAHJANWA,GORAKHPUR",RDF ,OK,MU
312616000,PUFGL00843,DIV475814,EDD SEORAHI,IDF,IDF,ASS
313445845,PUFGL00723,DIV475811,EDD PADRAUNA,IDF ,IDF,ASS
314046000,FGLTD02305,DIV475814,EDD SEORAHI,IDF,IDF,ASS
315625392,FGLTD02676,DIV475611,EDD II ANANDNAGAR,RDF ,P,PROV
316781289,FGLTD02471,DIV475814,EDD SEORAHI,IDF ,IDF,ASS
317307000,PUFGL00199,DIV435731,"EDD GULHARIYA BAZAR,GORAKHPUR",RDF ,RDF,ASS
317697000,PUFGL00749,DIV475812,EDD HATA,IDF ,P,PROV
317929818,PUFGL00487,DIV475932,EDD DEORIA,RDF ,OK,CEIL
318136000,PUFGL00188,DIV435731,"EDD GULHARIYA BAZAR,GORAKHPUR",RDF ,RDF,ASS
318308000,FGLTD01654,DIV475814,EDD SEORAHI,IDF ,IDF,ASS
318530798,PUFGL00568,DIV475934,EDD SALEMPUR,RDF ,RDF,ASS
319018000,PUFGL00809,DIV475813,"EDD KASYA, KUSHINAGAR",RDF ,OK,MU
320047000,FGLTD01592,DIV475812,EDD HATA,IDF ,IDF,ASS
322096000,PUFGL00639,DIV475935,EDD GAURI BAZAR,RDF ,RDF,ASS
323003785,PUFGL00180,DIV435731,"EDD GULHARIYA BAZAR,GORAKHPUR",RDF ,RDF,ASS
325485000,PUFGL01017,DIV475612,EDD I MAHARAJGANJ,RDF ,RDF,ASS
327421746,FGLTD02657,DIV435731,"EDD GULHARIYA BAZAR,GORAKHPUR",RDF ,RDF,ASS
332497000,FGLTD01883,DIV435721,EDD KAURIRAM,RDF,P,PROV
332856000,FGLTD01803,DIV475934,EDD SALEMPUR,RDF ,RDF,ASS
334085000,PUFGL00305,DIV435723,EDD SHIKARIGANJ,RDF ,RDF,ASS
334766066,FGLTD03033,DIV475935,EDD GAURI BAZAR,RDF ,OK,MU
336431612,PUFGL01060,DIV475613,EDD NAUTANWA,RDF ,OK,MU
338396000,PUFGL01044,DIV475613,EDD NAUTANWA,RDF ,OK,MU
338970354,FGLTD02313,DIV435732,EDD CHAURI CHAURA,RDF ,OK,MU
341367000,FGLTD03289,DIV475814,EDD SEORAHI,IDF,IDF,ASS
341396000,PUFGL00761,DIV475812,EDD HATA,RDF ,RDF,ASS
341515239,PUFGL00489,DIV475932,EDD DEORIA,RDF,OK,MU
343215470,PUFGL01053,DIV475613,EDD NAUTANWA,RDF ,RDF,ASS
345764007,PUFGL00744,DIV475812,EDD HATA,RDF ,RDF,MU
348176000,FGLTD02400,DIV475935,EDD GAURI BAZAR,RDF ,OK,MU
348218000,PUFGL00761,DIV475812,EDD HATA,RDF ,P,PROV
348586000,FGLTD03116,DIV475814,EDD SEORAHI,IDF ,IDF,ASS
353876000,PUFGL00173,DIV435731,"EDD GULHARIYA BAZAR,GORAKHPUR",RDF,OK,MU
353956000,FGLTD03099,DIV475932,EDD DEORIA,RDF ,RDF,ASS
354417000,FGLTD03289,DIV475814,EDD SEORAHI,IDF ,IDF,ASS
354986000,FGLTD02305,DIV475814,EDD SEORAHI,IDF ,IDF,ASS
355127000,PUFGL00259,DIV435733,EDD CAMPIEARGANJ,RDF ,RDF,ASS
359219961,PUFGL00576,DIV475934,EDD SALEMPUR,RDF ,RDF,ASS
362487000,PUFGL00784,DIV475812,EDD HATA,RDF ,OK,MU
365356000,PUFGL00830,DIV475813,"EDD KASYA, KUSHINAGAR",RDF ,OK,MU
365475000,PUFGL00203,DIV435731,"EDD GULHARIYA BAZAR,GORAKHPUR",RDF ,RDF,ASS
365837000,FGLTD02471,DIV475814,EDD SEORAHI,IDF ,IDF,ASS
366416087,FGLTD03029,DIV435713,"EUDD MOHADDIPUR,GORAKHPUR",RDF ,RDF,ASS
366796000,FGLTD01661,DIV475814,EDD SEORAHI,IDF ,IDF,ASS
368656000,FGLTD03116,DIV475814,EDD SEORAHI,IDF ,IDF,ASS
369777000,FGLTD01883,DIV435721,EDD KAURIRAM,IDF,IDF,ASS
372498265,FGLTD01851,DIV435711,"EUDD TOWNHALL,GORAKHPUR",RDF ,RDF,ASS
373475000,FGLTD03348,DIV475932,EDD DEORIA,RDF,RDF,ASS
373687000,PUFGL00592,DIV475934,EDD SALEMPUR,IDF ,IDF,ASS
373766000,PUFGL00920,DIV475612,EDD I MAHARAJGANJ,RDF ,OK,MU
374276000,PUFGL00607,DIV475934,EDD SALEMPUR,RDF ,RDF,ASS
376265000,FGLTD02701,DIV435732,EDD CHAURI CHAURA,RDF ,OK,MU
376787000,FGLTD01661,DIV475814,EDD SEORAHI,IDF ,IDF,ASS
378542671,PUFGL00513,DIV475932,EDD DEORIA,RDF ,P,PROV
379346000,PUFGL00536,DIV475934,EDD SALEMPUR,RDF ,P,PROV
379586000,PUFGL00837,DIV475813,"EDD KASYA, KUSHINAGAR",RDF ,OK,MU
380868545,FGLTD02974,DIV475614,EDD NICHLAUL,RDF ,RDF,ASS
381956000,PUFGL00339,DIV435721,EDD KAURIRAM,RDF ,P,PROV
382183375,PUFGL00920,DIV475612,EDD I MAHARAJGANJ,RDF ,OK,MU
383527000,PUFGL00761,DIV475812,EDD HATA,RDF ,RDF,ASS
384937000,PUFGL00561,DIV475934,EDD SALEMPUR,RDF ,OK,MU
386253976,FGLTD02199,DIV435732,EDD CHAURI CHAURA,RDF ,RDF,ASS
387377000,PUFGL00592,DIV475934,EDD SALEMPUR,RDF ,RDF,ASS
388257000,PUFGL00674,DIV475811,EDD PADRAUNA,IDF ,IDF,ASS
388987000,PUFGL00368,DIV435722,"EDD SAHJANWA,GORAKHPUR",RDF ,OK,MU
389307000,PUFGL00811,DIV475813,"EDD KASYA, KUSHINAGAR",RDF ,RDF,ASS
391857000,FGLTD03331,DIV435732,EDD CHAURI CHAURA,RDF ,RDF,ASS
393524719,FGLTD02005,DIV435711,"EUDD TOWNHALL,GORAKHPUR",RDF ,OK,MU
395754343,PUFGL00199,DIV435731,"EDD GULHARIYA BAZAR,GORAKHPUR",RDF ,OK,MU
396236000,PUFGL00200,DIV435731,"EDD GULHARIYA BAZAR,GORAKHPUR",RDF ,RDF,ASS
397116000,FGLTD02299,DIV475812,EDD HATA,RDF ,OK,MU
397704116,FGLTD01557,DIV475932,EDD DEORIA,RDF ,P,PROV
398546000,PUFGL01061,DIV475613,EDD NAUTANWA,RDF ,RDF,ASS
399136000,PUFGL00339,DIV435721,EDD KAURIRAM,IDF,IDF,ASS
399917000,FGLTD02667,DIV475813,"EDD KASYA, KUSHINAGAR",IDF ,IDF,ASS
402426000,FGLTD03214,DIV475612,EDD I MAHARAJGANJ,RDF ,OK,MU
403246000,FGLTD03004,DIV475812,EDD HATA,IDF ,IDF,ASS
403376000,PUFGL00688,DIV475811,EDD PADRAUNA,RDF ,RDF,ASS
403837000,FGLTD02606,DIV475814,EDD SEORAHI,IDF,IDF,ASS
405327000,PUFGL00332,DIV435721,EDD KAURIRAM,RDF ,P,PROV
412385000,PUFGL00607,DIV475934,EDD SALEMPUR,IDF,IDF,ASS
413085000,PUFGL01107,DIV475614,EDD NICHLAUL,RDF ,RDF,ASS
414112000,FGLTD03278,DIV435712,"EUDD SRI GORAKHNATH,GORAKHPUR",RDF,OK,MU
416336000,PUFGL00779,DIV475812,EDD HATA,IDF ,IDF,ASS
416575000,PUFGL00828,DIV475814,EDD SEORAHI,IDF,IDF,ASS
417297000,PUFGL00837,DIV475813,"EDD KASYA, KUSHINAGAR",RDF ,OK,MU
417507000,FGLTD03090,DIV435733,EDD CAMPIEARGANJ,RDF ,RDF,ASS
419736000,PUFGL01035,DIV475613,EDD NAUTANWA,RDF ,OK,MU
422256000,FGLTD03242,DIV475812,EDD HATA,RDF ,RDF,ASS
422366000,PUFGL00836,DIV475813,"EDD KASYA, KUSHINAGAR",RDF ,OK,MU
422923018,FGLTD02667,DIV475813,"EDD KASYA, KUSHINAGAR",RDF ,RDF,ASS
423186000,FGLTD01661,DIV475814,EDD SEORAHI,IDF ,IDF,ASS
424017000,PUFGL00837,DIV475813,"EDD KASYA, KUSHINAGAR",RDF ,RDF,ASS
424256000,PUFGL00761,DIV475812,EDD HATA,RDF ,OK,MU
424538134,PUFGL00384,DIV435722,"EDD SAHJANWA,GORAKHPUR",RDF ,RDF,ASS
424636000,FGLTD03214,DIV475612,EDD I MAHARAJGANJ,RDF ,OK,MU
427267000,PUFGL00848,DIV475814,EDD SEORAHI,IDF ,IDF,ASS
428201888,PUFGL00593,DIV475934,EDD SALEMPUR,RDF ,OK,MU
430485000,FGLTD02305,DIV475814,EDD SEORAHI,IDF ,IDF,ASS
431038199,PUFGL00737,DIV475812,EDD HATA,RDF ,OK,MU
432485000,PUFGL00719,DIV475811,EDD PADRAUNA,RDF ,P,PROV
436666000,PUFGL00761,DIV475812,EDD HATA,RDF ,P,PROV
438546000,PUFGL00159,DIV435731,"EDD GULHARIYA BAZAR,GORAKHPUR",RDF ,RDF,ASS
439982326,PUFGL00894,DIV475611,EDD II ANANDNAGAR,RDF ,OK,MU
440747000,FGLTD02948,DIV475811,EDD PADRAUNA,IDF,IDF,ASS
441197000,PUFGL01132,DIV475614,EDD NICHLAUL,RDF ,OK,MU
445354000,PUFGL00705,DIV475811,EDD PADRAUNA,IDF,IDF,ASS
446908000,FGLTD02438,DIV475611,EDD II ANANDNAGAR,RDF ,OK,MU
448218000,PUFGL00760,DIV475812,EDD HATA,RDF ,RDF,ASS
452064830,FGLTD02353,DIV475614,EDD NICHLAUL,RDF ,RDF,ASS
453996000,PUFGL00764,DIV475812,EDD HATA,IDF ,IDF,ASS
454356000,FGLTD02974,DIV475614,EDD NICHLAUL,RDF,RDF,ASS
454446000,FGLTD01968,DIV475812,EDD HATA,RDF ,RDF,ASS
457987000,PUFGL01019,DIV475612,EDD I MAHARAJGANJ,IDF,IDF,ASS
458418000,PUFGL00790,DIV475812,EDD HATA,RDF ,OK,MU
461107000,PUFGL00729,DIV475812,EDD HATA,RDF ,OK,MU
464122000,FGLTD03029,DIV435713,"EUDD MOHADDIPUR,GORAKHPUR",RDF ,OK,MU
464722593,FGLTD03220,DIV475613,EDD NAUTANWA,RDF ,OK,MU
466732647,FGLTD02408,DIV475935,EDD GAURI BAZAR,RDF ,OK,MU
469567000,FGLTD02299,DIV475812,EDD HATA,RDF ,OK,MU
470356000,PUFGL00592,DIV475934,EDD SALEMPUR,RDF ,RDF,ASS
472812175,PUFGL01189,DIV475935,EDD GAURI BAZAR,RDF ,RDF,ASS
473708000,PUFGL00602,DIV475934,EDD SALEMPUR,IDF ,IDF,ASS
475076000,FGLTD03125,DIV475813,"EDD KASYA, KUSHINAGAR",RDF ,OK,MU
482647000,PUFGL00850,DIV475814,EDD SEORAHI,IDF ,IDF,ASS
482927000,PUFGL00160,DIV435731,"EDD GULHARIYA BAZAR,GORAKHPUR",RDF ,RDF,ASS
483676000,FGLTD03198,DIV475934,EDD SALEMPUR,RDF ,RDF,ASS
483875000,PUFGL00363,DIV435722,"EDD SAHJANWA,GORAKHPUR",RDF ,OK,MU
485416000,FGLTD02667,DIV475813,"EDD KASYA, KUSHINAGAR",RDF ,RDF,ASS
485776000,PUFGL01034,DIV475613,EDD NAUTANWA,RDF ,RDF,ASS
487547000,FGLTD02478,DIV475611,EDD II ANANDNAGAR,RDF ,RDF,ASS
487610567,FGLTD01962,DIV475812,EDD HATA,RDF ,RDF,NULL
499275000,PUFGL00761,DIV475812,EDD HATA,RDF,OK,MU
499677394,PUFGL00790,DIV475812,EDD HATA,RDF ,RDF,ASS
500936000,PUFGL01155,DIV475931,EDD BARHAJ,RDF ,RDF,ASS
505607000,FGLTD02305,DIV475814,EDD SEORAHI,IDF,IDF,ASS
506520991,FGLTD03116,DIV475814,EDD SEORAHI,IDF ,IDF,ASS
508126000,PUFGL01209,DIV475935,EDD GAURI BAZAR,RDF ,RDF,ASS
509034678,PUFGL00493,DIV475932,EDD DEORIA,RDF ,RDF,ASS
510596000,PUFGL00721,DIV475811,EDD PADRAUNA,IDF ,IDF,ASS
510675000,FGLTD02305,DIV475814,EDD SEORAHI,IDF ,IDF,ASS
512575000,PUFGL00844,DIV475814,EDD SEORAHI,IDF ,IDF,ASS
512954575,PUFGL00548,DIV475934,EDD SALEMPUR,RDF ,RDF,ASS
513097000,PUFGL00790,DIV475812,EDD HATA,RDF ,RDF,ASS
518687000,FGLTD01511,DIV475935,EDD GAURI BAZAR,RDF ,RDF,ASS
518937000,FGLTD01264,DIV475612,EDD I MAHARAJGANJ,RDF ,P,PROV
521468024,FGLTD01588,DIV475613,EDD NAUTANWA,RDF ,P,PROV
524116133,PUFGL00333,DIV435721,EDD KAURIRAM,RDF ,OK,MU
529807000,PUFGL00462,DIV475931,EDD BARHAJ,IDF ,IDF,ASS
530177000,FGLTD02308,DIV475814,EDD SEORAHI,IDF ,IDF,ASS
530485000,FGLTD02308,DIV475814,EDD SEORAHI,IDF ,IDF,ASS
530526390,PUFGL00706,DIV475811,EDD PADRAUNA,RDF ,RDF,ASS
531546000,PUFGL00843,DIV475814,EDD SEORAHI,IDF ,IDF,ASS
532584700,PUFGL00562,DIV475934,EDD SALEMPUR,RDF ,RDF,ASS
533070763,FGLTD02667,DIV475813,"EDD KASYA, KUSHINAGAR",RDF ,RDF,ASS
533698149,PUFGL00837,DIV475813,"EDD KASYA, KUSHINAGAR",RDF ,OK,MU
533987000,PUFGL00923,DIV475612,EDD I MAHARAJGANJ,RDF ,RDF,ASS
542146000,PUFGL00671,DIV475811,EDD PADRAUNA,IDF,IDF,ASS
542454000,PUFGL00715,DIV475811,EDD PADRAUNA,IDF ,IDF,ASS
543097000,PUFGL00126,DIV435732,EDD CHAURI CHAURA,RDF ,RDF,ASS
543574967,FGLTD03203,DIV475813,"EDD KASYA, KUSHINAGAR",IDF ,IDF,ASS
545057000,PUFGL00961,DIV475612,EDD I MAHARAJGANJ,RDF ,RDF,ASS
548075000,PUFGL00584,DIV475934,EDD SALEMPUR,RDF ,RDF,ASS
549343407,PUFGL00716,DIV475811,EDD PADRAUNA,RDF ,OK,MU
550384490,FGLTD02612,DIV475812,EDD HATA,RDF ,OK,MU
552557891,PUFGL00901,DIV475611,EDD II ANANDNAGAR,RDF ,RDF,ASS
553933733,FGLTD02979,DIV435733,EDD CAMPIEARGANJ,RDF ,RDF,ASS
554336000,PUFGL01208,DIV475935,EDD GAURI BAZAR,RDF ,OK,MU
554955000,PUFGL00848,DIV475814,EDD SEORAHI,IDF ,IDF,ASS
557177000,PUFGL00587,DIV475934,EDD SALEMPUR,RDF ,RDF,ASS
557636000,PUFGL00584,DIV475934,EDD SALEMPUR,RDF ,RDF,ASS
559396000,PUFGL00843,DIV475814,EDD SEORAHI,IDF ,IDF,ASS
560207000,PUFGL00564,DIV475934,EDD SALEMPUR,RDF ,RDF,ASS
562818000,PUFGL00687,DIV475811,EDD PADRAUNA,IDF ,IDF,ASS
564122000,FGLTD03278,DIV435712,"EUDD SRI GORAKHNATH,GORAKHPUR",RDF ,OK,MU
565927000,PUFGL00366,DIV435722,"EDD SAHJANWA,GORAKHPUR",RDF ,P,PROV
566448145,PUFGL01034,DIV475613,EDD NAUTANWA,RDF ,RDF,ASS
568597684,FGLTD02662,DIV475813,"EDD KASYA, KUSHINAGAR",RDF ,OK,MU
569187000,PUFGL01124,DIV475614,EDD NICHLAUL,RDF ,OK,MU
569235393,FGLTD02371,DIV435722,"EDD SAHJANWA,GORAKHPUR",RDF ,P,PROV
570539092,FGLTD02471,DIV475814,EDD SEORAHI,IDF ,IDF,ASS
571207000,FGLTD02606,DIV475814,EDD SEORAHI,IDF ,IDF,ASS
571339881,PUFGL00763,DIV475812,EDD HATA,IDF ,IDF,ASS
571632464,FGLTD02438,DIV475611,EDD II ANANDNAGAR,RDF ,P,PROV
572418000,PUFGL00421,DIV435722,"EDD SAHJANWA,GORAKHPUR",RDF,RDF,ASS
573765000,FGLTD02738,DIV435733,EDD CAMPIEARGANJ,IDF,IDF,ASS
574315497,PUFGL00353,DIV435721,EDD KAURIRAM,RDF ,RDF,ASS
576118000,PUFGL00704,DIV475811,EDD PADRAUNA,IDF ,IDF,ASS
576236000,FGLTD03114,DIV475814,EDD SEORAHI,IDF ,IDF,ASS
576385000,PUFGL00843,DIV475814,EDD SEORAHI,IDF,IDF,ASS
576597000,FGLTD01671,DIV475814,EDD SEORAHI,IDF,IDF,ASS
579597000,PUFGL00421,DIV435722,"EDD SAHJANWA,GORAKHPUR",RDF ,RDF,ASS
583997000,PUFGL00555,DIV475934,EDD SALEMPUR,RDF ,OK,MU
585088334,FGLTD02570,DIV435732,EDD CHAURI CHAURA,RDF ,BR,MU
588186000,FGLTD03294,DIV475814,EDD SEORAHI,IDF ,IDF,ASS
588657000,PUFGL00325,DIV435721,EDD KAURIRAM,RDF ,P,PROV
589186000,FGLTD03289,DIV475814,EDD SEORAHI,IDF ,IDF,ASS
589477000,PUFGL01024,DIV475612,EDD I MAHARAJGANJ,IDF ,IDF,ASS
589910082,PUFGL00450,DIV475931,EDD BARHAJ,RDF ,RDF,ASS
594457000,FGLTD03214,DIV475612,EDD I MAHARAJGANJ,RDF ,OK,MU
594487000,FGLTD02753,DIV475811,EDD PADRAUNA,IDF ,IDF,ASS
594607000,FGLTD01654,DIV475814,EDD SEORAHI,IDF ,IDF,NULL
594737000,FGLTD02215,DIV435721,EDD KAURIRAM,RDF ,P,PROV
596285000,PUFGL00194,DIV435731,"EDD GULHARIYA BAZAR,GORAKHPUR",RDF ,RDF,ASS
596375000,FGLTD03204,DIV475813,"EDD KASYA, KUSHINAGAR",RDF,RDF,ASS
596916000,FGLTD02612,DIV475812,EDD HATA,RDF ,OK,MU
597666000,FGLTD03004,DIV475812,EDD HATA,IDF ,IDF,ASS
598557000,PUFGL00764,DIV475812,EDD HATA,IDF,IDF,ASS
599962701,PUFGL00764,DIV475812,EDD HATA,IDF ,IDF,ASS
599995000,FGLTD02305,DIV475814,EDD SEORAHI,IDF ,IDF,ASS
601717000,PUFGL00592,DIV475934,EDD SALEMPUR,RDF ,RDF,ASS
604656000,FGLTD02738,DIV435733,EDD CAMPIEARGANJ,IDF ,IDF,ASS
607507000,FGLTD01661,DIV475814,EDD SEORAHI,IDF ,IDF,ASS
611167000,PUFGL00687,DIV475811,EDD PADRAUNA,IDF ,IDF,ASS
611217000,PUFGL00836,DIV475813,"EDD KASYA, KUSHINAGAR",RDF ,OK,MU
611616000,FGLTD02667,DIV475813,"EDD KASYA, KUSHINAGAR",IDF ,IDF,ASS
612766000,PUFGL01122,DIV475612,EDD I MAHARAJGANJ,RDF ,P,PROV
614986000,PUFGL00990,DIV475612,EDD I MAHARAJGANJ,RDF ,RDF,ASS
616040250,FGLTD02460,DIV475932,EDD DEORIA,RDF ,P,PROV
616275828,PUFGL00492,DIV475932,EDD DEORIA,RDF ,RDF,ASS
619008000,PUFGL00168,DIV435731,"EDD GULHARIYA BAZAR,GORAKHPUR",RDF ,OK,MU
620612900,PUFGL01130,DIV475614,EDD NICHLAUL,RDF ,OK,MU
620717000,FGLTD01806,DIV475934,EDD SALEMPUR,IDF ,IDF,NULL
623096000,PUFGL00617,DIV475935,EDD GAURI BAZAR,RDF,RDF,ASS
625905747,PUFGL00845,DIV475814,EDD SEORAHI,IDF ,IDF,ASS
626387000,PUFGL00305,DIV435723,EDD SHIKARIGANJ,RDF ,P,NULL
629157000,FGLTD02753,DIV475811,EDD PADRAUNA,RDF ,RDF,ASS
630851467,PUFGL00585,DIV475934,EDD SALEMPUR,RDF ,OK,MU
631636715,PUFGL00609,DIV475935,EDD GAURI BAZAR,RDF ,OK,MU
637656000,FGLTD01671,DIV475814,EDD SEORAHI,IDF,IDF,ASS
639007000,PUFGL00584,DIV475934,EDD SALEMPUR,RDF ,RDF,ASS
641957000,PUFGL00833,DIV475813,"EDD KASYA, KUSHINAGAR",RDF ,OK,MU
643746000,PUFGL00682,DIV475811,EDD PADRAUNA,IDF ,IDF,ASS
643987488,FGLTD01876,DIV435714,"EUDD RAPTINAGAR,GORAKHPUR",RDF ,OK,MU
647237000,PUFGL00476,DIV475932,EDD DEORIA,RDF ,P,PROV
649696000,PUFGL00428,DIV435722,"EDD SAHJANWA,GORAKHPUR",RDF ,OK,MU
653616000,FGLTD01654,DIV475814,EDD SEORAHI,IDF ,IDF,ASS
653880721,PUFGL00257,DIV435733,EDD CAMPIEARGANJ,IDF ,IDF,ASS
654229580,PUFGL00584,DIV475934,EDD SALEMPUR,RDF ,OK,MU
656077000,FGLTD03116,DIV475814,EDD SEORAHI,IDF ,IDF,ASS
657557000,PUFGL00733,DIV475812,EDD HATA,RDF ,RDF,ASS
659667000,PUFGL01063,DIV475613,EDD NAUTANWA,RDF ,RDF,ASS
659685000,PUFGL00592,DIV475934,EDD SALEMPUR,RDF ,RDF,ASS
660916000,PUFGL00901,DIV475611,EDD II ANANDNAGAR,RDF ,RDF,ASS
661227000,PUFGL00159,DIV435731,"EDD GULHARIYA BAZAR,GORAKHPUR",RDF ,OK,MU
661557000,FGLTD01773,DIV475814,EDD SEORAHI,RDF ,P,PROV
662624465,PUFGL00512,DIV475932,EDD DEORIA,RDF ,P,PROV
664118000,PUFGL00844,DIV475814,EDD SEORAHI,IDF,IDF,ASS
668647000,PUFGL00715,DIV475811,EDD PADRAUNA,RDF ,RDF,ASS
668875000,FGLTD02820,DIV475613,EDD NAUTANWA,RDF ,RDF,ASS
669286000,PUFGL00261,DIV435733,EDD CAMPIEARGANJ,RDF ,RDF,ASS
671530712,FGLTD03292,DIV475814,EDD SEORAHI,RDF ,RDF,NULL
671976000,PUFGL00635,DIV475935,EDD GAURI BAZAR,RDF ,OK,MU
673707000,PUFGL01044,DIV475613,EDD NAUTANWA,RDF ,OK,MU
675286000,PUFGL00877,DIV475611,EDD II ANANDNAGAR,RDF ,OK,MU
675385000,FGLTD02918,DIV435733,EDD CAMPIEARGANJ,RDF ,RDF,ASS
675686000,PUFGL01041,DIV475613,EDD NAUTANWA,RDF,RDF,ASS
676176866,FGLTD03116,DIV475814,EDD SEORAHI,IDF ,IDF,ASS
677336000,PUFGL00729,DIV475812,EDD HATA,RDF ,OK,MU
677353963,FGLTD02366,DIV435711,"EUDD TOWNHALL,GORAKHPUR",RDF ,BR,MU
677857000,PUFGL01112,DIV475614,EDD NICHLAUL,RDF ,OK,MU
678921822,PUFGL00895,DIV475611,EDD II ANANDNAGAR,RDF ,OK,MU
683476000,PUFGL00760,DIV475812,EDD HATA,RDF ,P,PROV
683955588,PUFGL00427,DIV435722,"EDD SAHJANWA,GORAKHPUR",RDF ,OK,MU
684417000,PUFGL00376,DIV435722,"EDD SAHJANWA,GORAKHPUR",RDF ,P,PROV
685888893,FGLTD01549,DIV475932,EDD DEORIA,RDF ,RDF,ASS
686197773,PUFGL01218,DIV475935,EDD GAURI BAZAR,RDF ,OK,MU
686457000,FGLTD01661,DIV475814,EDD SEORAHI,IDF ,IDF,ASS
687508000,FGLTD02460,DIV475932,EDD DEORIA,RDF,P,PROV
689977282,FGLTD02400,DIV475935,EDD GAURI BAZAR,RDF ,OK,MU
691265000,PUFGL00886,DIV475611,EDD II ANANDNAGAR,RDF,OK,MU
691336000,PUFGL00964,DIV475612,EDD I MAHARAJGANJ,RDF ,RDF,ASS
691967000,PUFGL00704,DIV475811,EDD PADRAUNA,IDF ,IDF,ASS
692367000,FGLTD01661,DIV475814,EDD SEORAHI,IDF ,IDF,ASS
694008533,PUFGL00811,DIV475813,"EDD KASYA, KUSHINAGAR",RDF ,RDF,ASS
696497000,PUFGL00584,DIV475934,EDD SALEMPUR,RDF,RDF,ASS
696515107,PUFGL00723,DIV475811,EDD PADRAUNA,RDF ,RDF,ASS
697731458,FGLTD02238,DIV475932,EDD DEORIA,RDF ,RDF,ASS
698718000,PUFGL00687,DIV475811,EDD PADRAUNA,IDF ,IDF,ASS
698817770,FGLTD02307,DIV475814,EDD SEORAHI,IDF ,IDF,ASS
703337000,PUFGL00587,DIV475934,EDD SALEMPUR,RDF ,RDF,ASS
704417000,PUFGL00848,DIV475814,EDD SEORAHI,IDF ,IDF,ASS
706236000,PUFGL01189,DIV475935,EDD GAURI BAZAR,RDF ,OK,MU
706596000,FGLTD02667,DIV475813,"EDD KASYA, KUSHINAGAR",RDF,RDF,ASS
712177000,PUFGL00920,DIV475612,EDD I MAHARAJGANJ,RDF ,OK,MU
712266000,PUFGL01039,DIV475613,EDD NAUTANWA,RDF ,OK,MU
713686000,FGLTD02667,DIV475813,"EDD KASYA, KUSHINAGAR",IDF,IDF,ASS
714007366,PUFGL00246,DIV435733,EDD CAMPIEARGANJ,RDF ,OK,MU
716285000,PUFGL00592,DIV475934,EDD SALEMPUR,RDF,RDF,ASS
717718000,FGLTD02667,DIV475813,"EDD KASYA, KUSHINAGAR",RDF ,RDF,ASS
719339206,PUFGL00830,DIV475813,"EDD KASYA, KUSHINAGAR",RDF ,OK,MU
719607000,FGLTD03074,DIV475812,EDD HATA,IDF ,IDF,ASS
719875000,FGLTD03310,DIV475613,EDD NAUTANWA,RDF ,OK,CEIL
720916881,PUFGL00427,DIV435722,"EDD SAHJANWA,GORAKHPUR",RDF ,OK,MU
722146331,FGLTD01604,DIV475811,EDD PADRAUNA,RDF ,P,PROV
724017000,FGLTD03118,DIV475814,EDD SEORAHI,IDF ,IDF,ASS
724042785,PUFGL01054,DIV475613,EDD NAUTANWA,RDF,RDF,ASS
724226000,PUFGL00633,DIV475935,EDD GAURI BAZAR,RDF ,IDF,ASS
724556000,PUFGL00686,DIV475811,EDD PADRAUNA,RDF ,P,PROV
724957971,PUFGL00701,DIV475811,EDD PADRAUNA,RDF,OK,MU
726047000,FGLTD01883,DIV435721,EDD KAURIRAM,RDF,RDF,ASS
727008000,FGLTD01968,DIV475812,EDD HATA,IDF ,IDF,ASS
728908741,FGLTD01579,DIV475611,EDD II ANANDNAGAR,RDF ,RDF,ASS
731047368,FGLTD01757,DIV435712,"EUDD SRI GORAKHNATH,GORAKHPUR",RDF ,RDF,ASS
731376797,PUFGL00847,DIV475814,EDD SEORAHI,RDF ,OK,CEIL
731485000,PUFGL00848,DIV475814,EDD SEORAHI,IDF ,IDF,ASS
732336000,FGLTD01661,DIV475814,EDD SEORAHI,IDF,IDF,ASS
732657000,FGLTD02982,DIV435733,EDD CAMPIEARGANJ,RDF ,OK,MU
737526000,PUFGL00576,DIV475934,EDD SALEMPUR,RDF ,RDF,ASS
738897000,PUFGL00894,DIV475611,EDD II ANANDNAGAR,RDF ,OK,MU
739354000,PUFGL00701,DIV475811,EDD PADRAUNA,RDF ,RDF,ASS
739865000,PUFGL00355,DIV435721,EDD KAURIRAM,RDF ,RDF,ASS
740266000,PUFGL00295,DIV435723,EDD SHIKARIGANJ,RDF ,RDF,ASS
740903938,FGLTD02612,DIV475812,EDD HATA,RDF,RDF,ASS
741567000,FGLTD01579,DIV475611,EDD II ANANDNAGAR,RDF ,OK,MU
742077000,PUFGL00574,DIV475934,EDD SALEMPUR,RDF ,RDF,ASS
742377963,PUFGL01047,DIV475613,EDD NAUTANWA,RDF ,OK,MU
742682344,PUFGL00565,DIV475934,EDD SALEMPUR,RDF ,RDF,ASS
742707000,PUFGL00246,DIV435733,EDD CAMPIEARGANJ,RDF ,OK,MU
743690751,FGLTD02313,DIV435732,EDD CHAURI CHAURA,RDF ,OK,MU
744416000,FGLTD03229,DIV475813,"EDD KASYA, KUSHINAGAR",RDF ,RDF,ASS
747297000,FGLTD03122,DIV475813,"EDD KASYA, KUSHINAGAR",RDF,RDF,ASS
748518000,PUFGL00843,DIV475814,EDD SEORAHI,IDF,IDF,ASS
750526000,FGLTD03116,DIV475814,EDD SEORAHI,IDF ,IDF,ASS
750747000,PUFGL00919,DIV475612,EDD I MAHARAJGANJ,RDF ,RDF,ASS
751869643,FGLTD01815,DIV435711,"EUDD TOWNHALL,GORAKHPUR",RDF ,OK,MU
752186000,PUFGL00843,DIV475814,EDD SEORAHI,IDF ,IDF,ASS
753167000,PUFGL00515,DIV475932,EDD DEORIA,RDF ,P,PROV
753996000,PUFGL01051,DIV475613,EDD NAUTANWA,RDF ,RDF,ASS
754187617,PUFGL00330,DIV435721,EDD KAURIRAM,RDF ,P,PROV
755656000,FGLTD02667,DIV475813,"EDD KASYA, KUSHINAGAR",RDF ,RDF,ASS
755677000,PUFGL00629,DIV475935,EDD GAURI BAZAR,RDF ,OK,MU
758526000,PUFGL00919,DIV475612,EDD I MAHARAJGANJ,RDF ,OK,MU
760597000,PUFGL00843,DIV475814,EDD SEORAHI,IDF ,IDF,ASS
760987000,PUFGL00606,DIV475934,EDD SALEMPUR,RDF ,RDF,ASS
761085000,FGLTD02305,DIV475814,EDD SEORAHI,IDF ,IDF,ASS
765716000,PUFGL00606,DIV475934,EDD SALEMPUR,IDF ,IDF,ASS
766216000,FGLTD01340,DIV435732,EDD CHAURI CHAURA,RDF ,OK,MU
769208000,PUFGL00814,DIV475813,"EDD KASYA, KUSHINAGAR",RDF ,RDF,ASS
771467000,FGLTD03310,DIV475613,EDD NAUTANWA,RDF ,RDF,ASS
772217760,PUFGL00437,DIV435722,"EDD SAHJANWA,GORAKHPUR",RDF ,RDF,ASS
772227000,FGLTD03289,DIV475814,EDD SEORAHI,IDF ,IDF,ASS
772784490,PUFGL00427,DIV435722,"EDD SAHJANWA,GORAKHPUR",RDF ,OK,MU
772785000,PUFGL00582,DIV475934,EDD SALEMPUR,RDF ,RDF,ASS
774426000,PUFGL00979,DIV475612,EDD I MAHARAJGANJ,RDF,RDF,ASS
776408000,PUFGL00355,DIV435721,EDD KAURIRAM,RDF ,P,PROV
776908000,PUFGL00826,DIV475813,"EDD KASYA, KUSHINAGAR",RDF,RDF,ASS
777247000,FGLTD03116,DIV475814,EDD SEORAHI,IDF,IDF,ASS
779317000,PUFGL01003,DIV475612,EDD I MAHARAJGANJ,RDF ,P,PROV
779536464,PUFGL01207,DIV475935,EDD GAURI BAZAR,RDF ,OK,MU
780867000,FGLTD02296,DIV475812,EDD HATA,RDF ,RDF,ASS
782955000,PUFGL00844,DIV475814,EDD SEORAHI,IDF,IDF,ASS
783267000,PUFGL00843,DIV475814,EDD SEORAHI,IDF ,IDF,ASS
783837000,FGLTD03118,DIV475814,EDD SEORAHI,IDF ,IDF,ASS
784408000,PUFGL00760,DIV475812,EDD HATA,RDF ,P,PROV
784497000,PUFGL00343,DIV435721,EDD KAURIRAM,RDF ,P,PROV
787997000,FGLTD02662,DIV475813,"EDD KASYA, KUSHINAGAR",RDF ,OK,MU
788589733,PUFGL00830,DIV475813,"EDD KASYA, KUSHINAGAR",RDF ,OK,MU
788835011,PUFGL01042,DIV475613,EDD NAUTANWA,RDF ,P,PROV
788921302,FGLTD02410,DIV475932,EDD DEORIA,RDF ,P,PROV
789601996,PUFGL00162,DIV435731,"EDD GULHARIYA BAZAR,GORAKHPUR",RDF ,P,PROV
791865000,FGLTD01661,DIV475814,EDD SEORAHI,IDF ,IDF,ASS
791904696,FGLTD01808,DIV475934,EDD SALEMPUR,RDF ,RDF,ASS
792012000,FGLTD02324,DIV435711,"EUDD TOWNHALL,GORAKHPUR",RDF ,OK,MU
792260433,PUFGL00620,DIV475935,EDD GAURI BAZAR,RDF ,RDF,ASS
793463000,FGLTD02238,DIV475932,EDD DEORIA,RDF ,RDF,ASS
798516000,PUFGL00589,DIV475934,EDD SALEMPUR,RDF,RDF,ASS
798865000,FGLTD02738,DIV435733,EDD CAMPIEARGANJ,IDF,IDF,ASS
804747000,PUFGL00760,DIV475812,EDD HATA,IDF ,IDF,ASS
805087000,PUFGL00257,DIV435733,EDD CAMPIEARGANJ,IDF ,IDF,ASS
805886000,PUFGL00572,DIV475934,EDD SALEMPUR,RDF ,RDF,ASS
806708866,PUFGL00824,DIV475813,"EDD KASYA, KUSHINAGAR",RDF ,OK,MU
806837000,FGLTD01661,DIV475814,EDD SEORAHI,IDF ,IDF,ASS
806867000,FGLTD02239,DIV475935,EDD GAURI BAZAR,RDF ,OK,MU
808646000,FGLTD02667,DIV475813,"EDD KASYA, KUSHINAGAR",RDF ,RDF,ASS
809065000,PUFGL01032,DIV475613,EDD NAUTANWA,RDF,RDF,ASS
809634420,FGLTD02821,DIV475614,EDD NICHLAUL,RDF ,OK,MU
809904622,FGLTD02913,DIV475813,"EDD KASYA, KUSHINAGAR",RDF ,RDF,ASS
810559636,PUFGL00539,DIV475934,EDD SALEMPUR,RDF ,RDF,ASS
811037000,FGLTD02979,DIV435733,EDD CAMPIEARGANJ,RDF ,OK,MU
815085000,PUFGL00802,DIV475813,"EDD KASYA, KUSHINAGAR",RDF ,RDF,ASS
816427000,PUFGL01019,DIV475612,EDD I MAHARAJGANJ,RDF ,OK,MU
816576000,PUFGL00864,DIV475611,EDD II ANANDNAGAR,RDF ,BR,MU
817296000,PUFGL00249,DIV435733,EDD CAMPIEARGANJ,RDF ,RDF,ASS
818667000,PUFGL00600,DIV475934,EDD SALEMPUR,RDF ,RDF,ASS
820277000,PUFGL00876,DIV475611,EDD II ANANDNAGAR,RDF ,OK,CEIL
822765960,PUFGL00180,DIV435731,"EDD GULHARIYA BAZAR,GORAKHPUR",RDF ,OK,MU
823705177,PUFGL00375,DIV435722,"EDD SAHJANWA,GORAKHPUR",RDF ,RDF,ASS
824182189,PUFGL00844,DIV475814,EDD SEORAHI,IDF ,IDF,ASS
824616000,FGLTD02305,DIV475814,EDD SEORAHI,IDF,IDF,ASS
824656000,FGLTD02471,DIV475814,EDD SEORAHI,IDF ,IDF,ASS
826236000,PUFGL00844,DIV475814,EDD SEORAHI,IDF ,IDF,ASS
827067000,FGLTD01188,DIV475813,"EDD KASYA, KUSHINAGAR",RDF ,RDF,ASS
827176000,PUFGL00259,DIV435733,EDD CAMPIEARGANJ,RDF ,RDF,ASS
829257596,PUFGL00884,DIV475611,EDD II ANANDNAGAR,RDF ,OK,MU
831772534,PUFGL01125,DIV475614,EDD NICHLAUL,RDF ,RDF,ASS
832975000,PUFGL00887,DIV475611,EDD II ANANDNAGAR,RDF ,OK,MU
834546000,PUFGL00826,DIV475813,"EDD KASYA, KUSHINAGAR",RDF ,RDF,ASS
835796000,FGLTD02471,DIV475814,EDD SEORAHI,IDF,IDF,ASS
840336000,PUFGL00971,DIV475612,EDD I MAHARAJGANJ,RDF ,RDF,ASS
840417000,FGLTD03116,DIV475814,EDD SEORAHI,IDF ,IDF,ASS
841586000,PUFGL00792,DIV475812,EDD HATA,RDF ,P,PROV
843427000,FGLTD02460,DIV475932,EDD DEORIA,RDF ,P,PROV
846493650,FGLTD02676,DIV475611,EDD II ANANDNAGAR,RDF ,OK,MU
848668747,PUFGL00353,DIV435721,EDD KAURIRAM,RDF ,OK,MU
848711233,PUFGL00704,DIV475811,EDD PADRAUNA,IDF ,IDF,ASS
850036264,PUFGL00593,DIV475934,EDD SALEMPUR,RDF ,RDF,ASS
850736000,PUFGL00811,DIV475813,"EDD KASYA, KUSHINAGAR",RDF ,RDF,ASS
850765000,FGLTD01773,DIV475814,EDD SEORAHI,IDF ,IDF,ASS
851476000,PUFGL00607,DIV475934,EDD SALEMPUR,RDF ,RDF,ASS
852492453,PUFGL00250,DIV435733,EDD CAMPIEARGANJ,IDF,IDF,ASS
852513882,PUFGL00617,DIV475935,EDD GAURI BAZAR,RDF ,BR,MU
852846000,FGLTD03398,DIV435722,"EDD SAHJANWA,GORAKHPUR",RDF ,P,PROV
853765000,PUFGL00850,DIV475814,EDD SEORAHI,IDF ,IDF,ASS
854050172,PUFGL00687,DIV475811,EDD PADRAUNA,IDF ,IDF,ASS
855866000,PUFGL00117,DIV435732,EDD CHAURI CHAURA,RDF ,OK,MU
857476000,FGLTD03004,DIV475812,EDD HATA,IDF ,IDF,ASS
858737000,PUFGL00844,DIV475814,EDD SEORAHI,IDF,IDF,ASS
862527000,PUFGL00607,DIV475934,EDD SALEMPUR,RDF ,RDF,ASS
862601507,FGLTD03111,DIV435711,"EUDD TOWNHALL,GORAKHPUR",RDF ,RDF,ASS
863187000,FGLTD03099,DIV475932,EDD DEORIA,RDF ,OK,MU
863947403,FGLTD01760,DIV435711,"EUDD TOWNHALL,GORAKHPUR",RDF ,RDF,ASS
868108190,PUFGL00491,DIV475932,EDD DEORIA,RDF ,RDF,ASS
868112000,FGLTD01760,DIV435711,"EUDD TOWNHALL,GORAKHPUR",RDF ,P,PROV
869702000,FGLTD02157,DIV435711,"EUDD TOWNHALL,GORAKHPUR",RDF ,OK,MU
869815525,PUFGL00444,DIV475931,EDD BARHAJ,RDF ,OK,MU
869832260,FGLTD01761,DIV435713,"EUDD MOHADDIPUR,GORAKHPUR",RDF,OK,MU
870165000,PUFGL00749,DIV475812,EDD HATA,RDF ,P,PROV
872107000,PUFGL00894,DIV475611,EDD II ANANDNAGAR,RDF ,OK,MU
872237110,PUFGL00706,DIV475811,EDD PADRAUNA,IDF,IDF,ASS
873755131,PUFGL00848,DIV475814,EDD SEORAHI,RDF ,RDF,ASS
874416000,FGLTD03229,DIV475813,"EDD KASYA, KUSHINAGAR",RDF,RDF,ASS
877417000,PUFGL01144,DIV475614,EDD NICHLAUL,RDF ,RDF,ASS
879585000,PUFGL00481,DIV475932,EDD DEORIA,RDF ,OK,MU
884376000,PUFGL00194,DIV435731,"EDD GULHARIYA BAZAR,GORAKHPUR",RDF ,RDF,ASS
886847000,FGLTD03191,DIV475932,EDD DEORIA,RDF ,RDF,ASS
887286000,FGLTD02902,DIV475812,EDD HATA,IDF,IDF,ASS
888716000,PUFGL00760,DIV475812,EDD HATA,IDF ,IDF,ASS
889463081,PUFGL00481,DIV475932,EDD DEORIA,RDF,RDF,ASS
890046674,PUFGL00737,DIV475812,EDD HATA,RDF ,OK,MU
891955000,FGLTD02606,DIV475814,EDD SEORAHI,IDF ,IDF,ASS
892587000,FGLTD01188,DIV475813,"EDD KASYA, KUSHINAGAR",IDF ,IDF,ASS
892737000,PUFGL00379,DIV435722,"EDD SAHJANWA,GORAKHPUR",IDF ,IDF,ASS
894367000,FGLTD01519,DIV475935,EDD GAURI BAZAR,RDF ,OK,MU
896046000,FGLTD03116,DIV475814,EDD SEORAHI,IDF,IDF,ASS
896508000,FGLTD03101,DIV475932,EDD DEORIA,RDF ,RDF,ASS
896997000,PUFGL00823,DIV475813,"EDD KASYA, KUSHINAGAR",RDF ,RDF,ASS
897236000,FGLTD01661,DIV475814,EDD SEORAHI,IDF,IDF,ASS
900147000,PUFGL01019,DIV475612,EDD I MAHARAJGANJ,IDF,IDF,ASS
900286000,FGLTD03118,DIV475814,EDD SEORAHI,IDF ,IDF,ASS
903439490,PUFGL00123,DIV435732,EDD CHAURI CHAURA,RDF ,OK,MU
905987000,PUFGL00894,DIV475611,EDD II ANANDNAGAR,RDF ,OK,MU
907327000,FGLTD02979,DIV435733,EDD CAMPIEARGANJ,RDF ,P,PROV
907375000,PUFGL00659,DIV475811,EDD PADRAUNA,RDF ,RDF,ASS
907927000,PUFGL00568,DIV475934,EDD SALEMPUR,RDF ,OK,MU
909836000,FGLTD02667,DIV475813,"EDD KASYA, KUSHINAGAR",RDF ,RDF,ASS
911016034,PUFGL00534,DIV475934,EDD SALEMPUR,RDF ,P,PROV
911066031,PUFGL00585,DIV475934,EDD SALEMPUR,RDF ,RDF,ASS
911536000,PUFGL00487,DIV475932,EDD DEORIA,RDF ,OK,MU
912630228,FGLTD02471,DIV475814,EDD SEORAHI,IDF ,IDF,ASS
912669323,PUFGL00253,DIV435733,EDD CAMPIEARGANJ,RDF ,OK,MU
912767000,FGLTD02662,DIV475813,"EDD KASYA, KUSHINAGAR",RDF ,RDF,ASS
913960616,PUFGL00521,DIV475934,EDD SALEMPUR,RDF ,RDF,ASS
914296000,PUFGL00412,DIV435722,"EDD SAHJANWA,GORAKHPUR",RDF ,BR,MU
914343950,PUFGL00732,DIV475812,EDD HATA,RDF ,OK,MU
915501053,PUFGL00833,DIV475813,"EDD KASYA, KUSHINAGAR",RDF ,OK,MU
917018951,PUFGL01130,DIV475614,EDD NICHLAUL,RDF ,RDF,ASS
917607000,FGLTD02178,DIV475934,EDD SALEMPUR,RDF ,RDF,ASS
921516269,FGLTD02305,DIV475814,EDD SEORAHI,IDF ,IDF,ASS
922334827,PUFGL00704,DIV475811,EDD PADRAUNA,RDF ,OK,MU
924597000,PUFGL00849,DIV475814,EDD SEORAHI,IDF ,IDF,ASS
927427000,PUFGL01008,DIV475612,EDD I MAHARAJGANJ,RDF ,OK,MU
927903185,PUFGL00843,DIV475814,EDD SEORAHI,IDF ,IDF,ASS
930009227,PUFGL01132,DIV475614,EDD NICHLAUL,RDF ,OK,MU
930275000,FGLTD02305,DIV475814,EDD SEORAHI,IDF,IDF,ASS
931697000,FGLTD01806,DIV475934,EDD SALEMPUR,RDF ,RDF,ASS
932165432,FGLTD01183,DIV475813,"EDD KASYA, KUSHINAGAR",IDF,IDF,ASS
933087000,FGLTD01592,DIV475812,EDD HATA,IDF ,IDF,ASS
933177000,FGLTD03294,DIV475814,EDD SEORAHI,IDF ,IDF,ASS
934557606,FGLTD01283,DIV475935,EDD GAURI BAZAR,RDF ,OK,MU
936475000,FGLTD01883,DIV435721,EDD KAURIRAM,RDF ,P,PROV
937316000,FGLTD02081,DIV475812,EDD HATA,RDF ,P,PROV
937407000,PUFGL00587,DIV475934,EDD SALEMPUR,RDF ,RDF,ASS
939649919,PUFGL00844,DIV475814,EDD SEORAHI,IDF,IDF,ASS
940375000,FGLTD02695,DIV475811,EDD PADRAUNA,IDF ,IDF,ASS
941657000,PUFGL00760,DIV475812,EDD HATA,IDF ,IDF,ASS
943499978,FGLTD02314,DIV435732,EDD CHAURI CHAURA,RDF ,BR,MU
943757000,FGLTD02438,DIV475611,EDD II ANANDNAGAR,RDF ,P,PROV
944974384,PUFGL00877,DIV475611,EDD II ANANDNAGAR,RDF ,OK,MU
945527000,PUFGL00592,DIV475934,EDD SALEMPUR,RDF ,RDF,ASS
945687000,PUFGL00584,DIV475934,EDD SALEMPUR,RDF,RDF,ASS
946236000,FGLTD02389,DIV475814,EDD SEORAHI,IDF ,IDF,ASS
946457000,FGLTD02658,DIV435731,"EDD GULHARIYA BAZAR,GORAKHPUR",RDF ,RDF,ASS
950787000,FGLTD01661,DIV475814,EDD SEORAHI,IDF ,IDF,ASS
952080998,FGLTD02147,DIV475614,EDD NICHLAUL,RDF,OK,MU
953376000,FGLTD02197,DIV435731,"EDD GULHARIYA BAZAR,GORAKHPUR",RDF ,RDF,ASS
956917000,FGLTD02239,DIV475935,EDD GAURI BAZAR,RDF ,RDF,ASS
960273347,FGLTD03289,DIV475814,EDD SEORAHI,IDF ,IDF,ASS
960516000,FGLTD01606,DIV475811,EDD PADRAUNA,RDF ,P,PROV
963967923,FGLTD02223,DIV435723,EDD SHIKARIGANJ,RDF ,OK,MU
965037000,FGLTD02305,DIV475814,EDD SEORAHI,IDF ,IDF,ASS
965708000,FGLTD02808,DIV475934,EDD SALEMPUR,IDF ,IDF,ASS
967630265,FGLTD02305,DIV475814,EDD SEORAHI,IDF ,IDF,ASS
967674021,PUFGL01214,DIV475935,EDD GAURI BAZAR,RDF ,RDF,ASS
969518000,FGLTD02305,DIV475814,EDD SEORAHI,IDF ,IDF,ASS
970107000,FGLTD01972,DIV475812,EDD HATA,RDF ,P,PROV
970197000,PUFGL00923,DIV475612,EDD I MAHARAJGANJ,RDF ,RDF,ASS
971546912,PUFGL00257,DIV435733,EDD CAMPIEARGANJ,IDF,IDF,ASS
972037000,PUFGL01189,DIV475935,EDD GAURI BAZAR,RDF ,OK,MU
974616000,FGLTD01654,DIV475814,EDD SEORAHI,IDF ,IDF,ASS
975267000,PUFGL01017,DIV475612,EDD I MAHARAJGANJ,RDF ,RDF,ASS
980847000,PUFGL00743,DIV475812,EDD HATA,RDF,RDF,ASS
981166000,FGLTD03310,DIV475613,EDD NAUTANWA,RDF ,RDF,ASS
982336000,PUFGL01006,DIV475612,EDD I MAHARAJGANJ,RDF ,P,PROV
983256000,PUFGL00777,DIV475812,EDD HATA,RDF ,P,PROV
984875000,PUFGL00862,DIV475611,EDD II ANANDNAGAR,RDF,RDF,ASS
985717000,PUFGL00728,DIV475812,EDD HATA,RDF ,RDF,ASS
986787000,PUFGL00987,DIV475612,EDD I MAHARAJGANJ,RDF ,OK,MU
992407000,PUFGL00474,DIV475932,EDD DEORIA,RDF ,P,PROV
993371223,FGLTD01189,DIV475813,"EDD KASYA, KUSHINAGAR",RDF ,OK,MU
993431140,PUFGL00621,DIV475935,EDD GAURI BAZAR,RDF,RDF,ASS
994147000,PUFGL00556,DIV475934,EDD SALEMPUR,IDF ,IDF,ASS
994747000,PUFGL00763,DIV475812,EDD HATA,IDF,IDF,ASS
996240940,PUFGL00816,DIV475813,"EDD KASYA, KUSHINAGAR",RDF ,OK,MU
996267044,PUFGL00257,DIV435733,EDD CAMPIEARGANJ,IDF ,IDF,ASS
999507000,FGLTD02471,DIV475814,EDD SEORAHI,IDF ,IDF,ASS
999867000,FGLTD01188,DIV475813,"EDD KASYA, KUSHINAGAR",RDF ,RDF,ASS
1002516000,PUFGL00575,DIV475934,EDD SALEMPUR,RDF,RDF,ASS
1004551404,PUFGL00593,DIV475934,EDD SALEMPUR,RDF ,OK,MU
1005076000,PUFGL00761,DIV475812,EDD HATA,RDF ,OK,MU
1005966008,FGLTD02606,DIV475814,EDD SEORAHI,IDF ,IDF,ASS
1007486000,FGLTD02810,DIV475934,EDD SALEMPUR,RDF ,IDF,ASS
1008702188,PUFGL01010,DIV475612,EDD I MAHARAJGANJ,RDF ,P,PROV
1008955000,FGLTD02305,DIV475814,EDD SEORAHI,IDF ,IDF,ASS
1009057000,PUFGL00843,DIV475814,EDD SEORAHI,IDF ,IDF,ASS
1010246000,PUFGL00891,DIV475611,EDD II ANANDNAGAR,RDF ,OK,MU
1014553529,PUFGL00860,DIV475611,EDD II ANANDNAGAR,RDF ,OK,MU
1015219310,PUFGL01019,DIV475612,EDD I MAHARAJGANJ,RDF ,RDF,ASS
1015677000,FGLTD02197,DIV435731,"EDD GULHARIYA BAZAR,GORAKHPUR",RDF ,RDF,ASS
1016077000,FGLTD01671,DIV475814,EDD SEORAHI,IDF ,IDF,ASS
1016803453,PUFGL00135,DIV435732,EDD CHAURI CHAURA,RDF ,OK,MU
1017526000,PUFGL00728,DIV475812,EDD HATA,IDF ,IDF,ASS
1018757000,PUFGL00766,DIV475812,EDD HATA,RDF ,RDF,ASS
1020585000,PUFGL00895,DIV475611,EDD II ANANDNAGAR,RDF ,OK,MU
1021859046,PUFGL01063,DIV475613,EDD NAUTANWA,RDF ,RDF,ASS
1022037000,PUFGL00616,DIV475935,EDD GAURI BAZAR,RDF ,OK,MU
1022916000,FGLTD02147,DIV475614,EDD NICHLAUL,RDF ,RDF,ASS
1023077000,FGLTD02291,DIV475813,"EDD KASYA, KUSHINAGAR",RDF ,OK,MU
1024700522,PUFGL00894,DIV475611,EDD II ANANDNAGAR,RDF ,OK,MU
1025121916,PUFGL01193,DIV475932,EDD DEORIA,RDF ,RDF,ASS
1025546000,FGLTD02667,DIV475813,"EDD KASYA, KUSHINAGAR",RDF ,RDF,ASS
1026757000,PUFGL00458,DIV475931,EDD BARHAJ,RDF ,OK,MU
1027537000,PUFGL00836,DIV475813,"EDD KASYA, KUSHINAGAR",RDF ,OK,MU
1028732649,PUFGL00880,DIV475611,EDD II ANANDNAGAR,RDF ,OK,MU
1029026000,FGLTD02305,DIV475814,EDD SEORAHI,IDF ,IDF,ASS
1030275000,PUFGL00843,DIV475814,EDD SEORAHI,IDF ,IDF,ASS
1034137000,FGLTD02587,DIV475611,EDD II ANANDNAGAR,RDF ,RDF,ASS
1034866000,PUFGL00575,DIV475934,EDD SALEMPUR,RDF ,RDF,ASS
1035670684,PUFGL00393,DIV435722,"EDD SAHJANWA,GORAKHPUR",RDF ,OK,MU
1035885850,FGLTD02738,DIV435733,EDD CAMPIEARGANJ,IDF ,IDF,ASS
1036456000,PUFGL00194,DIV435731,"EDD GULHARIYA BAZAR,GORAKHPUR",RDF ,RDF,ASS
1037437000,PUFGL00811,DIV475813,"EDD KASYA, KUSHINAGAR",IDF ,IDF,ASS
1039485000,FGLTD02676,DIV475611,EDD II ANANDNAGAR,RDF ,P,PROV
1039537000,PUFGL00188,DIV435731,"EDD GULHARIYA BAZAR,GORAKHPUR",IDF ,IDF,ASS
1040937000,PUFGL00428,DIV435722,"EDD SAHJANWA,GORAKHPUR",RDF ,OK,MU
1042029367,PUFGL00836,DIV475813,"EDD KASYA, KUSHINAGAR",RDF ,OK,MU
1042302445,PUFGL00865,DIV475611,EDD II ANANDNAGAR,RDF ,OK,MU
1043298797,FGLTD01191,DIV475813,"EDD KASYA, KUSHINAGAR",RDF ,OK,MU
1043757742,PUFGL00302,DIV435723,EDD SHIKARIGANJ,RDF ,RDF,ASS
1043816000,PUFGL00337,DIV435721,EDD KAURIRAM,RDF ,OK,MU
1043955000,FGLTD01661,DIV475814,EDD SEORAHI,IDF ,IDF,ASS
1044077000,FGLTD03122,DIV475813,"EDD KASYA, KUSHINAGAR",RDF ,RDF,ASS
1044376000,PUFGL00704,DIV475811,EDD PADRAUNA,IDF ,IDF,ASS
1045093066,PUFGL01053,DIV475613,EDD NAUTANWA,RDF ,RDF,ASS
1051297000,PUFGL01094,DIV475614,EDD NICHLAUL,RDF ,RDF,ASS
1052277000,PUFGL00745,DIV475812,EDD HATA,RDF ,RDF,ASS
1052804815,PUFGL01138,DIV475614,EDD NICHLAUL,RDF ,RDF,ASS
1053902937,PUFGL00572,DIV475934,EDD SALEMPUR,RDF ,RDF,ASS
1056407000,FGLTD02219,DIV435731,"EDD GULHARIYA BAZAR,GORAKHPUR",RDF ,P,PROV
1056847000,PUFGL00534,DIV475934,EDD SALEMPUR,RDF ,P,PROV
1057227000,PUFGL00847,DIV475814,EDD SEORAHI,IDF ,IDF,ASS
1057459392,PUFGL00882,DIV475611,EDD II ANANDNAGAR,RDF ,OK,MU
1058568801,FGLTD03134,DIV475811,EDD PADRAUNA,RDF ,A,ASS
1058656000,FGLTD03118,DIV475814,EDD SEORAHI,IDF ,IDF,ASS
1061345090,PUFGL00835,DIV475813,"EDD KASYA, KUSHINAGAR",RDF ,OK,MU
1062518000,FGLTD02126,DIV475612,EDD I MAHARAJGANJ,RDF,P,PROV
1062697000,FGLTD01808,DIV475934,EDD SALEMPUR,RDF ,RDF,ASS
1062986000,FGLTD02998,DIV435733,EDD CAMPIEARGANJ,RDF ,P,PROV
1063108000,PUFGL00830,DIV475813,"EDD KASYA, KUSHINAGAR",RDF ,OK,CEIL
1064575000,FGLTD02606,DIV475814,EDD SEORAHI,IDF ,IDF,ASS
1065522890,FGLTD02238,DIV475932,EDD DEORIA,RDF ,RDF,ASS
1065917000,FGLTD02667,DIV475813,"EDD KASYA, KUSHINAGAR",RDF ,RDF,ASS
1066636000,FGLTD03309,DIV475614,EDD NICHLAUL,RDF ,RDF,ASS
1066865000,FGLTD02438,DIV475611,EDD II ANANDNAGAR,RDF ,P,PROV
1066990375,PUFGL00843,DIV475814,EDD SEORAHI,IDF ,IDF,ASS
1067360859,FGLTD01851,DIV435711,"EUDD TOWNHALL,GORAKHPUR",RDF ,OK,MU
1069317000,FGLTD02471,DIV475814,EDD SEORAHI,IDF ,IDF,ASS
1070777000,FGLTD03229,DIV475813,"EDD KASYA, KUSHINAGAR",RDF ,RDF,ASS
1072503568,PUFGL00560,DIV475934,EDD SALEMPUR,RDF ,RDF,ASS
1072621250,FGLTD01968,DIV475812,EDD HATA,RDF ,RDF,ASS
1073189894,PUFGL01121,DIV475614,EDD NICHLAUL,RDF ,P,PROV
1073417000,FGLTD02571,DIV435731,"EDD GULHARIYA BAZAR,GORAKHPUR",RDF ,RDF,ASS
1073886000,PUFGL00194,DIV435731,"EDD GULHARIYA BAZAR,GORAKHPUR",RDF ,RDF,ASS
1075396000,FGLTD02424,DIV475934,EDD SALEMPUR,IDF ,IDF,ASS
1075605819,PUFGL00500,DIV475932,EDD DEORIA,RDF ,RDF,ASS
1078365000,PUFGL00843,DIV475814,EDD SEORAHI,IDF,IDF,ASS
1078855000,FGLTD02737,DIV435733,EDD CAMPIEARGANJ,RDF ,RDF,ASS
1080767000,PUFGL00843,DIV475814,EDD SEORAHI,IDF ,IDF,ASS
1081420231,PUFGL00357,DIV435721,EDD KAURIRAM,RDF ,P,PROV
1082787000,FGLTD02929,DIV475814,EDD SEORAHI,IDF ,IDF,ASS
1084187000,PUFGL00919,DIV475612,EDD I MAHARAJGANJ,RDF ,RDF,ASS
1084856000,FGLTD02738,DIV435733,EDD CAMPIEARGANJ,IDF ,IDF,ASS
1085029416,FGLTD02651,DIV475613,EDD NAUTANWA,RDF ,OK,MU
1086727000,PUFGL00684,DIV475811,EDD PADRAUNA,RDF ,OK,MU
1087697000,PUFGL00760,DIV475812,EDD HATA,IDF ,IDF,ASS
1088997000,PUFGL00830,DIV475813,"EDD KASYA, KUSHINAGAR",RDF ,OK,MU
1091647000,PUFGL00843,DIV475814,EDD SEORAHI,IDF,IDF,ASS
1092067980,FGLTD02737,DIV435733,EDD CAMPIEARGANJ,RDF ,RDF,ASS
1092276000,PUFGL00547,DIV475934,EDD SALEMPUR,IDF ,IDF,ASS
1096448073,FGLTD03294,DIV475814,EDD SEORAHI,IDF ,IDF,ASS
1097497000,FGLTD03090,DIV435733,EDD CAMPIEARGANJ,IDF ,IDF,ASS
1098597000,FGLTD03289,DIV475814,EDD SEORAHI,IDF ,IDF,ASS
1098925222,FGLTD03157,DIV475614,EDD NICHLAUL,RDF ,RDF,ASS
1099267000,PUFGL00162,DIV435731,"EDD GULHARIYA BAZAR,GORAKHPUR",RDF ,P,PROV
1100037000,PUFGL00932,DIV475612,EDD I MAHARAJGANJ,RDF ,RDF,ASS
1100292917,PUFGL01044,DIV475613,EDD NAUTANWA,RDF ,P,PROV
1100867000,PUFGL00408,DIV435722,"EDD SAHJANWA,GORAKHPUR",RDF ,OK,MU
1101372226,PUFGL01015,DIV475612,EDD I MAHARAJGANJ,RDF ,P,PROV
1104665000,PUFGL00173,DIV435731,"EDD GULHARIYA BAZAR,GORAKHPUR",RDF ,OK,MU
1104776000,FGLTD01808,DIV475934,EDD SALEMPUR,IDF,IDF,ASS
1107347935,FGLTD01630,DIV475812,EDD HATA,RDF ,OK,MU
1107527000,PUFGL00790,DIV475812,EDD HATA,RDF ,OK,MU
1108877000,PUFGL00230,DIV435733,EDD CAMPIEARGANJ,RDF,RDF,ASS
1114607000,FGLTD02341,DIV475612,EDD I MAHARAJGANJ,RDF ,RDF,ASS
1114667000,PUFGL00894,DIV475611,EDD II ANANDNAGAR,RDF ,OK,MU
1116046000,FGLTD01661,DIV475814,EDD SEORAHI,IDF ,IDF,ASS
1117717000,PUFGL00874,DIV475611,EDD II ANANDNAGAR,RDF ,OK,MU
1118071336,FGLTD02667,DIV475813,"EDD KASYA, KUSHINAGAR",RDF ,RDF,ASS
1120195303,PUFGL00707,DIV475811,EDD PADRAUNA,IDF ,IDF,ASS
1123106403,FGLTD03073,DIV435732,EDD CHAURI CHAURA,RDF ,P,PROV
1123500595,PUFGL00721,DIV475811,EDD PADRAUNA,IDF ,IDF,ASS
1123884186,PUFGL00811,DIV475813,"EDD KASYA, KUSHINAGAR",RDF ,OK,MU
1125273849,FGLTD02662,DIV475813,"EDD KASYA, KUSHINAGAR",RDF ,OK,MU
1128396000,FGLTD03220,DIV475613,EDD NAUTANWA,RDF ,OK,MU
1128575000,PUFGL00631,DIV475935,EDD GAURI BAZAR,IDF ,IDF,ASS
1129337000,PUFGL00894,DIV475611,EDD II ANANDNAGAR,RDF ,OK,MU
1132765000,PUFGL00838,DIV475813,"EDD KASYA, KUSHINAGAR",RDF,IDF,ASS
1132916000,PUFGL01132,DIV475614,EDD NICHLAUL,RDF ,OK,MU
1133766000,PUFGL00481,DIV475932,EDD DEORIA,RDF ,P,PROV
1134987000,FGLTD02533,DIV435721,EDD KAURIRAM,RDF,RDF,ASS
1139446000,FGLTD02025,DIV475934,EDD SALEMPUR,RDF ,RDF,ASS
1140008000,FGLTD01189,DIV475813,"EDD KASYA, KUSHINAGAR",RDF ,RDF,ASS
1140065000,PUFGL00916,DIV475612,EDD I MAHARAJGANJ,RDF ,OK,MU
1141261249,PUFGL00729,DIV475812,EDD HATA,RDF ,OK,MU
1146296000,FGLTD02424,DIV475934,EDD SALEMPUR,RDF ,RDF,ASS
1146897000,FGLTD02296,DIV475812,EDD HATA,RDF ,RDF,ASS
1149416000,FGLTD02825,DIV475811,EDD PADRAUNA,RDF ,P,PROV
1150275000,FGLTD01660,DIV475814,EDD SEORAHI,IDF ,IDF,ASS
1150723108,PUFGL01122,DIV475612,EDD I MAHARAJGANJ,RDF ,P,PROV
1150736000,PUFGL00126,DIV435732,EDD CHAURI CHAURA,RDF ,RDF,ASS
1150816000,PUFGL00763,DIV475812,EDD HATA,IDF ,IDF,ASS
1151597000,FGLTD03116,DIV475814,EDD SEORAHI,IDF ,IDF,ASS
1153107000,FGLTD03133,DIV475812,EDD HATA,RDF ,P,PROV
1156637189,PUFGL00622,DIV475935,EDD GAURI BAZAR,RDF ,OK,MU
1157476000,FGLTD02943,DIV475812,EDD HATA,RDF ,P,PROV
1158008000,PUFGL00212,DIV435731,"EDD GULHARIYA BAZAR,GORAKHPUR",RDF ,OK,MU
1159058477,PUFGL00848,DIV475814,EDD SEORAHI,RDF ,P,PROV
1159585000,PUFGL00971,DIV475612,EDD I MAHARAJGANJ,RDF ,RDF,ASS
1159827000,FGLTD02658,DIV435731,"EDD GULHARIYA BAZAR,GORAKHPUR",RDF ,P,PROV
1159936000,PUFGL00562,DIV475934,EDD SALEMPUR,RDF ,RDF,ASS
1160516000,FGLTD01606,DIV475811,EDD PADRAUNA,IDF ,IDF,ASS
1160546000,FGLTD02744,DIV435732,EDD CHAURI CHAURA,RDF ,OK,MU
1164408000,PUFGL00875,DIV475611,EDD II ANANDNAGAR,RDF ,OK,MU
1164936000,PUFGL00186,DIV435731,"EDD GULHARIYA BAZAR,GORAKHPUR",IDF ,IDF,ASS
1166475000,PUFGL00339,DIV435721,EDD KAURIRAM,IDF,IDF,ASS
1167656000,FGLTD01671,DIV475814,EDD SEORAHI,IDF ,IDF,ASS
1167665000,FGLTD02197,DIV435731,"EDD GULHARIYA BAZAR,GORAKHPUR",RDF,RDF,ASS
1170006000,FGLTD02305,DIV475814,EDD SEORAHI,IDF ,IDF,ASS
1170385713,FGLTD03148,DIV435722,"EDD SAHJANWA,GORAKHPUR",RDF ,RDF,ASS
1174356000,PUFGL00295,DIV435723,EDD SHIKARIGANJ,RDF ,P,PROV
1175708000,PUFGL00548,DIV475934,EDD SALEMPUR,RDF ,RDF,ASS
1175727000,PUFGL00809,DIV475813,"EDD KASYA, KUSHINAGAR",RDF ,OK,MU
1176796000,FGLTD02471,DIV475814,EDD SEORAHI,IDF,IDF,ASS
1176816000,PUFGL01006,DIV475612,EDD I MAHARAJGANJ,RDF ,P,PROV
1177965000,PUFGL00354,DIV435721,EDD KAURIRAM,RDF ,P,PROV
1178327000,FGLTD01177,DIV475812,EDD HATA,RDF ,P,PROV
1179546000,FGLTD02571,DIV435731,"EDD GULHARIYA BAZAR,GORAKHPUR",IDF ,IDF,ASS
1180856000,FGLTD01808,DIV475934,EDD SALEMPUR,RDF ,P,PROV
1181020786,FGLTD02299,DIV475812,EDD HATA,RDF ,RDF,ASS
1181138831,FGLTD02474,DIV475814,EDD SEORAHI,IDF,IDF,ASS
1182156930,FGLTD02305,DIV475814,EDD SEORAHI,IDF ,IDF,ASS
1182927000,PUFGL00547,DIV475934,EDD SALEMPUR,RDF,RDF,ASS
1183666000,PUFGL00874,DIV475611,EDD II ANANDNAGAR,RDF ,RDF,ASS
1184897000,PUFGL00250,DIV435733,EDD CAMPIEARGANJ,RDF ,P,PROV
1187427000,PUFGL00919,DIV475612,EDD I MAHARAJGANJ,RDF ,P,PROV
1187457000,FGLTD01773,DIV475814,EDD SEORAHI,RDF ,RDF,ASS
1188026000,PUFGL00140,DIV435732,EDD CHAURI CHAURA,RDF ,P,PROV
1188185000,FGLTD01549,DIV475932,EDD DEORIA,RDF,RDF,ASS
1193846000,PUFGL00204,DIV435731,"EDD GULHARIYA BAZAR,GORAKHPUR",RDF ,RDF,ASS
1193875000,PUFGL00490,DIV475932,EDD DEORIA,RDF ,OK,MU
1196586000,PUFGL01021,DIV475612,EDD I MAHARAJGANJ,RDF,P,PROV
1197312461,PUFGL00515,DIV475932,EDD DEORIA,RDF ,OK,MU
1198808000,PUFGL00836,DIV475813,"EDD KASYA, KUSHINAGAR",RDF ,OK,MU
1200274999,FGLTD03074,DIV475812,EDD HATA,RDF ,OK,MU
1200407000,PUFGL00802,DIV475813,"EDD KASYA, KUSHINAGAR",RDF ,OK,MU
1200865000,FGLTD02471,DIV475814,EDD SEORAHI,IDF,IDF,ASS
1202167000,FGLTD02246,DIV475932,EDD DEORIA,RDF ,RDF,ASS
1202322243,PUFGL00536,DIV475934,EDD SALEMPUR,RDF,RDF,ASS
1203329396,FGLTD01592,DIV475812,EDD HATA,RDF ,OK,MU
1203625958,PUFGL00919,DIV475612,EDD I MAHARAJGANJ,RDF ,RDF,ASS
1203956000,FGLTD02960,DIV475932,EDD DEORIA,RDF ,OK,MU
1204046000,FGLTD02638,DIV475814,EDD SEORAHI,IDF ,IDF,ASS
1206137000,PUFGL00763,DIV475812,EDD HATA,IDF ,IDF,ASS
1207175000,PUFGL00566,DIV475934,EDD SALEMPUR,RDF ,RDF,ASS
1207637000,FGLTD02460,DIV475932,EDD DEORIA,RDF ,RDF,ASS
1208627000,PUFGL00830,DIV475813,"EDD KASYA, KUSHINAGAR",RDF ,OK,MU
1209146000,FGLTD02083,DIV475812,EDD HATA,RDF ,P,PROV
1209396411,PUFGL00584,DIV475934,EDD SALEMPUR,RDF,RDF,ASS
1209418000,PUFGL00790,DIV475812,EDD HATA,RDF ,RDF,ASS
1210770545,PUFGL01208,DIV475935,EDD GAURI BAZAR,RDF ,RDF,ASS
1211326000,FGLTD03316,DIV475932,EDD DEORIA,RDF ,OK,MU
1211375377,PUFGL00453,DIV475931,EDD BARHAJ,RDF ,OK,MU
1214097860,PUFGL01144,DIV475614,EDD NICHLAUL,RDF ,RDF,ASS
1214597000,PUFGL00684,DIV475811,EDD PADRAUNA,IDF ,IDF,ASS
1215046000,FGLTD02307,DIV475814,EDD SEORAHI,IDF ,IDF,ASS
1215966000,FGLTD01186,DIV475813,"EDD KASYA, KUSHINAGAR",IDF ,IDF,ASS
1218698988,PUFGL01047,DIV475613,EDD NAUTANWA,RDF ,P,PROV
1219037000,FGLTD03294,DIV475814,EDD SEORAHI,IDF ,IDF,ASS
1224227369,PUFGL00845,DIV475814,EDD SEORAHI,RDF ,P,PROV
1224346000,FGLTD02356,DIV475614,EDD NICHLAUL,RDF ,OK,CEIL
1224817000,PUFGL00830,DIV475813,"EDD KASYA, KUSHINAGAR",RDF ,OK,MU
1227457000,FGLTD02308,DIV475814,EDD SEORAHI,IDF ,IDF,ASS
1229371251,PUFGL00474,DIV475932,EDD DEORIA,RDF ,OK,MU
1230175000,PUFGL00764,DIV475812,EDD HATA,IDF ,IDF,ASS
1230864522,PUFGL00737,DIV475812,EDD HATA,RDF ,OK,MU
1231986000,PUFGL00251,DIV435733,EDD CAMPIEARGANJ,RDF ,OK,MU
1234675000,FGLTD03294,DIV475814,EDD SEORAHI,IDF ,IDF,ASS
1236168543,FGLTD03097,DIV435732,EDD CHAURI CHAURA,RDF ,P,PROV
1236276000,FGLTD02865,DIV435731,"EDD GULHARIYA BAZAR,GORAKHPUR",RDF ,RDF,ASS
1236765000,FGLTD01551,DIV475935,EDD GAURI BAZAR,RDF ,OK,MU
1237724669,PUFGL00361,DIV435721,EDD KAURIRAM,RDF ,RDF,ASS
1239197000,PUFGL00835,DIV475813,"EDD KASYA, KUSHINAGAR",RDF ,RDF,ASS
1240947000,PUFGL00366,DIV435722,"EDD SAHJANWA,GORAKHPUR",RDF ,P,PROV
1241917000,PUFGL00194,DIV435731,"EDD GULHARIYA BAZAR,GORAKHPUR",RDF ,RDF,ASS
1242475000,PUFGL00295,DIV435723,EDD SHIKARIGANJ,RDF ,RDF,ASS
1242575000,FGLTD02667,DIV475813,"EDD KASYA, KUSHINAGAR",RDF ,RDF,ASS
1245037000,FGLTD03394,DIV475814,EDD SEORAHI,IDF ,IDF,ASS
1245989635,PUFGL00359,DIV435721,EDD KAURIRAM,RDF ,P,PROV
1246337889,FGLTD03410,DIV475611,EDD II ANANDNAGAR,RDF ,RDF,ASS
1248779027,PUFGL00428,DIV435722,"EDD SAHJANWA,GORAKHPUR",RDF ,OK,MU
1248965819,PUFGL00246,DIV435733,EDD CAMPIEARGANJ,RDF ,BR,MU
1249347000,PUFGL00687,DIV475811,EDD PADRAUNA,RDF ,RDF,ASS
1250457000,PUFGL00607,DIV475934,EDD SALEMPUR,IDF ,IDF,ASS
1250904271,FGLTD03292,DIV475814,EDD SEORAHI,RDF ,OK,MU
1253150462,PUFGL01063,DIV475613,EDD NAUTANWA,RDF ,RDF,ASS
1254116182,PUFGL00334,DIV435721,EDD KAURIRAM,RDF ,RDF,ASS
1254896000,FGLTD02353,DIV475614,EDD NICHLAUL,RDF ,RDF,ASS
1255687000,FGLTD02657,DIV435731,"EDD GULHARIYA BAZAR,GORAKHPUR",RDF,RDF,ASS
1261377000,PUFGL00965,DIV475612,EDD I MAHARAJGANJ,RDF ,P,PROV
1263207000,PUFGL01107,DIV475614,EDD NICHLAUL,RDF ,OK,MU
1263467000,FGLTD02738,DIV435733,EDD CAMPIEARGANJ,IDF ,IDF,ASS
1263963128,PUFGL00295,DIV435723,EDD SHIKARIGANJ,RDF ,OK,MU
1265175879,PUFGL00843,DIV475814,EDD SEORAHI,IDF ,IDF,ASS
1265318000,PUFGL00971,DIV475612,EDD I MAHARAJGANJ,RDF ,OK,MU
1266741502,PUFGL00491,DIV475932,EDD DEORIA,RDF ,RDF,ASS
1269346000,PUFGL00518,DIV475934,EDD SALEMPUR,RDF ,RDF,ASS
1269618000,FGLTD03057,DIV475813,"EDD KASYA, KUSHINAGAR",RDF,OK,MU
1269827000,PUFGL00194,DIV435731,"EDD GULHARIYA BAZAR,GORAKHPUR",RDF ,RDF,ASS
1270587000,FGLTD02667,DIV475813,"EDD KASYA, KUSHINAGAR",RDF ,RDF,ASS
1272375000,FGLTD02219,DIV435731,"EDD GULHARIYA BAZAR,GORAKHPUR",RDF ,P,PROV
1275334132,PUFGL01137,DIV475614,EDD NICHLAUL,RDF,RDF,ASS
1275507000,PUFGL00848,DIV475814,EDD SEORAHI,IDF,IDF,ASS
1275857000,PUFGL00431,DIV435722,"EDD SAHJANWA,GORAKHPUR",RDF ,RDF,ASS
1277736000,FGLTD01584,DIV475613,EDD NAUTANWA,RDF,RDF,ASS
1277796000,FGLTD03116,DIV475814,EDD SEORAHI,IDF ,IDF,ASS
1278177000,PUFGL00592,DIV475934,EDD SALEMPUR,RDF ,RDF,ASS
1278756000,FGLTD01534,DIV475935,EDD GAURI BAZAR,RDF ,OK,MU
1282077000,PUFGL00552,DIV475934,EDD SALEMPUR,RDF,RDF,ASS
1283735048,PUFGL01142,DIV475614,EDD NICHLAUL,RDF ,OK,MU
1285388764,FGLTD03207,DIV475812,EDD HATA,IDF ,IDF,ASS
1285575000,PUFGL00844,DIV475814,EDD SEORAHI,IDF ,IDF,ASS
1286636000,FGLTD02359,DIV475614,EDD NICHLAUL,RDF,RDF,ASS
1291066000,PUFGL00790,DIV475812,EDD HATA,RDF ,OK,MU
1291697000,PUFGL00548,DIV475934,EDD SALEMPUR,RDF ,RDF,ASS
1293896000,PUFGL00616,DIV475935,EDD GAURI BAZAR,RDF ,RDF,ASS
1294967000,PUFGL00683,DIV475811,EDD PADRAUNA,IDF ,IDF,ASS
1296008000,PUFGL00743,DIV475812,EDD HATA,RDF ,OK,MU
1297067000,PUFGL00890,DIV475611,EDD II ANANDNAGAR,RDF ,OK,CEIL
1299636000,PUFGL00830,DIV475813,"EDD KASYA, KUSHINAGAR",RDF ,OK,MU
1300075000,PUFGL00894,DIV475611,EDD II ANANDNAGAR,RDF ,OK,MU
1300118000,FGLTD02979,DIV435733,EDD CAMPIEARGANJ,RDF ,OK,MU
1302196000,PUFGL00230,DIV435733,EDD CAMPIEARGANJ,RDF ,BR,MU
1302677000,FGLTD03220,DIV475613,EDD NAUTANWA,RDF ,RDF,ASS
1305969330,PUFGL00555,DIV475934,EDD SALEMPUR,RDF ,OK,MU
1307868908,PUFGL01047,DIV475613,EDD NAUTANWA,RDF ,P,PROV
1309727000,PUFGL00629,DIV475935,EDD GAURI BAZAR,RDF ,OK,MU
1311667000,PUFGL00592,DIV475934,EDD SALEMPUR,RDF ,RDF,ASS
1312914388,FGLTD02356,DIV475614,EDD NICHLAUL,RDF,P,PROV
1314156000,PUFGL00366,DIV435722,"EDD SAHJANWA,GORAKHPUR",RDF ,P,PROV
1314815597,PUFGL00894,DIV475611,EDD II ANANDNAGAR,RDF ,OK,MU
1315718000,FGLTD03390,DIV475811,EDD PADRAUNA,IDF ,IDF,ASS
1316118000,FGLTD03294,DIV475814,EDD SEORAHI,IDF ,IDF,ASS
1317175540,PUFGL01117,DIV475614,EDD NICHLAUL,RDF,BR,MU
1319536000,PUFGL00736,DIV475812,EDD HATA,RDF ,P,PROV
1321877000,PUFGL00157,DIV435731,"EDD GULHARIYA BAZAR,GORAKHPUR",RDF ,OK,MU
1322357000,FGLTD02755,DIV475811,EDD PADRAUNA,IDF ,IDF,ASS
1322478498,FGLTD03351,DIV475932,EDD DEORIA,RDF,RDF,ASS
1324346000,FGLTD01244,DIV435722,"EDD SAHJANWA,GORAKHPUR",RDF ,OK,MU
1325046000,PUFGL00843,DIV475814,EDD SEORAHI,IDF ,IDF,ASS
1325846000,PUFGL00963,DIV475612,EDD I MAHARAJGANJ,RDF ,OK,MU
1326067000,FGLTD02695,DIV475811,EDD PADRAUNA,IDF,IDF,ASS
1326707000,FGLTD01592,DIV475812,EDD HATA,IDF ,IDF,ASS
1327426000,FGLTD02305,DIV475814,EDD SEORAHI,IDF ,IDF,ASS
1327988392,PUFGL00749,DIV475812,EDD HATA,IDF ,IDF,ASS
1328716000,PUFGL00764,DIV475812,EDD HATA,IDF ,IDF,ASS
1329456000,FGLTD03390,DIV475811,EDD PADRAUNA,IDF,IDF,ASS
1329586000,PUFGL01091,DIV475614,EDD NICHLAUL,RDF ,RDF,ASS
1330277000,FGLTD01966,DIV475812,EDD HATA,IDF ,IDF,ASS
1330508000,FGLTD03004,DIV475812,EDD HATA,IDF ,IDF,ASS
1330779752,PUFGL00388,DIV435722,"EDD SAHJANWA,GORAKHPUR",RDF ,P,PROV
1331018000,PUFGL00684,DIV475811,EDD PADRAUNA,RDF ,P,PROV
1331709894,PUFGL00719,DIV475811,EDD PADRAUNA,RDF ,P,PROV
1334749075,FGLTD02460,DIV475932,EDD DEORIA,RDF ,P,PROV
1335077000,PUFGL00848,DIV475814,EDD SEORAHI,IDF,IDF,ASS
1336266000,PUFGL01210,DIV475935,EDD GAURI BAZAR,RDF ,OK,MU
1337375000,FGLTD02929,DIV475814,EDD SEORAHI,IDF ,IDF,ASS
1338827000,PUFGL00483,DIV475932,EDD DEORIA,RDF ,OK,MU
1339287000,PUFGL00110,DIV435732,EDD CHAURI CHAURA,RDF ,OK,MU
1339327000,PUFGL00671,DIV475811,EDD PADRAUNA,IDF ,IDF,ASS
1339516000,PUFGL00836,DIV475813,"EDD KASYA, KUSHINAGAR",RDF ,RDF,ASS
1340097000,PUFGL01124,DIV475614,EDD NICHLAUL,RDF ,RDF,ASS
1341078354,PUFGL00837,DIV475813,"EDD KASYA, KUSHINAGAR",RDF ,OK,MU
1344356000,PUFGL01107,DIV475614,EDD NICHLAUL,RDF ,RDF,ASS
1345308000,FGLTD02606,DIV475814,EDD SEORAHI,IDF ,IDF,ASS
1345855000,PUFGL00359,DIV435721,EDD KAURIRAM,IDF,IDF,ASS
1347750213,PUFGL01095,DIV475614,EDD NICHLAUL,RDF ,P,PROV
1348376000,FGLTD03393,DIV475814,EDD SEORAHI,IDF ,IDF,ASS
1348586000,PUFGL00844,DIV475814,EDD SEORAHI,IDF,IDF,ASS
1350696000,FGLTD02950,DIV475811,EDD PADRAUNA,IDF ,IDF,ASS
1350986000,PUFGL00253,DIV435733,EDD CAMPIEARGANJ,RDF ,OK,MU
1351496000,FGLTD01188,DIV475813,"EDD KASYA, KUSHINAGAR",RDF ,RDF,ASS
1351904060,FGLTD03116,DIV475814,EDD SEORAHI,IDF ,IDF,ASS
1354907000,PUFGL00784,DIV475812,EDD HATA,RDF ,OK,MU
1355171297,PUFGL01206,DIV475935,EDD GAURI BAZAR,RDF ,RDF,ASS
1355258345,PUFGL00272,DIV435723,EDD SHIKARIGANJ,RDF ,P,PROV
1355733640,PUFGL00708,DIV475811,EDD PADRAUNA,RDF ,RDF,ASS
1355765000,FGLTD02305,DIV475814,EDD SEORAHI,IDF ,IDF,ASS
1356017000,FGLTD03204,DIV475813,"EDD KASYA, KUSHINAGAR",RDF ,RDF,ASS
1356636000,PUFGL00584,DIV475934,EDD SALEMPUR,RDF,RDF,ASS
1356796000,FGLTD02305,DIV475814,EDD SEORAHI,IDF ,IDF,ASS
1358236000,FGLTD01661,DIV475814,EDD SEORAHI,IDF ,IDF,ASS
1359101352,FGLTD03393,DIV475814,EDD SEORAHI,IDF ,IDF,ASS
1362487000,PUFGL00784,DIV475812,EDD HATA,RDF ,OK,MU
1362865000,FGLTD03118,DIV475814,EDD SEORAHI,IDF ,IDF,ASS
1363316000,FGLTD03155,DIV475613,EDD NAUTANWA,RDF ,RDF,ASS
1363928836,PUFGL00874,DIV475611,EDD II ANANDNAGAR,RDF ,P,PROV
1364221824,PUFGL01063,DIV475613,EDD NAUTANWA,RDF ,RDF,ASS
1366676000,PUFGL00764,DIV475812,EDD HATA,IDF ,IDF,ASS
1366997000,PUFGL01042,DIV475613,EDD NAUTANWA,RDF,RDF,ASS
1369207000,PUFGL01060,DIV475613,EDD NAUTANWA,RDF ,OK,MU
1369766000,PUFGL01113,DIV475614,EDD NICHLAUL,RDF ,OK,MU
1374777000,FGLTD02223,DIV435723,EDD SHIKARIGANJ,RDF ,OK,MU
1375149790,FGLTD02821,DIV475614,EDD NICHLAUL,RDF ,RDF,ASS
1376347000,PUFGL01031,DIV475613,EDD NAUTANWA,RDF,OK,CEIL
1377396000,FGLTD02702,DIV435732,EDD CHAURI CHAURA,RDF ,RDF,ASS
1378385000,FGLTD02305,DIV475814,EDD SEORAHI,IDF ,IDF,ASS
1378777000,PUFGL00589,DIV475934,EDD SALEMPUR,RDF ,RDF,ASS
1380386000,PUFGL00704,DIV475811,EDD PADRAUNA,IDF,IDF,ASS
1380918365,FGLTD02471,DIV475814,EDD SEORAHI,IDF ,IDF,ASS
1381132424,PUFGL00814,DIV475813,"EDD KASYA, KUSHINAGAR",RDF ,RDF,ASS
1383527000,FGLTD01968,DIV475812,EDD HATA,IDF ,IDF,ASS
1385347000,FGLTD03170,DIV435731,"EDD GULHARIYA BAZAR,GORAKHPUR",IDF ,IDF,ASS
1385785000,PUFGL00862,DIV475611,EDD II ANANDNAGAR,RDF ,RDF,ASS
1387027000,PUFGL00676,DIV475811,EDD PADRAUNA,IDF ,IDF,ASS
1387377000,PUFGL00592,DIV475934,EDD SALEMPUR,RDF ,RDF,ASS
1389069611,FGLTD02951,DIV475811,EDD PADRAUNA,RDF ,OK,MU
1390328409,FGLTD01866,DIV435713,"EUDD MOHADDIPUR,GORAKHPUR",RDF ,OK,MU
1390486000,PUFGL00890,DIV475611,EDD II ANANDNAGAR,RDF ,RDF,ASS
1391354000,PUFGL00715,DIV475811,EDD PADRAUNA,RDF ,RDF,ASS
1392859374,PUFGL00844,DIV475814,EDD SEORAHI,RDF ,OK,MU
1393616000,FGLTD03033,DIV475935,EDD GAURI BAZAR,RDF ,RDF,ASS
1394083491,PUFGL00451,DIV475931,EDD BARHAJ,RDF ,P,PROV
1396165000,PUFGL00534,DIV475934,EDD SALEMPUR,RDF ,RDF,ASS
1397492762,FGLTD03441,DIV475814,EDD SEORAHI,IDF ,IDF,ASS
1397827000,PUFGL00654,DIV475811,EDD PADRAUNA,IDF ,IDF,ASS
1398945928,PUFGL00547,DIV475934,EDD SALEMPUR,RDF ,P,PROV
1399336000,FGLTD03004,DIV475812,EDD HATA,IDF ,IDF,ASS
1400207000,FGLTD02007,DIV435732,EDD CHAURI CHAURA,RDF ,RDF,ASS
1402318000,FGLTD01592,DIV475812,EDD HATA,IDF,IDF,ASS
1402619973,FGLTD02006,DIV435711,"EUDD TOWNHALL,GORAKHPUR",RDF ,OK,MU
1403837000,FGLTD02606,DIV475814,EDD SEORAHI,IDF ,IDF,ASS
1405617000,PUFGL00997,DIV475612,EDD I MAHARAJGANJ,RDF ,OK,MU
1406259866,PUFGL01192,DIV475932,EDD DEORIA,RDF ,RDF,ASS
1406956000,PUFGL00508,DIV475932,EDD DEORIA,RDF ,RDF,ASS
1407375000,PUFGL00802,DIV475813,"EDD KASYA, KUSHINAGAR",IDF,IDF,ASS
1409276000,FGLTD02308,DIV475814,EDD SEORAHI,IDF ,IDF,ASS
1409365000,FGLTD01660,DIV475814,EDD SEORAHI,IDF ,IDF,ASS
1409713554,PUFGL00883,DIV475611,EDD II ANANDNAGAR,RDF ,OK,MU
1409816000,FGLTD01258,DIV475932,EDD DEORIA,RDF,RDF,ASS
1412426000,FGLTD02308,DIV475814,EDD SEORAHI,IDF,IDF,ASS
1413077000,PUFGL00844,DIV475814,EDD SEORAHI,IDF ,IDF,ASS
1413765000,FGLTD02471,DIV475814,EDD SEORAHI,IDF ,IDF,ASS
1413787000,FGLTD03393,DIV475814,EDD SEORAHI,IDF ,IDF,ASS
1413866000,PUFGL00790,DIV475812,EDD HATA,RDF ,OK,MU
1414565000,PUFGL00648,DIV475935,EDD GAURI BAZAR,RDF ,RDF,ASS
1415608000,PUFGL00791,DIV475812,EDD HATA,RDF,RDF,ASS
1416127000,PUFGL00552,DIV475934,EDD SALEMPUR,RDF ,RDF,ASS
1417686000,FGLTD03310,DIV475613,EDD NAUTANWA,RDF,P,PROV
1418017000,FGLTD02662,DIV475813,"EDD KASYA, KUSHINAGAR",RDF ,OK,MU
1419127000,PUFGL00843,DIV475814,EDD SEORAHI,IDF,IDF,ASS
1419226000,FGLTD03390,DIV475811,EDD PADRAUNA,RDF ,RDF,ASS
1420407000,FGLTD01183,DIV475813,"EDD KASYA, KUSHINAGAR",RDF ,RDF,ASS
1421921802,PUFGL00736,DIV475812,EDD HATA,RDF ,OK,MU
1422127000,FGLTD03140,DIV435722,"EDD SAHJANWA,GORAKHPUR",RDF,BR,MU
1422426000,FGLTD02471,DIV475814,EDD SEORAHI,IDF,IDF,ASS
1425448161,FGLTD03125,DIV475813,"EDD KASYA, KUSHINAGAR",RDF ,IDF,ASS
1426676000,PUFGL00566,DIV475934,EDD SALEMPUR,RDF ,RDF,ASS
1427061768,PUFGL00176,DIV435731,"EDD GULHARIYA BAZAR,GORAKHPUR",RDF ,RDF,ASS
1433326000,FGLTD02219,DIV435731,"EDD GULHARIYA BAZAR,GORAKHPUR",RDF ,OK,MU
1434526000,PUFGL00416,DIV435722,"EDD SAHJANWA,GORAKHPUR",RDF ,OK,MU
1436216838,FGLTD03057,DIV475813,"EDD KASYA, KUSHINAGAR",RDF ,RDF,ASS
1437492053,PUFGL01040,DIV475613,EDD NAUTANWA,RDF ,OK,MU
1437896000,PUFGL00760,DIV475812,EDD HATA,RDF ,OK,MU
1441882047,PUFGL00616,DIV475935,EDD GAURI BAZAR,RDF ,OK,MU
1441887000,PUFGL00760,DIV475812,EDD HATA,RDF ,OK,MU
1444118000,FGLTD03393,DIV475814,EDD SEORAHI,IDF ,IDF,ASS
1447697265,FGLTD02949,DIV475811,EDD PADRAUNA,RDF ,P,PROV
1447934303,FGLTD02197,DIV435731,"EDD GULHARIYA BAZAR,GORAKHPUR",IDF ,IDF,ASS
1448057000,PUFGL00843,DIV475814,EDD SEORAHI,IDF ,IDF,ASS
1448260853,PUFGL00468,DIV475931,EDD BARHAJ,RDF ,P,PROV
1448354000,PUFGL00709,DIV475811,EDD PADRAUNA,IDF,IDF,ASS
1448777000,PUFGL00592,DIV475934,EDD SALEMPUR,RDF ,RDF,ASS
1449286000,PUFGL00267,DIV435733,EDD CAMPIEARGANJ,RDF ,P,PROV
1449346000,FGLTD03071,DIV435733,EDD CAMPIEARGANJ,RDF ,P,PROV
1449736000,PUFGL00784,DIV475812,EDD HATA,RDF ,OK,MU
1450815527,FGLTD02580,DIV435713,"EUDD MOHADDIPUR,GORAKHPUR",RDF ,P,PROV
1451047000,PUFGL00782,DIV475812,EDD HATA,IDF,IDF,ASS
1451118000,FGLTD03033,DIV475935,EDD GAURI BAZAR,RDF ,P,PROV
1453246000,PUFGL01053,DIV475613,EDD NAUTANWA,RDF ,RDF,ASS
1454856000,FGLTD02083,DIV475812,EDD HATA,RDF ,P,PROV
1454866000,PUFGL00575,DIV475934,EDD SALEMPUR,RDF ,OK,MU
1454966178,FGLTD01827,DIV435712,"EUDD SRI GORAKHNATH,GORAKHPUR",RDF ,OK,MU
1455126000,PUFGL01063,DIV475613,EDD NAUTANWA,RDF ,RDF,ASS
1458367000,PUFGL00593,DIV475934,EDD SALEMPUR,RDF ,RDF,ASS
1459096000,PUFGL00764,DIV475812,EDD HATA,IDF ,IDF,ASS
1462578541,PUFGL00824,DIV475813,"EDD KASYA, KUSHINAGAR",RDF ,OK,MU
1463675000,PUFGL01001,DIV475612,EDD I MAHARAJGANJ,RDF ,OK,MU
1464526000,PUFGL00584,DIV475934,EDD SALEMPUR,RDF ,RDF,ASS
1466447000,FGLTD01183,DIV475813,"EDD KASYA, KUSHINAGAR",RDF,RDF,ASS
1467146000,PUFGL00894,DIV475611,EDD II ANANDNAGAR,RDF ,OK,MU
1468729718,FGLTD01661,DIV475814,EDD SEORAHI,IDF ,IDF,ASS
1471675000,FGLTD01661,DIV475814,EDD SEORAHI,IDF,IDF,ASS
1472897724,PUFGL00865,DIV475611,EDD II ANANDNAGAR,RDF ,OK,MU
1473408000,PUFGL00552,DIV475934,EDD SALEMPUR,IDF,IDF,ASS
1473865000,FGLTD03148,DIV435722,"EDD SAHJANWA,GORAKHPUR",RDF,RDF,ASS
1474237000,PUFGL00954,DIV475612,EDD I MAHARAJGANJ,RDF ,RDF,ASS
1474886000,FGLTD01244,DIV435722,"EDD SAHJANWA,GORAKHPUR",RDF ,OK,MU
1477463000,PUFGL00491,DIV475932,EDD DEORIA,RDF ,RDF,ASS
1477636000,PUFGL01123,DIV475614,EDD NICHLAUL,RDF ,RDF,ASS
1479447174,FGLTD02775,DIV435713,"EUDD MOHADDIPUR,GORAKHPUR",RDF,OK,MU
1479747000,FGLTD02139,DIV475613,EDD NAUTANWA,RDF ,RDF,ASS
1480675000,PUFGL00844,DIV475814,EDD SEORAHI,IDF,IDF,ASS
1482118000,FGLTD02929,DIV475814,EDD SEORAHI,IDF ,IDF,ASS
1482216000,PUFGL00562,DIV475934,EDD SALEMPUR,RDF,RDF,ASS
1484392692,FGLTD02312,DIV435731,"EDD GULHARIYA BAZAR,GORAKHPUR",RDF ,OK,MU
1484737000,PUFGL00158,DIV435731,"EDD GULHARIYA BAZAR,GORAKHPUR",IDF ,IDF,ASS
1488518000,FGLTD02305,DIV475814,EDD SEORAHI,IDF ,IDF,ASS
1489185000,PUFGL00807,DIV475813,"EDD KASYA, KUSHINAGAR",RDF ,OK,MU
1489697000,PUFGL00259,DIV435733,EDD CAMPIEARGANJ,RDF ,OK,MU
1490377098,FGLTD01661,DIV475814,EDD SEORAHI,IDF,IDF,ASS
1494507027,PUFGL01001,DIV475612,EDD I MAHARAJGANJ,RDF ,P,PROV
1497618000,PUFGL00407,DIV435722,"EDD SAHJANWA,GORAKHPUR",IDF ,IDF,ASS
1502031582,PUFGL00631,DIV475935,EDD GAURI BAZAR,IDF ,IDF,ASS
1504454000,PUFGL00706,DIV475811,EDD PADRAUNA,IDF,IDF,ASS
1505817412,FGLTD02737,DIV435733,EDD CAMPIEARGANJ,IDF ,IDF,ASS
1506997000,PUFGL00916,DIV475612,EDD I MAHARAJGANJ,RDF ,RDF,ASS
1507685000,PUFGL00428,DIV435722,"EDD SAHJANWA,GORAKHPUR",RDF ,OK,MU
1508077000,PUFGL01019,DIV475612,EDD I MAHARAJGANJ,RDF ,OK,MU
1508257000,PUFGL00802,DIV475813,"EDD KASYA, KUSHINAGAR",IDF ,IDF,ASS
1509567000,FGLTD02908,DIV435733,EDD CAMPIEARGANJ,RDF ,RDF,ASS
1511122354,FGLTD01661,DIV475814,EDD SEORAHI,IDF ,IDF,ASS
1515126000,PUFGL01215,DIV475935,EDD GAURI BAZAR,RDF ,OK,MU
1518177000,PUFGL00732,DIV475812,EDD HATA,RDF ,P,PROV
1518575000,FGLTD01671,DIV475814,EDD SEORAHI,RDF ,RDF,ASS
1519276000,FGLTD03294,DIV475814,EDD SEORAHI,IDF ,IDF,ASS
1524454000,PUFGL00715,DIV475811,EDD PADRAUNA,RDF ,RDF,ASS
1525277000,PUFGL00250,DIV435733,EDD CAMPIEARGANJ,RDF ,P,PROV
1526426000,PUFGL01017,DIV475612,EDD I MAHARAJGANJ,RDF ,P,PROV
1527517000,PUFGL00684,DIV475811,EDD PADRAUNA,IDF ,IDF,ASS
1528976000,PUFGL00657,DIV475811,EDD PADRAUNA,RDF,RDF,ASS
1529627000,FGLTD02667,DIV475813,"EDD KASYA, KUSHINAGAR",IDF ,IDF,ASS
1530037000,FGLTD02737,DIV435733,EDD CAMPIEARGANJ,IDF ,IDF,ASS
1532437000,PUFGL00418,DIV435722,"EDD SAHJANWA,GORAKHPUR",RDF ,OK,MU
1532987000,PUFGL00932,DIV475612,EDD I MAHARAJGANJ,RDF ,RDF,ASS
1533225571,PUFGL01060,DIV475613,EDD NAUTANWA,RDF ,OK,MU
1533737000,PUFGL00572,DIV475934,EDD SALEMPUR,IDF ,IDF,ASS
1534407000,FGLTD03390,DIV475811,EDD PADRAUNA,IDF ,IDF,ASS
1536637000,PUFGL00481,DIV475932,EDD DEORIA,RDF ,OK,MU
1536756734,PUFGL00835,DIV475813,"EDD KASYA, KUSHINAGAR",RDF ,OK,MU
1537027000,FGLTD03337,DIV475811,EDD PADRAUNA,RDF ,P,PROV
1538616000,FGLTD02606,DIV475814,EDD SEORAHI,IDF ,IDF,ASS
1540212000,FGLTD01760,DIV435711,"EUDD TOWNHALL,GORAKHPUR",RDF ,RDF,ASS
1540765000,FGLTD01355,DIV435733,EDD CAMPIEARGANJ,RDF,P,PROV
1546137000,FGLTD01592,DIV475812,EDD HATA,IDF ,IDF,ASS
1547165000,FGLTD02410,DIV475932,EDD DEORIA,RDF ,OK,CEIL
1547877000,FGLTD03118,DIV475814,EDD SEORAHI,IDF ,IDF,ASS
1551307000,PUFGL00760,DIV475812,EDD HATA,RDF ,OK,MU
1551477000,PUFGL00570,DIV475934,EDD SALEMPUR,RDF ,RDF,ASS
1553147000,PUFGL00449,DIV475931,EDD BARHAJ,RDF ,RDF,ASS
1554696305,PUFGL00886,DIV475611,EDD II ANANDNAGAR,RDF ,OK,MU
1555026000,PUFGL00556,DIV475934,EDD SALEMPUR,IDF ,IDF,ASS
1555727000,FGLTD01283,DIV475935,EDD GAURI BAZAR,RDF ,OK,MU
1557886000,PUFGL00374,DIV435722,"EDD SAHJANWA,GORAKHPUR",RDF ,P,PROV
1557887722,PUFGL00474,DIV475932,EDD DEORIA,RDF ,OK,MU
1559666000,PUFGL00704,DIV475811,EDD PADRAUNA,IDF ,IDF,ASS
1559686000,PUFGL00836,DIV475813,"EDD KASYA, KUSHINAGAR",RDF,RDF,ASS
1559865000,FGLTD01355,DIV435733,EDD CAMPIEARGANJ,RDF,P,PROV
1560687780,FGLTD02139,DIV475613,EDD NAUTANWA,RDF ,RDF,ASS
1561085000,FGLTD03292,DIV475814,EDD SEORAHI,RDF ,OK,MU
1561117000,PUFGL00784,DIV475812,EDD HATA,RDF ,OK,MU
1563596450,PUFGL01015,DIV475612,EDD I MAHARAJGANJ,RDF ,OK,MU
1564828191,FGLTD01513,DIV475935,EDD GAURI BAZAR,RDF ,OK,CEIL
1568066000,PUFGL00375,DIV435722,"EDD SAHJANWA,GORAKHPUR",RDF ,P,PROV
1568195826,FGLTD02305,DIV475814,EDD SEORAHI,IDF ,IDF,ASS
1570522534,FGLTD01808,DIV475934,EDD SALEMPUR,RDF ,OK,MU
1570542122,PUFGL00414,DIV435722,"EDD SAHJANWA,GORAKHPUR",RDF ,RDF,ASS
1572336000,FGLTD03116,DIV475814,EDD SEORAHI,IDF ,IDF,ASS
1572597000,FGLTD01660,DIV475814,EDD SEORAHI,IDF ,IDF,ASS
1573635054,PUFGL00704,DIV475811,EDD PADRAUNA,IDF ,IDF,ASS
1574747000,PUFGL00784,DIV475812,EDD HATA,RDF ,OK,MU
1574955000,PUFGL00843,DIV475814,EDD SEORAHI,IDF ,IDF,ASS
1575607000,FGLTD02408,DIV475935,EDD GAURI BAZAR,RDF ,RDF,ASS
1576997000,FGLTD02823,DIV475614,EDD NICHLAUL,RDF ,RDF,ASS
1577237000,PUFGL01015,DIV475612,EDD I MAHARAJGANJ,IDF ,IDF,ASS
1577507000,FGLTD03118,DIV475814,EDD SEORAHI,IDF ,IDF,ASS
1577647000,PUFGL00844,DIV475814,EDD SEORAHI,IDF ,IDF,ASS
1579121939,FGLTD03241,DIV475812,EDD HATA,IDF ,IDF,ASS
1579496000,PUFGL00758,DIV475812,EDD HATA,RDF ,P,PROV
1579996000,PUFGL00885,DIV475611,EDD II ANANDNAGAR,RDF ,RDF,ASS
1581165000,FGLTD03321,DIV475812,EDD HATA,RDF ,RDF,ASS
1581256000,PUFGL00592,DIV475934,EDD SALEMPUR,RDF ,RDF,ASS
1583127000,PUFGL00325,DIV435721,EDD KAURIRAM,RDF ,RDF,ASS
1583727000,PUFGL00184,DIV435731,"EDD GULHARIYA BAZAR,GORAKHPUR",RDF ,P,PROV
1585336000,PUFGL00860,DIV475611,EDD II ANANDNAGAR,RDF ,OK,MU
1586295407,FGLTD02236,DIV435714,"EUDD RAPTINAGAR,GORAKHPUR",RDF ,OK,MU
1589888706,PUFGL01047,DIV475613,EDD NAUTANWA,RDF ,P,PROV
1590196000,PUFGL00268,DIV435733,EDD CAMPIEARGANJ,RDF,P,PROV
1591293595,PUFGL01049,DIV475613,EDD NAUTANWA,RDF ,RDF,ASS
1592156000,FGLTD01557,DIV475932,EDD DEORIA,RDF,OK,CEIL
1594066000,PUFGL00749,DIV475812,EDD HATA,IDF ,IDF,ASS
1595787000,FGLTD02123,DIV475612,EDD I MAHARAJGANJ,RDF ,RDF,ASS
1600576000,FGLTD02950,DIV475811,EDD PADRAUNA,IDF ,IDF,ASS
1600687000,PUFGL00548,DIV475934,EDD SALEMPUR,RDF ,RDF,ASS
1602916000,FGLTD02676,DIV475611,EDD II ANANDNAGAR,RDF ,OK,MU
1603118000,PUFGL00844,DIV475814,EDD SEORAHI,IDF,IDF,ASS
1604037000,FGLTD03294,DIV475814,EDD SEORAHI,IDF ,IDF,ASS
1604118000,FGLTD02606,DIV475814,EDD SEORAHI,IDF ,IDF,ASS
1604977000,PUFGL00938,DIV475612,EDD I MAHARAJGANJ,RDF ,OK,MU
1606136000,PUFGL00584,DIV475934,EDD SALEMPUR,RDF,RDF,ASS
1607668265,PUFGL00830,DIV475813,"EDD KASYA, KUSHINAGAR",RDF ,RDF,ASS
1608018000,PUFGL00339,DIV435721,EDD KAURIRAM,IDF,IDF,ASS
1609130817,PUFGL00920,DIV475612,EDD I MAHARAJGANJ,RDF ,OK,MU
1609447000,FGLTD01258,DIV475932,EDD DEORIA,RDF ,OK,MU
1610563202,FGLTD03227,DIV475813,"EDD KASYA, KUSHINAGAR",RDF ,OK,MU
1611087000,PUFGL00868,DIV475611,EDD II ANANDNAGAR,RDF ,RDF,ASS
1612568842,FGLTD01190,DIV475813,"EDD KASYA, KUSHINAGAR",RDF ,RDF,ASS
1613191217,PUFGL00875,DIV475611,EDD II ANANDNAGAR,RDF ,OK,MU
1614927129,PUFGL00806,DIV475813,"EDD KASYA, KUSHINAGAR",RDF ,RDF,ASS
1616086000,PUFGL00428,DIV435722,"EDD SAHJANWA,GORAKHPUR",RDF ,RDF,NULL
1618852092,FGLTD02460,DIV475932,EDD DEORIA,RDF ,OK,MU
1620675000,FGLTD02305,DIV475814,EDD SEORAHI,IDF ,IDF,ASS
1623677000,FGLTD01513,DIV475935,EDD GAURI BAZAR,RDF ,OK,MU
1628946000,FGLTD02808,DIV475934,EDD SALEMPUR,RDF ,RDF,ASS
1630156000,PUFGL00339,DIV435721,EDD KAURIRAM,RDF,P,PROV
1630526000,PUFGL00683,DIV475811,EDD PADRAUNA,IDF,IDF,ASS
1632415619,PUFGL00929,DIV475612,EDD I MAHARAJGANJ,RDF ,OK,MU
1632454000,PUFGL00712,DIV475811,EDD PADRAUNA,RDF ,RDF,ASS
1632467000,PUFGL01065,DIV475613,EDD NAUTANWA,RDF,P,PROV
1632497000,FGLTD02371,DIV435722,"EDD SAHJANWA,GORAKHPUR",RDF ,P,PROV
1636501807,PUFGL00790,DIV475812,EDD HATA,RDF ,RDF,ASS
1638597332,PUFGL00737,DIV475812,EDD HATA,RDF ,RDF,ASS
1639226000,PUFGL00676,DIV475811,EDD PADRAUNA,IDF ,IDF,ASS
1640983627,PUFGL00893,DIV475611,EDD II ANANDNAGAR,RDF ,OK,MU
1642232299,PUFGL00922,DIV475612,EDD I MAHARAJGANJ,RDF ,OK,MU
1645207679,FGLTD03101,DIV475932,EDD DEORIA,RDF ,OK,MU
1646737000,PUFGL00592,DIV475934,EDD SALEMPUR,RDF ,RDF,ASS
1646786000,PUFGL00836,DIV475813,"EDD KASYA, KUSHINAGAR",RDF ,OK,MU
1646808000,PUFGL01063,DIV475613,EDD NAUTANWA,RDF ,OK,MU
1648055521,PUFGL01004,DIV475612,EDD I MAHARAJGANJ,RDF ,OK,MU
1652486490,FGLTD01757,DIV435712,"EUDD SRI GORAKHNATH,GORAKHPUR",RDF ,OK,MU
1654336000,PUFGL00620,DIV475935,EDD GAURI BAZAR,RDF ,OK,MU
1655340032,FGLTD01808,DIV475934,EDD SALEMPUR,RDF ,OK,MU
1655563003,FGLTD03118,DIV475814,EDD SEORAHI,IDF ,IDF,ASS
1660617000,PUFGL00980,DIV475612,EDD I MAHARAJGANJ,RDF ,RDF,ASS
1660866000,PUFGL00531,DIV475934,EDD SALEMPUR,RDF ,P,PROV
1662006000,FGLTD01612,DIV475811,EDD PADRAUNA,IDF ,IDF,ASS
1663307000,FGLTD01594,DIV475812,EDD HATA,IDF ,IDF,ASS
1663676000,FGLTD02717,DIV475613,EDD NAUTANWA,RDF ,P,PROV
1663897000,PUFGL00592,DIV475934,EDD SALEMPUR,RDF ,RDF,ASS
1667267000,FGLTD02929,DIV475814,EDD SEORAHI,IDF ,IDF,ASS
1667549855,PUFGL00712,DIV475811,EDD PADRAUNA,RDF ,RDF,ASS
1667937320,PUFGL00110,DIV435732,EDD CHAURI CHAURA,RDF ,RDF,ASS
1668518000,PUFGL00830,DIV475813,"EDD KASYA, KUSHINAGAR",RDF ,OK,MU
1675409731,PUFGL00987,DIV475612,EDD I MAHARAJGANJ,RDF ,P,PROV
1675587000,FGLTD03101,DIV475932,EDD DEORIA,RDF ,RDF,ASS
1676027000,PUFGL00476,DIV475932,EDD DEORIA,RDF,RDF,ASS
1676216950,PUFGL00577,DIV475934,EDD SALEMPUR,IDF ,IDF,ASS
1678408000,PUFGL00257,DIV435733,EDD CAMPIEARGANJ,IDF ,IDF,ASS
1678836000,PUFGL00877,DIV475611,EDD II ANANDNAGAR,RDF ,OK,MU
1678857000,FGLTD02421,DIV475613,EDD NAUTANWA,RDF ,RDF,ASS
1683697000,FGLTD03242,DIV475812,EDD HATA,RDF ,P,PROV
1684485000,FGLTD03248,DIV475612,EDD I MAHARAJGANJ,RDF ,P,PROV
1685616000,FGLTD01606,DIV475811,EDD PADRAUNA,RDF ,OK,MU
1686656349,FGLTD02651,DIV475613,EDD NAUTANWA,RDF ,RDF,ASS
1686876000,PUFGL00790,DIV475812,EDD HATA,IDF,IDF,ASS
1687277862,PUFGL01103,DIV475614,EDD NICHLAUL,RDF ,RDF,ASS
1689175000,PUFGL01063,DIV475613,EDD NAUTANWA,RDF,P,PROV
1690736000,PUFGL01095,DIV475614,EDD NICHLAUL,RDF ,P,PROV
1692093907,PUFGL00887,DIV475611,EDD II ANANDNAGAR,RDF ,OK,MU
1693166000,FGLTD03393,DIV475814,EDD SEORAHI,IDF ,IDF,ASS
1694586000,PUFGL01151,DIV475614,EDD NICHLAUL,RDF ,OK,MU
1695266000,FGLTD02540,DIV435731,"EDD GULHARIYA BAZAR,GORAKHPUR",RDF ,RDF,ASS
1695567000,PUFGL00453,DIV475931,EDD BARHAJ,RDF ,OK,MU
1695707000,PUFGL00684,DIV475811,EDD PADRAUNA,RDF ,OK,MU
1697996000,PUFGL00487,DIV475932,EDD DEORIA,RDF ,OK,CEIL
1699176000,PUFGL00583,DIV475934,EDD SALEMPUR,RDF ,OK,MU
1701787000,FGLTD02305,DIV475814,EDD SEORAHI,IDF ,IDF,ASS
1704756000,FGLTD03289,DIV475814,EDD SEORAHI,IDF ,IDF,ASS
1707856000,PUFGL00764,DIV475812,EDD HATA,IDF ,IDF,ASS
1710419993,PUFGL00845,DIV475814,EDD SEORAHI,RDF ,RDF,ASS
1710828142,FGLTD01536,DIV475934,EDD SALEMPUR,RDF ,RDF,ASS
1716986000,PUFGL00684,DIV475811,EDD PADRAUNA,IDF ,IDF,ASS
1717376000,FGLTD01661,DIV475814,EDD SEORAHI,IDF,IDF,ASS
1718512130,FGLTD01368,DIV435711,"EUDD TOWNHALL,GORAKHPUR",RDF ,OK,MU
1722153647,FGLTD02079,DIV475811,EDD PADRAUNA,RDF ,OK,MU
1724127000,PUFGL00606,DIV475934,EDD SALEMPUR,RDF ,RDF,ASS
1725316000,FGLTD03024,DIV435731,"EDD GULHARIYA BAZAR,GORAKHPUR",RDF ,OK,MU
1726119558,FGLTD01395,DIV435732,EDD CHAURI CHAURA,RDF ,BR,MU
1728867000,FGLTD03289,DIV475814,EDD SEORAHI,IDF ,IDF,ASS
1729528069,PUFGL00264,DIV435733,EDD CAMPIEARGANJ,RDF ,OK,MU
1730707000,PUFGL00760,DIV475812,EDD HATA,IDF ,IDF,ASS
1733007000,FGLTD02147,DIV475614,EDD NICHLAUL,RDF ,OK,MU
1734753419,FGLTD02929,DIV475814,EDD SEORAHI,IDF ,IDF,ASS
1741047000,PUFGL00704,DIV475811,EDD PADRAUNA,IDF ,IDF,ASS
1745427000,PUFGL00513,DIV475932,EDD DEORIA,RDF ,P,PROV
1746196000,PUFGL00916,DIV475612,EDD I MAHARAJGANJ,RDF ,RDF,ASS
1746475000,PUFGL00587,DIV475934,EDD SALEMPUR,RDF ,RDF,ASS
1746575000,FGLTD03393,DIV475814,EDD SEORAHI,IDF ,IDF,ASS
1747256621,PUFGL01008,DIV475612,EDD I MAHARAJGANJ,RDF ,RDF,ASS
1747746000,PUFGL00592,DIV475934,EDD SALEMPUR,RDF ,RDF,ASS
1751899436,PUFGL01054,DIV475613,EDD NAUTANWA,RDF ,RDF,ASS
1753817000,PUFGL00507,DIV475932,EDD DEORIA,RDF ,OK,MU
1758526000,PUFGL00916,DIV475612,EDD I MAHARAJGANJ,RDF ,OK,MU
1758796000,FGLTD03294,DIV475814,EDD SEORAHI,IDF ,IDF,ASS
1759417000,FGLTD03410,DIV475611,EDD II ANANDNAGAR,RDF ,RDF,ASS
1761817405,PUFGL00997,DIV475612,EDD I MAHARAJGANJ,RDF ,P,PROV
1762446122,FGLTD01248,DIV475811,EDD PADRAUNA,IDF ,IDF,ASS
1765493104,FGLTD02667,DIV475813,"EDD KASYA, KUSHINAGAR",RDF ,RDF,ASS
1765618000,PUFGL00202,DIV435731,"EDD GULHARIYA BAZAR,GORAKHPUR",RDF,P,PROV
1766418000,FGLTD02826,DIV475812,EDD HATA,RDF ,P,PROV
1766866000,PUFGL00777,DIV475812,EDD HATA,RDF ,OK,MU
1767387859,PUFGL00539,DIV475934,EDD SALEMPUR,RDF ,RDF,ASS
1768337000,FGLTD02083,DIV475812,EDD HATA,RDF ,P,PROV
1768476000,PUFGL00783,DIV475812,EDD HATA,RDF,BR,MU
1772066000,PUFGL00562,DIV475934,EDD SALEMPUR,RDF,RDF,ASS
1772227000,FGLTD02305,DIV475814,EDD SEORAHI,IDF,IDF,ASS
1773118000,PUFGL01218,DIV475935,EDD GAURI BAZAR,RDF ,RDF,ASS
1774257000,FGLTD01188,DIV475813,"EDD KASYA, KUSHINAGAR",RDF ,RDF,ASS
1775796000,PUFGL00843,DIV475814,EDD SEORAHI,IDF ,IDF,ASS
1776356000,FGLTD02667,DIV475813,"EDD KASYA, KUSHINAGAR",RDF ,RDF,ASS
1781597000,PUFGL01218,DIV475935,EDD GAURI BAZAR,RDF ,RDF,ASS
1783827000,PUFGL00875,DIV475611,EDD II ANANDNAGAR,RDF ,RDF,ASS
1785065000,PUFGL00729,DIV475812,EDD HATA,RDF ,P,PROV
1785527663,PUFGL00117,DIV435732,EDD CHAURI CHAURA,RDF ,OK,MU
1785792629,FGLTD01630,DIV475812,EDD HATA,RDF ,P,PROV
1786777799,PUFGL00778,DIV475812,EDD HATA,RDF ,OK,MU
1787327000,PUFGL00257,DIV435733,EDD CAMPIEARGANJ,IDF ,IDF,ASS
1787736000,PUFGL00194,DIV435731,"EDD GULHARIYA BAZAR,GORAKHPUR",RDF ,RDF,ASS
1788906228,PUFGL00823,DIV475813,"EDD KASYA, KUSHINAGAR",RDF ,OK,MU
1790677000,PUFGL00751,DIV475812,EDD HATA,RDF ,OK,MU
1790916000,PUFGL00890,DIV475611,EDD II ANANDNAGAR,RDF ,OK,MU
1791846000,PUFGL00376,DIV435722,"EDD SAHJANWA,GORAKHPUR",RDF ,P,PROV
1792886000,PUFGL00225,DIV435731,"EDD GULHARIYA BAZAR,GORAKHPUR",RDF ,RDF,ASS
1793897603,FGLTD02967,DIV475934,EDD SALEMPUR,RDF ,RDF,ASS
1793966000,PUFGL01047,DIV475613,EDD NAUTANWA,RDF ,OK,MU
1794015332,FGLTD02775,DIV435713,"EUDD MOHADDIPUR,GORAKHPUR",RDF ,OK,MU
1797697154,FGLTD02823,DIV475614,EDD NICHLAUL,RDF ,RDF,ASS
1797708000,PUFGL00844,DIV475814,EDD SEORAHI,IDF,IDF,ASS
1798308000,PUFGL00916,DIV475612,EDD I MAHARAJGANJ,RDF ,OK,MU
1799025171,FGLTD01966,DIV475812,EDD HATA,IDF ,IDF,ASS
1800396000,PUFGL00790,DIV475812,EDD HATA,RDF ,RDF,ASS
1802665000,PUFGL00487,DIV475932,EDD DEORIA,RDF ,OK,MU
1807166000,FGLTD01188,DIV475813,"EDD KASYA, KUSHINAGAR",RDF ,RDF,ASS
1807666000,FGLTD02979,DIV435733,EDD CAMPIEARGANJ,RDF ,RDF,ASS
1808808000,FGLTD03358,DIV475935,EDD GAURI BAZAR,RDF ,OK,MU
1809686000,PUFGL00654,DIV475811,EDD PADRAUNA,IDF ,IDF,ASS
1810301873,FGLTD02341,DIV475612,EDD I MAHARAJGANJ,RDF ,OK,MU
1813376493,PUFGL00519,DIV475934,EDD SALEMPUR,RDF ,OK,MU
1813692209,PUFGL00706,DIV475811,EDD PADRAUNA,RDF,RDF,ASS
1814267000,FGLTD01661,DIV475814,EDD SEORAHI,IDF ,IDF,ASS
1814506127,PUFGL01047,DIV475613,EDD NAUTANWA,RDF ,OK,MU
1817457000,PUFGL00683,DIV475811,EDD PADRAUNA,IDF ,IDF,ASS
1818239167,PUFGL00706,DIV475811,EDD PADRAUNA,RDF ,RDF,ASS
1820275000,FGLTD02929,DIV475814,EDD SEORAHI,IDF ,IDF,ASS
1821207000,FGLTD03118,DIV475814,EDD SEORAHI,IDF ,IDF,ASS
1821596815,PUFGL00474,DIV475932,EDD DEORIA,RDF ,OK,MU
1822556000,FGLTD03344,DIV475813,"EDD KASYA, KUSHINAGAR",RDF ,RDF,ASS
1823955000,FGLTD03118,DIV475814,EDD SEORAHI,IDF ,IDF,ASS
1825324593,FGLTD02223,DIV435723,EDD SHIKARIGANJ,RDF ,OK,MU
1826376000,PUFGL00704,DIV475811,EDD PADRAUNA,IDF ,IDF,ASS
1826776000,FGLTD03214,DIV475612,EDD I MAHARAJGANJ,IDF ,IDF,ASS
1826997000,PUFGL00979,DIV475612,EDD I MAHARAJGANJ,RDF,P,PROV
1829165000,FGLTD01579,DIV475611,EDD II ANANDNAGAR,RDF ,OK,MU
1829457000,FGLTD01661,DIV475814,EDD SEORAHI,IDF ,IDF,ASS
1829808000,PUFGL00683,DIV475811,EDD PADRAUNA,IDF ,IDF,ASS
1830775000,PUFGL00597,DIV475934,EDD SALEMPUR,RDF ,OK,MU
1831227000,FGLTD01661,DIV475814,EDD SEORAHI,IDF ,IDF,ASS
1831685000,FGLTD03191,DIV475932,EDD DEORIA,RDF,RDF,ASS
1832369673,PUFGL00824,DIV475813,"EDD KASYA, KUSHINAGAR",RDF ,OK,CEIL
1832766000,PUFGL01017,DIV475612,EDD I MAHARAJGANJ,RDF ,OK,MU
1833526000,PUFGL00621,DIV475935,EDD GAURI BAZAR,RDF ,OK,CEIL
1834387000,FGLTD03116,DIV475814,EDD SEORAHI,IDF ,IDF,ASS
1835226000,FGLTD03230,DIV475813,"EDD KASYA, KUSHINAGAR",RDF,RDF,ASS
1836165000,PUFGL00476,DIV475932,EDD DEORIA,RDF ,RDF,ASS
1838516000,FGLTD03365,DIV435722,"EDD SAHJANWA,GORAKHPUR",RDF ,OK,MU
1838939248,PUFGL00492,DIV475932,EDD DEORIA,RDF ,RDF,ASS
1839285000,PUFGL00339,DIV435721,EDD KAURIRAM,RDF ,P,PROV
1839287000,FGLTD02016,DIV435722,"EDD SAHJANWA,GORAKHPUR",RDF ,BR,MU
1839296000,PUFGL00764,DIV475812,EDD HATA,IDF ,IDF,ASS
1839577000,FGLTD03001,DIV475613,EDD NAUTANWA,RDF ,RDF,ASS
1843264330,PUFGL00637,DIV475935,EDD GAURI BAZAR,RDF ,OK,MU
1843763697,PUFGL00437,DIV435722,"EDD SAHJANWA,GORAKHPUR",RDF ,OK,MU
1844897000,PUFGL00261,DIV435733,EDD CAMPIEARGANJ,RDF ,P,PROV
1846556000,PUFGL00674,DIV475811,EDD PADRAUNA,IDF,IDF,ASS
1848497000,PUFGL00264,DIV435733,EDD CAMPIEARGANJ,RDF ,RDF,ASS
1849408000,PUFGL00261,DIV435733,EDD CAMPIEARGANJ,IDF,IDF,ASS
1851296767,PUFGL00728,DIV475812,EDD HATA,RDF ,RDF,ASS
1851977000,FGLTD02308,DIV475814,EDD SEORAHI,IDF ,IDF,ASS
1853707000,PUFGL00253,DIV435733,EDD CAMPIEARGANJ,RDF ,OK,MU
1854575000,PUFGL00848,DIV475814,EDD SEORAHI,IDF ,IDF,ASS
1857765000,FGLTD03294,DIV475814,EDD SEORAHI,IDF ,IDF,ASS
1858157000,PUFGL00681,DIV475811,EDD PADRAUNA,IDF ,IDF,ASS
1860227000,FGLTD03096,DIV435732,EDD CHAURI CHAURA,RDF ,OK,MU
1860597000,FGLTD03116,DIV475814,EDD SEORAHI,IDF ,IDF,ASS
1861376000,PUFGL00844,DIV475814,EDD SEORAHI,IDF ,IDF,ASS
1862376000,FGLTD02471,DIV475814,EDD SEORAHI,IDF ,IDF,ASS
1862577000,PUFGL00121,DIV435732,EDD CHAURI CHAURA,RDF ,OK,MU
1863452357,FGLTD03030,DIV475932,EDD DEORIA,RDF ,OK,MU
1864282990,PUFGL01120,DIV475614,EDD NICHLAUL,RDF ,OK,MU
1865127000,FGLTD02471,DIV475814,EDD SEORAHI,IDF ,IDF,ASS
1865735100,PUFGL00987,DIV475612,EDD I MAHARAJGANJ,RDF ,OK,MU
1866176000,PUFGL00513,DIV475932,EDD DEORIA,RDF ,P,PROV
1867546000,PUFGL01144,DIV475614,EDD NICHLAUL,RDF ,RDF,ASS
1868177000,PUFGL00877,DIV475611,EDD II ANANDNAGAR,RDF ,OK,MU
1868797000,FGLTD02147,DIV475614,EDD NICHLAUL,RDF ,RDF,ASS
1871308000,PUFGL00249,DIV435733,EDD CAMPIEARGANJ,IDF ,IDF,ASS
1874117000,FGLTD03202,DIV475813,"EDD KASYA, KUSHINAGAR",IDF ,IDF,ASS
1875146000,PUFGL00536,DIV475934,EDD SALEMPUR,RDF ,RDF,ASS
1875727000,FGLTD03390,DIV475811,EDD PADRAUNA,RDF ,RDF,ASS
1876214285,PUFGL01003,DIV475612,EDD I MAHARAJGANJ,RDF ,BR,MU
1881047271,PUFGL00536,DIV475934,EDD SALEMPUR,RDF ,P,PROV
1881537000,FGLTD02667,DIV475813,"EDD KASYA, KUSHINAGAR",RDF ,RDF,ASS
1883137110,FGLTD01815,DIV435711,"EUDD TOWNHALL,GORAKHPUR",RDF ,OK,MU
1884920857,FGLTD02359,DIV475614,EDD NICHLAUL,RDF ,RDF,ASS
1884935570,PUFGL00140,DIV435732,EDD CHAURI CHAURA,RDF ,OK,CEIL
1887811267,PUFGL00522,DIV475934,EDD SALEMPUR,RDF ,P,PROV
1888067000,PUFGL00838,DIV475813,"EDD KASYA, KUSHINAGAR",RDF ,OK,CEIL
1889437000,PUFGL01095,DIV475614,EDD NICHLAUL,RDF ,P,PROV
1889485000,PUFGL00901,DIV475611,EDD II ANANDNAGAR,RDF ,RDF,ASS
1891637000,PUFGL00202,DIV435731,"EDD GULHARIYA BAZAR,GORAKHPUR",RDF,RDF,ASS
1892404930,FGLTD02667,DIV475813,"EDD KASYA, KUSHINAGAR",RDF ,RDF,NULL
1892672671,PUFGL00230,DIV435733,EDD CAMPIEARGANJ,RDF ,OK,MU
1893376000,FGLTD03294,DIV475814,EDD SEORAHI,IDF ,IDF,ASS
1893436000,PUFGL00754,DIV475812,EDD HATA,IDF ,IDF,ASS
1893475000,FGLTD02948,DIV475811,EDD PADRAUNA,RDF ,RDF,ASS
1893766000,FGLTD03099,DIV475932,EDD DEORIA,RDF ,OK,MU
1894766000,PUFGL01010,DIV475612,EDD I MAHARAJGANJ,RDF ,OK,MU
1895256000,FGLTD02371,DIV435722,"EDD SAHJANWA,GORAKHPUR",RDF ,RDF,ASS
1895686407,PUFGL00884,DIV475611,EDD II ANANDNAGAR,RDF ,BR,MU
1896216000,PUFGL00811,DIV475813,"EDD KASYA, KUSHINAGAR",RDF ,RDF,ASS
1896867745,PUFGL00476,DIV475932,EDD DEORIA,RDF ,RDF,ASS
1897074991,FGLTD02238,DIV475932,EDD DEORIA,RDF ,RDF,ASS
1897718000,FGLTD03099,DIV475932,EDD DEORIA,RDF ,P,PROV
1901056000,PUFGL00754,DIV475812,EDD HATA,RDF ,RDF,ASS
1901065000,FGLTD02929,DIV475814,EDD SEORAHI,IDF ,IDF,ASS
1903272265,FGLTD02571,DIV435731,"EDD GULHARIYA BAZAR,GORAKHPUR",RDF,RDF,ASS
1904966000,PUFGL01039,DIV475613,EDD NAUTANWA,RDF ,OK,MU
1905846000,PUFGL00806,DIV475813,"EDD KASYA, KUSHINAGAR",IDF ,IDF,ASS
1905996345,FGLTD02667,DIV475813,"EDD KASYA, KUSHINAGAR",RDF ,RDF,ASS
1906086000,FGLTD02810,DIV475934,EDD SALEMPUR,RDF ,OK,MU
1906103691,PUFGL00264,DIV435733,EDD CAMPIEARGANJ,RDF ,RDF,ASS
1906137000,FGLTD02737,DIV435733,EDD CAMPIEARGANJ,IDF ,IDF,ASS
1907776000,PUFGL01107,DIV475614,EDD NICHLAUL,RDF ,OK,MU
1909787000,PUFGL00540,DIV475934,EDD SALEMPUR,RDF ,RDF,ASS
1910676000,PUFGL00363,DIV435722,"EDD SAHJANWA,GORAKHPUR",RDF ,OK,MU
1911217000,PUFGL00811,DIV475813,"EDD KASYA, KUSHINAGAR",RDF ,RDF,ASS
1911727000,FGLTD03220,DIV475613,EDD NAUTANWA,RDF ,RDF,ASS
1912037000,FGLTD01661,DIV475814,EDD SEORAHI,IDF ,IDF,ASS
1912456000,PUFGL00639,DIV475935,EDD GAURI BAZAR,RDF,RDF,ASS
1913536379,FGLTD03157,DIV475614,EDD NICHLAUL,RDF ,OK,MU
1913986000,PUFGL00848,DIV475814,EDD SEORAHI,IDF ,IDF,ASS
1914166000,FGLTD02305,DIV475814,EDD SEORAHI,IDF ,IDF,ASS
1917347000,PUFGL01046,DIV475613,EDD NAUTANWA,RDF ,RDF,ASS
1919867000,FGLTD01188,DIV475813,"EDD KASYA, KUSHINAGAR",RDF ,RDF,ASS
1920657000,FGLTD02139,DIV475613,EDD NAUTANWA,RDF ,RDF,ASS
1920727148,FGLTD02775,DIV435713,"EUDD MOHADDIPUR,GORAKHPUR",RDF ,OK,MU
1921537000,FGLTD03203,DIV475813,"EDD KASYA, KUSHINAGAR",RDF ,RDF,ASS
1921977000,PUFGL00704,DIV475811,EDD PADRAUNA,RDF ,RDF,ASS
1922457000,FGLTD01661,DIV475814,EDD SEORAHI,IDF,IDF,ASS
1925385000,PUFGL01017,DIV475612,EDD I MAHARAJGANJ,RDF ,OK,MU
1927026000,PUFGL00916,DIV475612,EDD I MAHARAJGANJ,RDF,OK,MU
1930607000,FGLTD02474,DIV475814,EDD SEORAHI,IDF ,IDF,ASS
1931207000,FGLTD02305,DIV475814,EDD SEORAHI,IDF ,IDF,ASS
1934656000,PUFGL00844,DIV475814,EDD SEORAHI,IDF,IDF,ASS
1934777000,FGLTD01258,DIV475932,EDD DEORIA,RDF ,RDF,ASS
1935095024,PUFGL00204,DIV435731,"EDD GULHARIYA BAZAR,GORAKHPUR",RDF ,P,PROV
1935185000,PUFGL00620,DIV475935,EDD GAURI BAZAR,RDF ,BR,MU
1939187000,FGLTD02967,DIV475934,EDD SALEMPUR,RDF ,RDF,ASS
1940318000,FGLTD01177,DIV475812,EDD HATA,RDF ,P,PROV
1941703379,PUFGL01201,DIV475932,EDD DEORIA,RDF ,OK,MU
1942519425,FGLTD03393,DIV475814,EDD SEORAHI,IDF ,IDF,ASS
1942656000,PUFGL00427,DIV435722,"EDD SAHJANWA,GORAKHPUR",RDF ,OK,MU
1944312000,FGLTD01760,DIV435711,"EUDD TOWNHALL,GORAKHPUR",RDF ,OK,MU
1944365000,PUFGL00421,DIV435722,"EDD SAHJANWA,GORAKHPUR",RDF ,RDF,ASS
1944387000,FGLTD03394,DIV475814,EDD SEORAHI,IDF ,IDF,ASS
1945136000,PUFGL00548,DIV475934,EDD SALEMPUR,RDF ,RDF,ASS
1945236000,FGLTD02305,DIV475814,EDD SEORAHI,IDF ,IDF,ASS
1945775000,PUFGL00671,DIV475811,EDD PADRAUNA,IDF ,IDF,ASS
1947153078,PUFGL00893,DIV475611,EDD II ANANDNAGAR,RDF ,OK,MU
1949817000,PUFGL00300,DIV435723,EDD SHIKARIGANJ,RDF ,RDF,ASS
1950156184,PUFGL00860,DIV475611,EDD II ANANDNAGAR,RDF ,OK,MU
1952927000,PUFGL00204,DIV435731,"EDD GULHARIYA BAZAR,GORAKHPUR",RDF ,P,PROV
1955999888,FGLTD03393,DIV475814,EDD SEORAHI,IDF ,IDF,ASS
1956175000,FGLTD03157,DIV475614,EDD NICHLAUL,RDF ,RDF,ASS
1956959494,PUFGL00162,DIV435731,"EDD GULHARIYA BAZAR,GORAKHPUR",RDF ,P,PROV
1957171506,PUFGL00180,DIV435731,"EDD GULHARIYA BAZAR,GORAKHPUR",RDF ,RDF,ASS
1957375000,PUFGL00388,DIV435722,"EDD SAHJANWA,GORAKHPUR",RDF ,BR,MU
1958236000,PUFGL00704,DIV475811,EDD PADRAUNA,IDF ,IDF,ASS
1959816000,PUFGL00987,DIV475612,EDD I MAHARAJGANJ,RDF ,P,PROV
1961144947,PUFGL01132,DIV475614,EDD NICHLAUL,RDF ,OK,MU
1962112295,FGLTD02246,DIV475932,EDD DEORIA,RDF ,OK,MU
1964136380,PUFGL01044,DIV475613,EDD NAUTANWA,RDF ,OK,MU
1965796000,PUFGL00261,DIV435733,EDD CAMPIEARGANJ,IDF,IDF,ASS
1965846000,PUFGL00843,DIV475814,EDD SEORAHI,IDF ,IDF,ASS
1965917000,FGLTD03120,DIV475813,"EDD KASYA, KUSHINAGAR",RDF ,RDF,ASS
1968497000,PUFGL00268,DIV435733,EDD CAMPIEARGANJ,RDF ,OK,MU
1969946000,FGLTD02587,DIV475611,EDD II ANANDNAGAR,RDF ,OK,MU
1970665000,FGLTD03090,DIV435733,EDD CAMPIEARGANJ,IDF ,IDF,ASS
1971646000,FGLTD03390,DIV475811,EDD PADRAUNA,RDF ,RDF,ASS
1973353376,PUFGL00637,DIV475935,EDD GAURI BAZAR,RDF ,OK,MU
1973506116,FGLTD02755,DIV475811,EDD PADRAUNA,IDF,IDF,ASS
1973977000,FGLTD03118,DIV475814,EDD SEORAHI,IDF ,IDF,ASS
1974407000,PUFGL00704,DIV475811,EDD PADRAUNA,IDF ,IDF,ASS
1975775000,PUFGL00764,DIV475812,EDD HATA,IDF,IDF,ASS
1976166000,FGLTD02667,DIV475813,"EDD KASYA, KUSHINAGAR",RDF ,RDF,ASS
1978808000,FGLTD03122,DIV475813,"EDD KASYA, KUSHINAGAR",RDF ,RDF,ASS
1979646000,PUFGL00862,DIV475611,EDD II ANANDNAGAR,RDF ,OK,MU
1980567000,PUFGL00951,DIV475612,EDD I MAHARAJGANJ,RDF ,RDF,ASS
1981096279,PUFGL01192,DIV475932,EDD DEORIA,RDF ,RDF,ASS
1982837000,PUFGL00979,DIV475612,EDD I MAHARAJGANJ,RDF,RDF,ASS
1986426000,PUFGL00850,DIV475814,EDD SEORAHI,IDF ,IDF,ASS
1987186000,PUFGL00721,DIV475811,EDD PADRAUNA,IDF,IDF,ASS
1990523515,PUFGL01208,DIV475935,EDD GAURI BAZAR,RDF ,OK,MU
1990669449,PUFGL00498,DIV475932,EDD DEORIA,RDF ,RDF,ASS
1992816181,PUFGL01056,DIV475613,EDD NAUTANWA,RDF ,P,PROV
1993027000,PUFGL00450,DIV475931,EDD BARHAJ,RDF ,OK,MU
1994037000,PUFGL00849,DIV475814,EDD SEORAHI,IDF ,IDF,ASS
1994811480,FGLTD03227,DIV475813,"EDD KASYA, KUSHINAGAR",RDF,RDF,ASS
1995775000,FGLTD03004,DIV475812,EDD HATA,IDF ,IDF,ASS
1996857000,PUFGL00951,DIV475612,EDD I MAHARAJGANJ,RDF ,RDF,ASS
1999475501,PUFGL00850,DIV475814,EDD SEORAHI,RDF ,RDF,ASS
2002837000,FGLTD02256,DIV435733,EDD CAMPIEARGANJ,RDF ,OK,MU
2004497000,PUFGL00185,DIV435731,"EDD GULHARIYA BAZAR,GORAKHPUR",RDF ,RDF,ASS
2007687000,PUFGL00987,DIV475612,EDD I MAHARAJGANJ,RDF ,RDF,ASS
2010937000,FGLTD02638,DIV475814,EDD SEORAHI,IDF,IDF,ASS
2011065000,FGLTD02929,DIV475814,EDD SEORAHI,IDF ,IDF,ASS
2012276000,PUFGL00576,DIV475934,EDD SALEMPUR,RDF ,RDF,ASS
2015538968,PUFGL00923,DIV475612,EDD I MAHARAJGANJ,RDF ,RDF,ASS
2017308500,FGLTD03096,DIV435732,EDD CHAURI CHAURA,RDF ,BR,MU
2018354000,PUFGL00709,DIV475811,EDD PADRAUNA,IDF ,IDF,ASS
2019507000,FGLTD03115,DIV475814,EDD SEORAHI,IDF,IDF,ASS
2024027000,FGLTD02957,DIV475932,EDD DEORIA,RDF ,OK,CEIL
2024985633,FGLTD02738,DIV435733,EDD CAMPIEARGANJ,IDF,IDF,ASS
2025576000,FGLTD03102,DIV475932,EDD DEORIA,RDF ,RDF,ASS
2025596000,FGLTD03013,DIV475811,EDD PADRAUNA,IDF ,IDF,NULL
2026542330,PUFGL00259,DIV435733,EDD CAMPIEARGANJ,RDF ,RDF,ASS
2029336000,PUFGL00761,DIV475812,EDD HATA,RDF ,OK,MU
2030185000,PUFGL00768,DIV475812,EDD HATA,RDF ,RDF,ASS
2031247000,FGLTD03004,DIV475812,EDD HATA,IDF ,IDF,ASS
2035177000,FGLTD01806,DIV475934,EDD SALEMPUR,IDF ,IDF,ASS
2035877886,PUFGL01114,DIV475614,EDD NICHLAUL,RDF ,RDF,ASS
2036202604,FGLTD03220,DIV475613,EDD NAUTANWA,RDF ,P,PROV
2036718000,PUFGL01209,DIV475935,EDD GAURI BAZAR,RDF ,BR,MU
2037927000,FGLTD03198,DIV475934,EDD SALEMPUR,RDF ,RDF,ASS
2039656000,PUFGL00844,DIV475814,EDD SEORAHI,IDF ,IDF,ASS
2039677000,FGLTD01191,DIV475813,"EDD KASYA, KUSHINAGAR",IDF ,IDF,ASS
2040616000,FGLTD02256,DIV435733,EDD CAMPIEARGANJ,RDF ,BR,MU
2042116000,FGLTD03327,DIV475614,EDD NICHLAUL,RDF,TDMR,MU
2045157000,PUFGL00194,DIV435731,"EDD GULHARIYA BAZAR,GORAKHPUR",RDF ,RDF,ASS
2046377000,PUFGL00863,DIV475611,EDD II ANANDNAGAR,RDF ,RDF,ASS
2046897000,FGLTD03239,DIV475812,EDD HATA,IDF ,IDF,ASS
2047796000,FGLTD01669,DIV475814,EDD SEORAHI,IDF ,IDF,ASS
2050756000,FGLTD01661,DIV475814,EDD SEORAHI,IDF,IDF,ASS
2051756000,FGLTD03393,DIV475814,EDD SEORAHI,IDF,IDF,ASS
2053508000,PUFGL00704,DIV475811,EDD PADRAUNA,IDF ,IDF,ASS
2053956000,PUFGL00342,DIV435721,EDD KAURIRAM,RDF ,P,PROV
2055786000,FGLTD02667,DIV475813,"EDD KASYA, KUSHINAGAR",RDF ,RDF,ASS
2055876000,PUFGL00421,DIV435722,"EDD SAHJANWA,GORAKHPUR",RDF ,RDF,ASS
2057875000,PUFGL00444,DIV475931,EDD BARHAJ,RDF ,OK,MU
2064217000,PUFGL00704,DIV475811,EDD PADRAUNA,RDF ,RDF,ASS
2066087000,PUFGL01058,DIV475613,EDD NAUTANWA,RDF,RDF,ASS
2066687000,PUFGL00267,DIV435733,EDD CAMPIEARGANJ,RDF ,P,PROV
2067324731,PUFGL00359,DIV435721,EDD KAURIRAM,RDF ,P,PROV
2067867000,FGLTD03390,DIV475811,EDD PADRAUNA,IDF ,IDF,ASS
2068586000,PUFGL00811,DIV475813,"EDD KASYA, KUSHINAGAR",RDF ,RDF,ASS
2071029648,FGLTD01770,DIV475814,EDD SEORAHI,IDF ,IDF,ASS
2073308000,FGLTD02239,DIV475935,EDD GAURI BAZAR,RDF ,OK,MU
2073618874,FGLTD02178,DIV475934,EDD SALEMPUR,RDF ,RDF,ASS
2073701654,FGLTD01557,DIV475932,EDD DEORIA,RDF ,P,PROV
2073887131,FGLTD02474,DIV475814,EDD SEORAHI,IDF ,IDF,ASS
2074676000,PUFGL00790,DIV475812,EDD HATA,RDF ,RDF,ASS
2074832970,PUFGL00414,DIV435722,"EDD SAHJANWA,GORAKHPUR",RDF ,RDF,ASS
2075418000,FGLTD01340,DIV435732,EDD CHAURI CHAURA,RDF ,OK,MU
2077046000,FGLTD02197,DIV435731,"EDD GULHARIYA BAZAR,GORAKHPUR",IDF ,IDF,ASS
2077156000,PUFGL00593,DIV475934,EDD SALEMPUR,RDF ,RDF,ASS
2082322681,PUFGL00261,DIV435733,EDD CAMPIEARGANJ,RDF ,RDF,ASS
2084686000,PUFGL01038,DIV475613,EDD NAUTANWA,RDF ,RDF,ASS
2085058467,PUFGL00246,DIV435733,EDD CAMPIEARGANJ,RDF ,OK,MU
2086065000,PUFGL00534,DIV475934,EDD SALEMPUR,RDF ,OK,MU
2088640923,PUFGL00764,DIV475812,EDD HATA,IDF ,IDF,ASS
2093077000,FGLTD02979,DIV435733,EDD CAMPIEARGANJ,IDF ,IDF,ASS
2095485000,PUFGL01091,DIV475614,EDD NICHLAUL,RDF ,RDF,ASS
2095697000,PUFGL00763,DIV475812,EDD HATA,IDF ,IDF,ASS
2096038703,PUFGL01200,DIV475932,EDD DEORIA,RDF ,RDF,ASS
2097536000,PUFGL00600,DIV475934,EDD SALEMPUR,RDF ,OK,MU
2097657000,PUFGL00980,DIV475612,EDD I MAHARAJGANJ,RDF ,RDF,ASS
2098977000,FGLTD02400,DIV475935,EDD GAURI BAZAR,RDF ,RDF,ASS
2099374003,FGLTD01534,DIV475935,EDD GAURI BAZAR,RDF ,OK,MU
2099526000,PUFGL00253,DIV435733,EDD CAMPIEARGANJ,RDF ,OK,MU
2100785000,PUFGL00450,DIV475931,EDD BARHAJ,RDF ,OK,MU
2100875705,PUFGL00835,DIV475813,"EDD KASYA, KUSHINAGAR",RDF ,RDF,ASS
2103242355,PUFGL00806,DIV475813,"EDD KASYA, KUSHINAGAR",RDF ,OK,MU
2104287000,PUFGL00115,DIV435732,EDD CHAURI CHAURA,RDF ,P,PROV
2104438406,FGLTD02238,DIV475932,EDD DEORIA,RDF ,RDF,ASS
2106126000,PUFGL01032,DIV475613,EDD NAUTANWA,RDF,RDF,ASS
2108317000,FGLTD01661,DIV475814,EDD SEORAHI,RDF ,P,PROV
2108703733,PUFGL01060,DIV475613,EDD NAUTANWA,RDF ,OK,MU
2115782457,PUFGL00736,DIV475812,EDD HATA,RDF ,P,PROV
2116717000,FGLTD02081,DIV475812,EDD HATA,RDF ,RDF,ASS
2118607000,PUFGL00894,DIV475611,EDD II ANANDNAGAR,RDF ,OK,MU
2119397000,FGLTD03337,DIV475811,EDD PADRAUNA,RDF ,IDF,ASS
2122563000,PUFGL00486,DIV475932,EDD DEORIA,RDF ,OK,MU
2122856000,PUFGL00592,DIV475934,EDD SALEMPUR,RDF ,RDF,ASS
2123017000,FGLTD02199,DIV435732,EDD CHAURI CHAURA,RDF ,OK,MU
2123697000,PUFGL00744,DIV475812,EDD HATA,RDF ,RDF,ASS
2124585000,PUFGL00258,DIV435733,EDD CAMPIEARGANJ,IDF,IDF,ASS
2124946000,FGLTD02951,DIV475811,EDD PADRAUNA,IDF ,IDF,ASS
2125326000,PUFGL00562,DIV475934,EDD SALEMPUR,RDF ,RDF,ASS
2125427000,PUFGL00336,DIV435721,EDD KAURIRAM,RDF ,P,PROV
2125865000,PUFGL01189,DIV475935,EDD GAURI BAZAR,RDF ,OK,MU
2127440994,PUFGL00617,DIV475935,EDD GAURI BAZAR,RDF ,OK,MU
2128127000,FGLTD02929,DIV475814,EDD SEORAHI,IDF ,IDF,ASS
2129197000,FGLTD02667,DIV475813,"EDD KASYA, KUSHINAGAR",RDF ,RDF,ASS
2130736000,FGLTD01660,DIV475814,EDD SEORAHI,IDF ,IDF,ASS
2130967000,FGLTD02667,DIV475813,"EDD KASYA, KUSHINAGAR",RDF ,RDF,ASS
2133677000,FGLTD03122,DIV475813,"EDD KASYA, KUSHINAGAR",RDF ,RDF,ASS
2133736000,FGLTD01189,DIV475813,"EDD KASYA, KUSHINAGAR",RDF ,OK,MU
2136096000,FGLTD01579,DIV475611,EDD II ANANDNAGAR,RDF ,OK,MU
2136263719,FGLTD02291,DIV475813,"EDD KASYA, KUSHINAGAR",RDF ,RDF,ASS
2136708000,FGLTD02188,DIV475934,EDD SALEMPUR,RDF ,OK,MU
2137115646,PUFGL00589,DIV475934,EDD SALEMPUR,IDF ,IDF,ASS
2138185000,FGLTD02667,DIV475813,"EDD KASYA, KUSHINAGAR",RDF,RDF,ASS
2138347633,PUFGL00711,DIV475811,EDD PADRAUNA,IDF,IDF,ASS
2138418000,PUFGL00121,DIV435732,EDD CHAURI CHAURA,RDF ,BR,MU
2139796000,PUFGL00704,DIV475811,EDD PADRAUNA,IDF ,IDF,ASS
2140246000,PUFGL00922,DIV475612,EDD I MAHARAJGANJ,RDF ,RDF,ASS
2141736000,PUFGL01107,DIV475614,EDD NICHLAUL,RDF ,RDF,ASS
2143311120,PUFGL00732,DIV475812,EDD HATA,RDF ,P,PROV
2143357000,PUFGL00176,DIV435731,"EDD GULHARIYA BAZAR,GORAKHPUR",RDF ,P,PROV
2143586000,PUFGL01006,DIV475612,EDD I MAHARAJGANJ,RDF ,P,PROV
2144927543,PUFGL00583,DIV475934,EDD SALEMPUR,RDF ,OK,MU
2145247367,PUFGL00140,DIV435732,EDD CHAURI CHAURA,RDF ,BR,MU
2147265000,FGLTD01340,DIV435732,EDD CHAURI CHAURA,RDF ,OK,MU
2147877000,PUFGL00618,DIV475935,EDD GAURI BAZAR,RDF ,BR,MU
2149527878,PUFGL00584,DIV475934,EDD SALEMPUR,RDF ,OK,MU
2150356000,PUFGL00548,DIV475934,EDD SALEMPUR,RDF ,RDF,ASS
2150806673,PUFGL00491,DIV475932,EDD DEORIA,RDF ,OK,MU
2152497000,PUFGL00585,DIV475934,EDD SALEMPUR,RDF ,RDF,ASS
2152927000,FGLTD02533,DIV435721,EDD KAURIRAM,RDF ,P,PROV
2153626000,FGLTD02081,DIV475812,EDD HATA,RDF ,P,PROV
2157597000,PUFGL00848,DIV475814,EDD SEORAHI,RDF,TDMR,MU
2157738256,FGLTD01192,DIV475813,"EDD KASYA, KUSHINAGAR",RDF ,OK,CEIL
2158026000,PUFGL00843,DIV475814,EDD SEORAHI,IDF,IDF,ASS
2160737000,PUFGL00680,DIV475811,EDD PADRAUNA,RDF ,P,PROV
2163578040,PUFGL00416,DIV435722,"EDD SAHJANWA,GORAKHPUR",RDF ,OK,MU
2163717000,FGLTD03297,DIV475812,EDD HATA,RDF ,RDF,ASS
2164236000,PUFGL00843,DIV475814,EDD SEORAHI,IDF,IDF,ASS
2167837000,FGLTD01770,DIV475814,EDD SEORAHI,IDF ,IDF,ASS
2168385000,FGLTD02471,DIV475814,EDD SEORAHI,IDF ,IDF,ASS
2169131716,FGLTD02998,DIV435733,EDD CAMPIEARGANJ,RDF ,BR,MU
2169526000,FGLTD01592,DIV475812,EDD HATA,IDF ,IDF,ASS
2169567000,PUFGL00562,DIV475934,EDD SALEMPUR,RDF,RDF,ASS
2170285000,FGLTD02662,DIV475813,"EDD KASYA, KUSHINAGAR",RDF ,P,PROV
2170757000,FGLTD01557,DIV475932,EDD DEORIA,RDF ,P,PROV
2171390145,FGLTD03116,DIV475814,EDD SEORAHI,IDF ,IDF,ASS
2172626000,PUFGL00682,DIV475811,EDD PADRAUNA,IDF ,IDF,ASS
2175144052,PUFGL01055,DIV475613,EDD NAUTANWA,RDF ,RDF,ASS
2177966000,PUFGL01151,DIV475614,EDD NICHLAUL,RDF ,RDF,ASS
2183156272,PUFGL00368,DIV435722,"EDD SAHJANWA,GORAKHPUR",RDF ,OK,MU
2183517000,FGLTD01592,DIV475812,EDD HATA,IDF ,IDF,ASS
2187796000,PUFGL01000,DIV475612,EDD I MAHARAJGANJ,RDF ,P,PROV
2192018000,PUFGL00337,DIV435721,EDD KAURIRAM,RDF ,P,PROV
2192866000,PUFGL00592,DIV475934,EDD SALEMPUR,RDF ,RDF,ASS
2194096933,PUFGL00884,DIV475611,EDD II ANANDNAGAR,RDF ,P,PROV
2194736000,PUFGL00274,DIV435723,EDD SHIKARIGANJ,RDF ,P,PROV
2194907000,FGLTD03410,DIV475611,EDD II ANANDNAGAR,RDF ,OK,MU
2195975000,FGLTD02123,DIV475612,EDD I MAHARAJGANJ,RDF ,RDF,ASS
2201636348,PUFGL00790,DIV475812,EDD HATA,RDF ,OK,MU
2202057852,FGLTD02672,DIV475813,"EDD KASYA, KUSHINAGAR",RDF ,RDF,ASS
2205218000,PUFGL00592,DIV475934,EDD SALEMPUR,RDF ,RDF,ASS
2205257000,FGLTD02667,DIV475813,"EDD KASYA, KUSHINAGAR",RDF ,RDF,ASS
2207087000,FGLTD03004,DIV475812,EDD HATA,IDF ,IDF,ASS
2208329026,PUFGL00833,DIV475813,"EDD KASYA, KUSHINAGAR",IDF ,IDF,ASS
2210108000,FGLTD02408,DIV475935,EDD GAURI BAZAR,RDF ,OK,MU
2210657000,PUFGL00790,DIV475812,EDD HATA,RDF ,RDF,ASS
2211146000,FGLTD02638,DIV475814,EDD SEORAHI,IDF,IDF,ASS
2211300363,FGLTD02540,DIV435731,"EDD GULHARIYA BAZAR,GORAKHPUR",RDF ,OK,MU
2211586000,PUFGL00778,DIV475812,EDD HATA,RDF ,RDF,ASS
2213236000,PUFGL00251,DIV435733,EDD CAMPIEARGANJ,IDF ,IDF,ASS
2215077000,FGLTD02929,DIV475814,EDD SEORAHI,IDF,IDF,ASS
2215416000,PUFGL00836,DIV475813,"EDD KASYA, KUSHINAGAR",RDF ,OK,MU
2215627000,FGLTD01669,DIV475814,EDD SEORAHI,IDF ,IDF,ASS
2218141849,FGLTD02640,DIV475935,EDD GAURI BAZAR,RDF ,OK,MU
2218687000,PUFGL00249,DIV435733,EDD CAMPIEARGANJ,RDF ,RDF,ASS
2219127000,PUFGL00843,DIV475814,EDD SEORAHI,IDF ,IDF,ASS
2219913306,FGLTD02017,DIV435722,"EDD SAHJANWA,GORAKHPUR",RDF ,OK,MU
2220563000,PUFGL00492,DIV475932,EDD DEORIA,RDF ,P,PROV
2222536000,PUFGL00487,DIV475932,EDD DEORIA,RDF,OK,CEIL
2223874962,PUFGL00393,DIV435722,"EDD SAHJANWA,GORAKHPUR",RDF ,P,PROV
2223987000,PUFGL00538,DIV475934,EDD SALEMPUR,RDF ,RDF,ASS
2224544226,PUFGL00230,DIV435733,EDD CAMPIEARGANJ,RDF ,OK,MU
2226896000,PUFGL00552,DIV475934,EDD SALEMPUR,RDF ,RDF,ASS
2226941629,PUFGL00837,DIV475813,"EDD KASYA, KUSHINAGAR",RDF,RDF,ASS
2227534357,PUFGL01019,DIV475612,EDD I MAHARAJGANJ,RDF ,P,PROV
2227556000,PUFGL00543,DIV475934,EDD SALEMPUR,RDF ,RDF,ASS
2228096000,FGLTD02587,DIV475611,EDD II ANANDNAGAR,RDF ,BR,MU
2229675000,PUFGL00883,DIV475611,EDD II ANANDNAGAR,RDF ,OK,MU
2232057000,PUFGL00414,DIV435722,"EDD SAHJANWA,GORAKHPUR",RDF ,OK,MU
2233537000,PUFGL01064,DIV475613,EDD NAUTANWA,RDF ,RDF,ASS
2234387000,FGLTD03203,DIV475813,"EDD KASYA, KUSHINAGAR",RDF ,RDF,ASS
2235354000,PUFGL00710,DIV475811,EDD PADRAUNA,RDF ,RDF,ASS
2236226000,PUFGL00802,DIV475813,"EDD KASYA, KUSHINAGAR",RDF ,P,PROV
2236474280,PUFGL00978,DIV475612,EDD I MAHARAJGANJ,RDF ,RDF,ASS
2237408000,FGLTD01881,DIV435721,EDD KAURIRAM,RDF ,OK,MU
2238204157,FGLTD02651,DIV475613,EDD NAUTANWA,RDF ,OK,MU
2238257000,PUFGL00444,DIV475931,EDD BARHAJ,RDF ,OK,MU
2238267000,FGLTD02929,DIV475814,EDD SEORAHI,IDF ,IDF,ASS
2240846000,PUFGL00188,DIV435731,"EDD GULHARIYA BAZAR,GORAKHPUR",RDF ,RDF,ASS
2244267000,PUFGL00850,DIV475814,EDD SEORAHI,IDF ,IDF,ASS
2247856000,FGLTD01248,DIV475811,EDD PADRAUNA,IDF ,IDF,ASS
2248507000,FGLTD03394,DIV475814,EDD SEORAHI,IDF,IDF,ASS
2253108000,FGLTD02471,DIV475814,EDD SEORAHI,IDF ,IDF,ASS
2253517000,FGLTD02738,DIV435733,EDD CAMPIEARGANJ,IDF ,IDF,ASS
2253577000,FGLTD03202,DIV475813,"EDD KASYA, KUSHINAGAR",RDF ,RDF,ASS
2255487000,PUFGL00679,DIV475811,EDD PADRAUNA,IDF ,IDF,ASS
2256236000,PUFGL01019,DIV475612,EDD I MAHARAJGANJ,RDF ,RDF,ASS
2257218000,FGLTD02738,DIV435733,EDD CAMPIEARGANJ,IDF ,IDF,ASS
2257647000,FGLTD02305,DIV475814,EDD SEORAHI,IDF ,IDF,ASS
2261375000,FGLTD03337,DIV475811,EDD PADRAUNA,IDF ,IDF,ASS
2261796000,PUFGL00837,DIV475813,"EDD KASYA, KUSHINAGAR",RDF ,RDF,ASS
2262807000,FGLTD03251,DIV475612,EDD I MAHARAJGANJ,RDF ,P,PROV
2263767000,FGLTD02667,DIV475813,"EDD KASYA, KUSHINAGAR",IDF ,IDF,ASS
2263967000,FGLTD03390,DIV475811,EDD PADRAUNA,IDF,IDF,ASS
2266666000,FGLTD03310,DIV475613,EDD NAUTANWA,RDF ,P,PROV
2266786000,PUFGL00858,DIV475611,EDD II ANANDNAGAR,RDF ,OK,MU
2268927000,PUFGL00945,DIV475612,EDD I MAHARAJGANJ,IDF ,IDF,ASS
2268965000,FGLTD02957,DIV475932,EDD DEORIA,RDF ,P,PROV
2272167000,FGLTD02460,DIV475932,EDD DEORIA,RDF ,P,PROV
2272622807,FGLTD01258,DIV475932,EDD DEORIA,RDF ,OK,MU
2274787000,PUFGL00723,DIV475811,EDD PADRAUNA,RDF ,P,PROV
2276947000,PUFGL00790,DIV475812,EDD HATA,RDF,RDF,ASS
2277666000,FGLTD03004,DIV475812,EDD HATA,IDF ,IDF,ASS
2278757000,PUFGL00570,DIV475934,EDD SALEMPUR,RDF ,RDF,ASS
2278765042,PUFGL00194,DIV435731,"EDD GULHARIYA BAZAR,GORAKHPUR",RDF ,RDF,ASS
2280776898,PUFGL01136,DIV475614,EDD NICHLAUL,RDF ,RDF,ASS
2281072579,PUFGL00493,DIV475932,EDD DEORIA,RDF,RDF,ASS
2284502595,FGLTD01660,DIV475814,EDD SEORAHI,IDF ,IDF,ASS
2284810112,PUFGL00513,DIV475932,EDD DEORIA,RDF ,P,PROV
2286037000,FGLTD02471,DIV475814,EDD SEORAHI,IDF ,IDF,ASS
2288247000,PUFGL00838,DIV475813,"EDD KASYA, KUSHINAGAR",RDF ,OK,MU
2289989547,PUFGL00814,DIV475813,"EDD KASYA, KUSHINAGAR",RDF ,OK,MU
2291207000,PUFGL00811,DIV475813,"EDD KASYA, KUSHINAGAR",RDF ,RDF,ASS
2291467000,PUFGL00251,DIV435733,EDD CAMPIEARGANJ,RDF ,RDF,ASS
2291587000,FGLTD01513,DIV475935,EDD GAURI BAZAR,RDF ,OK,MU
2292608000,FGLTD01808,DIV475934,EDD SALEMPUR,RDF ,OK,MU
2293387000,PUFGL00843,DIV475814,EDD SEORAHI,IDF,IDF,ASS
2294054555,PUFGL01019,DIV475612,EDD I MAHARAJGANJ,RDF ,RDF,ASS
2294337502,FGLTD01244,DIV435722,"EDD SAHJANWA,GORAKHPUR",RDF ,OK,MU
2295336000,FGLTD03004,DIV475812,EDD HATA,IDF ,IDF,ASS
2296285000,FGLTD02197,DIV435731,"EDD GULHARIYA BAZAR,GORAKHPUR",IDF ,IDF,ASS
2296437000,FGLTD03116,DIV475814,EDD SEORAHI,IDF ,IDF,ASS
2298276000,PUFGL00802,DIV475813,"EDD KASYA, KUSHINAGAR",IDF ,IDF,ASS
2298589786,PUFGL00884,DIV475611,EDD II ANANDNAGAR,RDF ,OK,MU
2299636000,PUFGL00830,DIV475813,"EDD KASYA, KUSHINAGAR",RDF ,P,PROV
2300627000,PUFGL00126,DIV435732,EDD CHAURI CHAURA,RDF ,OK,MU
2301467000,FGLTD03004,DIV475812,EDD HATA,IDF ,IDF,ASS
2301837000,FGLTD02606,DIV475814,EDD SEORAHI,RDF ,P,PROV
2302719308,PUFGL00886,DIV475611,EDD II ANANDNAGAR,RDF ,OK,MU
2303475000,PUFGL00487,DIV475932,EDD DEORIA,RDF ,OK,MU
2304707000,FGLTD02738,DIV435733,EDD CAMPIEARGANJ,IDF ,IDF,ASS
2305785000,FGLTD02744,DIV435732,EDD CHAURI CHAURA,RDF ,OK,MU
2305986000,PUFGL00844,DIV475814,EDD SEORAHI,IDF ,IDF,ASS
2306856000,PUFGL00251,DIV435733,EDD CAMPIEARGANJ,RDF ,BR,MU
2307887000,PUFGL00246,DIV435733,EDD CAMPIEARGANJ,RDF ,P,PROV
2308146000,PUFGL00746,DIV475812,EDD HATA,RDF ,OK,MU
2308827865,PUFGL00882,DIV475611,EDD II ANANDNAGAR,RDF ,RDF,ASS
2309126000,PUFGL00784,DIV475812,EDD HATA,RDF ,OK,MU
2311465000,PUFGL00830,DIV475813,"EDD KASYA, KUSHINAGAR",RDF ,OK,MU
2311536000,FGLTD02553,DIV475612,EDD I MAHARAJGANJ,RDF ,RDF,ASS
2311718954,PUFGL00110,DIV435732,EDD CHAURI CHAURA,RDF ,OK,MU
2311986000,PUFGL00971,DIV475612,EDD I MAHARAJGANJ,RDF ,P,PROV
2314986000,FGLTD02471,DIV475814,EDD SEORAHI,IDF ,IDF,ASS
2315177000,PUFGL01003,DIV475612,EDD I MAHARAJGANJ,RDF ,P,PROV
2315447000,FGLTD01189,DIV475813,"EDD KASYA, KUSHINAGAR",RDF ,RDF,ASS
2315575000,PUFGL00843,DIV475814,EDD SEORAHI,IDF ,IDF,ASS
2317601908,FGLTD03294,DIV475814,EDD SEORAHI,IDF,IDF,ASS
2319175000,PUFGL00922,DIV475612,EDD I MAHARAJGANJ,RDF ,RDF,ASS
2320456000,FGLTD03220,DIV475613,EDD NAUTANWA,RDF,RDF,ASS
2322634685,PUFGL00373,DIV435722,"EDD SAHJANWA,GORAKHPUR",IDF ,RDF,ASS
2323457000,PUFGL00635,DIV475935,EDD GAURI BAZAR,IDF,IDF,ASS
2324110120,FGLTD02638,DIV475814,EDD SEORAHI,IDF,IDF,ASS
2325017000,FGLTD01642,DIV475813,"EDD KASYA, KUSHINAGAR",RDF ,RDF,ASS
2328197000,FGLTD01188,DIV475813,"EDD KASYA, KUSHINAGAR",RDF ,RDF,ASS
2333056000,PUFGL00729,DIV475812,EDD HATA,RDF,OK,MU
2333400284,PUFGL00833,DIV475813,"EDD KASYA, KUSHINAGAR",RDF ,OK,MU
2334293569,PUFGL00713,DIV475811,EDD PADRAUNA,RDF ,OK,MU
2334986000,PUFGL00621,DIV475935,EDD GAURI BAZAR,RDF ,OK,MU
2336530392,PUFGL01207,DIV475935,EDD GAURI BAZAR,RDF ,BR,MU
2336708037,FGLTD02219,DIV435731,"EDD GULHARIYA BAZAR,GORAKHPUR",RDF ,OK,CEIL
2336727000,PUFGL01189,DIV475935,EDD GAURI BAZAR,RDF,BR,MU
2339957000,PUFGL00755,DIV475812,EDD HATA,IDF ,IDF,ASS
2340217000,FGLTD01244,DIV435722,"EDD SAHJANWA,GORAKHPUR",RDF ,OK,MU
2342890028,FGLTD01773,DIV475814,EDD SEORAHI,IDF ,IDF,ASS
2343765000,PUFGL01206,DIV475935,EDD GAURI BAZAR,RDF ,BR,MU
2349085445,PUFGL00593,DIV475934,EDD SALEMPUR,IDF ,IDF,ASS
2349156000,FGLTD02139,DIV475613,EDD NAUTANWA,RDF ,RDF,ASS
2349377000,PUFGL00540,DIV475934,EDD SALEMPUR,RDF,RDF,ASS
2349497000,FGLTD03118,DIV475814,EDD SEORAHI,IDF ,IDF,ASS
2350937000,FGLTD02305,DIV475814,EDD SEORAHI,IDF ,IDF,ASS
2354357000,PUFGL00593,DIV475934,EDD SALEMPUR,RDF ,RDF,ASS
2357385000,FGLTD03118,DIV475814,EDD SEORAHI,RDF ,RDF,ASS
2358177000,FGLTD03004,DIV475812,EDD HATA,IDF,IDF,ASS
2358361757,PUFGL01039,DIV475613,EDD NAUTANWA,RDF ,OK,MU
2358365000,PUFGL00830,DIV475813,"EDD KASYA, KUSHINAGAR",RDF ,OK,MU
2358877000,FGLTD01546,DIV475935,EDD GAURI BAZAR,RDF ,OK,MU
2360192443,FGLTD02821,DIV475614,EDD NICHLAUL,RDF ,OK,MU
2360646000,PUFGL00761,DIV475812,EDD HATA,RDF ,OK,MU
2361512497,FGLTD03344,DIV475813,"EDD KASYA, KUSHINAGAR",RDF ,RDF,ASS
2361708000,PUFGL01144,DIV475614,EDD NICHLAUL,RDF ,RDF,ASS
2362308000,PUFGL00850,DIV475814,EDD SEORAHI,RDF ,RDF,ASS
2363307000,PUFGL00202,DIV435731,"EDD GULHARIYA BAZAR,GORAKHPUR",RDF ,RDF,ASS
2364108000,PUFGL00826,DIV475813,"EDD KASYA, KUSHINAGAR",RDF ,RDF,ASS
2365236000,FGLTD03393,DIV475814,EDD SEORAHI,IDF ,IDF,ASS
2365317000,FGLTD02864,DIV435731,"EDD GULHARIYA BAZAR,GORAKHPUR",RDF ,RDF,ASS
2365747000,FGLTD01808,DIV475934,EDD SALEMPUR,RDF ,RDF,ASS
2366757000,PUFGL00457,DIV475931,EDD BARHAJ,RDF,P,PROV
2367875000,PUFGL01132,DIV475614,EDD NICHLAUL,RDF ,OK,MU
2370707000,FGLTD02587,DIV475611,EDD II ANANDNAGAR,RDF ,OK,MU
2371085000,PUFGL00830,DIV475813,"EDD KASYA, KUSHINAGAR",RDF ,OK,MU
2373140582,FGLTD01998,DIV475935,EDD GAURI BAZAR,RDF ,RDF,ASS
2373976000,FGLTD02305,DIV475814,EDD SEORAHI,IDF ,IDF,ASS
2376395140,PUFGL00802,DIV475813,"EDD KASYA, KUSHINAGAR",RDF,RDF,ASS
2377867000,FGLTD02371,DIV435722,"EDD SAHJANWA,GORAKHPUR",RDF ,P,PROV
2378518000,PUFGL00843,DIV475814,EDD SEORAHI,IDF,IDF,ASS
2379146000,PUFGL00552,DIV475934,EDD SALEMPUR,RDF ,RDF,ASS
2384775000,FGLTD03071,DIV435733,EDD CAMPIEARGANJ,RDF ,BR,MU
2385216000,FGLTD01803,DIV475934,EDD SALEMPUR,IDF ,IDF,ASS
2385545141,PUFGL00722,DIV475811,EDD PADRAUNA,IDF ,IDF,ASS
2385586000,PUFGL00521,DIV475934,EDD SALEMPUR,RDF ,RDF,ASS
2387365000,FGLTD03155,DIV475613,EDD NAUTANWA,RDF ,OK,MU
2391285000,PUFGL00506,DIV475932,EDD DEORIA,RDF ,OK,MU
2394627000,PUFGL01063,DIV475613,EDD NAUTANWA,RDF,RDF,ASS
2394765000,FGLTD03116,DIV475814,EDD SEORAHI,IDF ,IDF,ASS
2395308000,PUFGL00704,DIV475811,EDD PADRAUNA,IDF ,IDF,ASS
2395418000,FGLTD03155,DIV475613,EDD NAUTANWA,RDF ,P,PROV
2399127000,FGLTD02305,DIV475814,EDD SEORAHI,IDF ,IDF,ASS
2399656000,FGLTD01661,DIV475814,EDD SEORAHI,IDF ,IDF,ASS
2402865000,PUFGL00850,DIV475814,EDD SEORAHI,IDF ,IDF,ASS
2404607000,PUFGL00848,DIV475814,EDD SEORAHI,RDF ,RDF,ASS
2405227000,FGLTD02753,DIV475811,EDD PADRAUNA,IDF ,IDF,ASS
2405267000,PUFGL00848,DIV475814,EDD SEORAHI,IDF,IDF,ASS
2406716000,PUFGL00893,DIV475611,EDD II ANANDNAGAR,RDF ,OK,MU
2408126000,FGLTD01513,DIV475935,EDD GAURI BAZAR,RDF ,OK,MU
2408311661,FGLTD02414,DIV475614,EDD NICHLAUL,RDF ,RDF,ASS
2410837000,PUFGL00259,DIV435733,EDD CAMPIEARGANJ,RDF ,P,PROV
2411094171,PUFGL01010,DIV475612,EDD I MAHARAJGANJ,RDF ,P,PROV
2411096000,FGLTD01661,DIV475814,EDD SEORAHI,IDF ,IDF,ASS
2411718000,FGLTD02408,DIV475935,EDD GAURI BAZAR,RDF ,RDF,ASS
2412336000,FGLTD02948,DIV475811,EDD PADRAUNA,IDF ,IDF,ASS
2413697000,PUFGL00778,DIV475812,EDD HATA,IDF ,IDF,ASS
2413866000,PUFGL00790,DIV475812,EDD HATA,RDF,RDF,ASS
2414137000,PUFGL00606,DIV475934,EDD SALEMPUR,RDF ,RDF,ASS
2414418000,PUFGL01124,DIV475614,EDD NICHLAUL,RDF ,OK,MU
2414710782,FGLTD03221,DIV475613,EDD NAUTANWA,RDF,RDF,ASS
2416698251,PUFGL01060,DIV475613,EDD NAUTANWA,RDF ,OK,MU
2419118226,FGLTD03410,DIV475611,EDD II ANANDNAGAR,RDF ,OK,MU
2419597000,FGLTD03294,DIV475814,EDD SEORAHI,IDF ,IDF,ASS
2421614012,FGLTD03227,DIV475813,"EDD KASYA, KUSHINAGAR",RDF ,OK,MU
2422083779,FGLTD01332,DIV435721,EDD KAURIRAM,RDF ,RDF,ASS
2422307000,PUFGL00761,DIV475812,EDD HATA,RDF ,P,PROV
2422616000,PUFGL00609,DIV475935,EDD GAURI BAZAR,RDF ,RDF,ASS
2422788614,PUFGL00837,DIV475813,"EDD KASYA, KUSHINAGAR",RDF ,RDF,ASS
2423846000,FGLTD03393,DIV475814,EDD SEORAHI,IDF ,IDF,ASS
2424030821,PUFGL01043,DIV475613,EDD NAUTANWA,RDF ,OK,MU
2424046000,PUFGL00843,DIV475814,EDD SEORAHI,IDF ,IDF,ASS
2424150502,FGLTD02299,DIV475812,EDD HATA,RDF ,P,PROV
2424251422,PUFGL00572,DIV475934,EDD SALEMPUR,RDF ,RDF,ASS
2425227000,FGLTD02606,DIV475814,EDD SEORAHI,IDF ,IDF,ASS
2425975000,PUFGL00764,DIV475812,EDD HATA,IDF ,IDF,ASS
2427517000,FGLTD03013,DIV475811,EDD PADRAUNA,IDF ,IDF,ASS
2427767000,PUFGL00277,DIV435723,EDD SHIKARIGANJ,IDF ,IDF,ASS
2428412000,FGLTD01837,DIV435712,"EUDD SRI GORAKHNATH,GORAKHPUR",RDF ,OK,MU
2429456000,PUFGL00671,DIV475811,EDD PADRAUNA,IDF ,IDF,ASS
2429956000,PUFGL01117,DIV475614,EDD NICHLAUL,RDF,RDF,ASS
2431756000,PUFGL00682,DIV475811,EDD PADRAUNA,IDF,RDF,ASS
2431783332,FGLTD03001,DIV475613,EDD NAUTANWA,RDF ,RDF,ASS
2436106917,PUFGL01060,DIV475613,EDD NAUTANWA,RDF ,OK,MU
2440286000,FGLTD02308,DIV475814,EDD SEORAHI,IDF ,IDF,ASS
2440990822,PUFGL00657,DIV475811,EDD PADRAUNA,IDF ,IDF,ASS
2441185000,PUFGL00704,DIV475811,EDD PADRAUNA,IDF ,IDF,ASS
2441246000,PUFGL00937,DIV475612,EDD I MAHARAJGANJ,RDF ,P,PROV
2442134307,PUFGL00530,DIV475934,EDD SALEMPUR,RDF ,OK,MU
2443166000,FGLTD01582,DIV475613,EDD NAUTANWA,RDF ,P,PROV
2443226000,PUFGL00802,DIV475813,"EDD KASYA, KUSHINAGAR",RDF ,IDF,ASS
2447636000,PUFGL00555,DIV475934,EDD SALEMPUR,RDF ,OK,MU
2447996000,PUFGL00592,DIV475934,EDD SALEMPUR,RDF ,RDF,ASS
2449767000,PUFGL00776,DIV475812,EDD HATA,RDF ,RDF,ASS
2459181161,PUFGL00817,DIV475813,"EDD KASYA, KUSHINAGAR",RDF ,OK,MU
2460796000,PUFGL00428,DIV435722,"EDD SAHJANWA,GORAKHPUR",RDF ,OK,MU
2461037000,FGLTD03289,DIV475814,EDD SEORAHI,IDF ,IDF,ASS
2461417000,FGLTD03294,DIV475814,EDD SEORAHI,IDF ,IDF,ASS
2462567000,PUFGL01139,DIV475614,EDD NICHLAUL,RDF ,P,PROV
2462856000,PUFGL00860,DIV475611,EDD II ANANDNAGAR,RDF ,OK,MU
2463883753,PUFGL00513,DIV475932,EDD DEORIA,RDF ,P,PROV
2463997000,FGLTD01540,DIV475934,EDD SALEMPUR,RDF ,RDF,ASS
2465697000,PUFGL00995,DIV475612,EDD I MAHARAJGANJ,RDF ,P,PROV
2469526000,PUFGL01044,DIV475613,EDD NAUTANWA,RDF,RDF,ASS
2470197000,FGLTD02353,DIV475614,EDD NICHLAUL,RDF ,RDF,ASS
2472936000,PUFGL00676,DIV475811,EDD PADRAUNA,RDF ,BR,MU
2474096000,FGLTD02787,DIV475935,EDD GAURI BAZAR,RDF,RDF,ASS
2475475201,FGLTD02738,DIV435733,EDD CAMPIEARGANJ,RDF ,OK,MU
2479107000,PUFGL01060,DIV475613,EDD NAUTANWA,RDF ,OK,MU
2479121816,PUFGL00498,DIV475932,EDD DEORIA,RDF,OK,MU
2479797000,PUFGL00393,DIV435722,"EDD SAHJANWA,GORAKHPUR",RDF,OK,MU
2479849807,PUFGL00830,DIV475813,"EDD KASYA, KUSHINAGAR",RDF ,OK,MU
2481303466,FGLTD02929,DIV475814,EDD SEORAHI,IDF ,IDF,ASS
2482006188,FGLTD03390,DIV475811,EDD PADRAUNA,IDF,IDF,ASS
2482947698,FGLTD01757,DIV435712,"EUDD SRI GORAKHNATH,GORAKHPUR",RDF ,OK,MU
2483637000,PUFGL00837,DIV475813,"EDD KASYA, KUSHINAGAR",RDF ,RDF,ASS
2484697000,PUFGL00746,DIV475812,EDD HATA,IDF ,IDF,ASS
2485736000,FGLTD02868,DIV435723,EDD SHIKARIGANJ,RDF,P,PROV
2485796000,FGLTD03393,DIV475814,EDD SEORAHI,IDF ,IDF,ASS
2488937000,PUFGL00763,DIV475812,EDD HATA,IDF ,IDF,ASS
2491257000,FGLTD03193,DIV475935,EDD GAURI BAZAR,IDF ,IDF,ASS
2491817000,PUFGL00126,DIV435732,EDD CHAURI CHAURA,RDF ,RDF,ASS
2496535696,FGLTD02460,DIV475932,EDD DEORIA,RDF ,P,PROV
2501916000,PUFGL00922,DIV475612,EDD I MAHARAJGANJ,RDF ,RDF,ASS
2503366000,PUFGL00878,DIV475611,EDD II ANANDNAGAR,RDF ,RDF,ASS
2505167000,PUFGL00194,DIV435731,"EDD GULHARIYA BAZAR,GORAKHPUR",RDF ,RDF,ASS
2507796000,FGLTD03096,DIV435732,EDD CHAURI CHAURA,RDF ,OK,MU
2510086018,PUFGL00850,DIV475814,EDD SEORAHI,IDF ,IDF,ASS
2512037769,FGLTD01395,DIV435732,EDD CHAURI CHAURA,RDF ,OK,MU
2513927000,PUFGL00869,DIV475611,EDD II ANANDNAGAR,RDF ,RDF,ASS
2514327000,FGLTD03074,DIV475812,EDD HATA,RDF ,OK,MU
2516497000,PUFGL00584,DIV475934,EDD SALEMPUR,RDF ,RDF,ASS
2520308000,FGLTD02474,DIV475814,EDD SEORAHI,IDF ,IDF,ASS
2521707000,PUFGL00576,DIV475934,EDD SALEMPUR,RDF ,RDF,ASS
2522385000,PUFGL00592,DIV475934,EDD SALEMPUR,RDF ,RDF,ASS
2523247000,PUFGL01126,DIV475614,EDD NICHLAUL,RDF ,RDF,ASS
2526916000,PUFGL00246,DIV435733,EDD CAMPIEARGANJ,RDF ,BR,MU
2527008000,FGLTD03227,DIV475813,"EDD KASYA, KUSHINAGAR",RDF ,RDF,ASS
2527087000,FGLTD03297,DIV475812,EDD HATA,RDF ,RDF,ASS
2528477000,PUFGL00416,DIV435722,"EDD SAHJANWA,GORAKHPUR",RDF ,OK,MU
2528915368,PUFGL00534,DIV475934,EDD SALEMPUR,RDF ,OK,MU
2529157000,FGLTD02948,DIV475811,EDD PADRAUNA,IDF,IDF,ASS
2529956000,PUFGL00592,DIV475934,EDD SALEMPUR,RDF ,RDF,ASS
2530485000,FGLTD02929,DIV475814,EDD SEORAHI,IDF ,IDF,ASS
2531876000,FGLTD02868,DIV435723,EDD SHIKARIGANJ,RDF ,P,PROV
2536547000,PUFGL00188,DIV435731,"EDD GULHARIYA BAZAR,GORAKHPUR",RDF ,P,PROV
2541289071,FGLTD02238,DIV475932,EDD DEORIA,RDF ,RDF,ASS
2543366000,PUFGL00830,DIV475813,"EDD KASYA, KUSHINAGAR",RDF ,OK,MU
2547476000,PUFGL00257,DIV435733,EDD CAMPIEARGANJ,IDF,IDF,ASS
2549627000,PUFGL00838,DIV475813,"EDD KASYA, KUSHINAGAR",RDF,OK,MU
2550857000,FGLTD01579,DIV475611,EDD II ANANDNAGAR,RDF ,OK,MU
2550987000,FGLTD03198,DIV475934,EDD SALEMPUR,RDF,RDF,ASS
2551122000,FGLTD01821,DIV435712,"EUDD SRI GORAKHNATH,GORAKHPUR",RDF ,OK,MU
2551857000,FGLTD02701,DIV435732,EDD CHAURI CHAURA,RDF ,RDF,ASS
2552146000,FGLTD02695,DIV475811,EDD PADRAUNA,IDF ,IDF,ASS
2552165000,PUFGL00790,DIV475812,EDD HATA,RDF ,RDF,ASS
2554727000,PUFGL01208,DIV475935,EDD GAURI BAZAR,RDF,RDF,ASS
2556737000,FGLTD03211,DIV435722,"EDD SAHJANWA,GORAKHPUR",RDF ,RDF,ASS
2556897000,FGLTD02025,DIV475934,EDD SALEMPUR,RDF ,RDF,ASS
2556997000,PUFGL00817,DIV475813,"EDD KASYA, KUSHINAGAR",RDF ,RDF,ASS
2559196000,PUFGL00933,DIV475612,EDD I MAHARAJGANJ,RDF ,RDF,ASS
2559396000,PUFGL00843,DIV475814,EDD SEORAHI,IDF ,IDF,ASS
2560785000,FGLTD02808,DIV475934,EDD SALEMPUR,RDF,RDF,ASS
2560950715,PUFGL00888,DIV475611,EDD II ANANDNAGAR,RDF ,P,PROV
2561049684,FGLTD01258,DIV475932,EDD DEORIA,RDF ,RDF,ASS
2564415633,FGLTD03116,DIV475814,EDD SEORAHI,IDF ,IDF,ASS
2566518000,PUFGL00554,DIV475934,EDD SALEMPUR,IDF,IDF,ASS
2567887000,FGLTD01968,DIV475812,EDD HATA,RDF ,RDF,ASS
2568956000,PUFGL01095,DIV475614,EDD NICHLAUL,RDF ,P,PROV
2570396000,PUFGL00743,DIV475812,EDD HATA,RDF ,P,PROV
2571987000,PUFGL00592,DIV475934,EDD SALEMPUR,RDF ,RDF,ASS
2572075000,PUFGL00394,DIV435722,"EDD SAHJANWA,GORAKHPUR",RDF ,RDF,ASS
2575002355,PUFGL00751,DIV475812,EDD HATA,RDF ,OK,MU
2575740159,FGLTD02308,DIV475814,EDD SEORAHI,IDF ,IDF,ASS
2575746000,PUFGL00507,DIV475932,EDD DEORIA,RDF ,OK,MU
2576117183,PUFGL00230,DIV435733,EDD CAMPIEARGANJ,RDF,OK,MU
2576385000,PUFGL00850,DIV475814,EDD SEORAHI,IDF,IDF,ASS
2576867000,PUFGL00418,DIV435722,"EDD SAHJANWA,GORAKHPUR",RDF ,OK,MU
2577717727,FGLTD02438,DIV475611,EDD II ANANDNAGAR,RDF ,P,PROV
2580027000,FGLTD01188,DIV475813,"EDD KASYA, KUSHINAGAR",RDF,RDF,ASS
2581208000,FGLTD02197,DIV435731,"EDD GULHARIYA BAZAR,GORAKHPUR",RDF ,RDF,ASS
2581768007,PUFGL00887,DIV475611,EDD II ANANDNAGAR,RDF ,BR,MU
2584797288,FGLTD03310,DIV475613,EDD NAUTANWA,RDF ,OK,MU
2585277000,FGLTD03390,DIV475811,EDD PADRAUNA,IDF ,IDF,ASS
2585359286,PUFGL00595,DIV475934,EDD SALEMPUR,RDF ,OK,MU
2588418000,FGLTD02748,DIV435732,EDD CHAURI CHAURA,RDF ,OK,CEIL
2588586000,FGLTD02471,DIV475814,EDD SEORAHI,IDF ,IDF,ASS
2588896000,PUFGL00869,DIV475611,EDD II ANANDNAGAR,RDF ,RDF,ASS
2589353147,PUFGL00476,DIV475932,EDD DEORIA,IDF ,IDF,ASS
2592271065,FGLTD01534,DIV475935,EDD GAURI BAZAR,RDF ,OK,MU
2592717000,FGLTD01968,DIV475812,EDD HATA,RDF,RDF,ASS
2592955735,PUFGL00715,DIV475811,EDD PADRAUNA,IDF ,IDF,ASS
2594427000,PUFGL00915,DIV475612,EDD I MAHARAJGANJ,RDF ,OK,MU
2598607000,PUFGL00760,DIV475812,EDD HATA,RDF,OK,MU
2599587000,FGLTD01808,DIV475934,EDD SALEMPUR,RDF ,RDF,ASS
2599675000,FGLTD01966,DIV475812,EDD HATA,IDF ,IDF,ASS
2600408000,FGLTD02929,DIV475814,EDD SEORAHI,IDF ,IDF,ASS
2600475000,FGLTD01938,DIV435723,EDD SHIKARIGANJ,RDF ,RDF,ASS
2600756000,FGLTD01661,DIV475814,EDD SEORAHI,IDF,IDF,ASS
2602085000,PUFGL00840,DIV475813,"EDD KASYA, KUSHINAGAR",RDF ,P,PROV
2602485000,FGLTD03118,DIV475814,EDD SEORAHI,IDF ,IDF,ASS
2603177000,FGLTD02695,DIV475811,EDD PADRAUNA,IDF,IDF,ASS
2604737000,PUFGL00224,DIV435731,"EDD GULHARIYA BAZAR,GORAKHPUR",RDF,OK,CEIL
2606277000,FGLTD01592,DIV475812,EDD HATA,IDF ,IDF,ASS
2607026000,PUFGL00920,DIV475612,EDD I MAHARAJGANJ,RDF ,RDF,ASS
2607648663,FGLTD02356,DIV475614,EDD NICHLAUL,RDF ,P,PROV
2608546000,PUFGL01056,DIV475613,EDD NAUTANWA,RDF ,OK,MU
2609208000,FGLTD03090,DIV435733,EDD CAMPIEARGANJ,RDF ,OK,MU
2609408000,PUFGL00764,DIV475812,EDD HATA,IDF ,IDF,ASS
2610485000,PUFGL00704,DIV475811,EDD PADRAUNA,IDF ,IDF,ASS
2612936000,PUFGL00513,DIV475932,EDD DEORIA,RDF ,P,PROV
2617575000,PUFGL00844,DIV475814,EDD SEORAHI,IDF ,IDF,ASS
2617670057,FGLTD02582,DIV435711,"EUDD TOWNHALL,GORAKHPUR",RDF ,RDF,ASS
2617683038,PUFGL00744,DIV475812,EDD HATA,RDF ,P,PROV
2618021050,PUFGL00932,DIV475612,EDD I MAHARAJGANJ,RDF ,RDF,ASS
2619246000,PUFGL00515,DIV475932,EDD DEORIA,RDF ,OK,CEIL
2621048885,PUFGL00212,DIV435731,"EDD GULHARIYA BAZAR,GORAKHPUR",RDF ,OK,MU
2622186000,PUFGL00844,DIV475814,EDD SEORAHI,IDF ,IDF,ASS
2625107000,PUFGL00954,DIV475612,EDD I MAHARAJGANJ,RDF ,RDF,ASS
2625121137,PUFGL00790,DIV475812,EDD HATA,IDF ,IDF,ASS
2626043975,PUFGL01130,DIV475614,EDD NICHLAUL,RDF ,OK,MU
2627792801,PUFGL00736,DIV475812,EDD HATA,RDF ,OK,MU
2629146000,PUFGL00526,DIV475934,EDD SALEMPUR,RDF ,RDF,ASS
2629326000,FGLTD01883,DIV435721,EDD KAURIRAM,RDF ,P,PROV
2630418000,PUFGL00476,DIV475932,EDD DEORIA,RDF ,RDF,ASS
2630818000,PUFGL00458,DIV475931,EDD BARHAJ,RDF ,OK,MU
2630838956,PUFGL00987,DIV475612,EDD I MAHARAJGANJ,RDF ,P,PROV
2631665000,FGLTD02460,DIV475932,EDD DEORIA,RDF ,P,PROV
2634651323,PUFGL00110,DIV435732,EDD CHAURI CHAURA,RDF ,OK,MU
2635307000,PUFGL00648,DIV475935,EDD GAURI BAZAR,RDF ,RDF,ASS
2637167000,PUFGL00180,DIV435731,"EDD GULHARIYA BAZAR,GORAKHPUR",RDF ,RDF,ASS
2637968883,PUFGL00886,DIV475611,EDD II ANANDNAGAR,RDF ,OK,MU
2638376000,FGLTD01244,DIV435722,"EDD SAHJANWA,GORAKHPUR",RDF ,OK,MU
2639226000,PUFGL00676,DIV475811,EDD PADRAUNA,IDF ,IDF,ASS
2640318000,PUFGL00252,DIV435733,EDD CAMPIEARGANJ,IDF ,IDF,ASS
2640736000,PUFGL00830,DIV475813,"EDD KASYA, KUSHINAGAR",RDF ,OK,MU
2641747000,PUFGL00844,DIV475814,EDD SEORAHI,RDF ,RDF,ASS
2641957000,PUFGL00830,DIV475813,"EDD KASYA, KUSHINAGAR",RDF ,OK,MU
2642766000,PUFGL00584,DIV475934,EDD SALEMPUR,RDF ,RDF,ASS
2642807000,PUFGL00476,DIV475932,EDD DEORIA,IDF ,IDF,ASS
2645637268,FGLTD02929,DIV475814,EDD SEORAHI,IDF ,IDF,ASS
2645916646,PUFGL00202,DIV435731,"EDD GULHARIYA BAZAR,GORAKHPUR",RDF ,RDF,ASS
2646665000,PUFGL00526,DIV475934,EDD SALEMPUR,RDF ,RDF,ASS
2647152359,PUFGL00393,DIV435722,"EDD SAHJANWA,GORAKHPUR",RDF ,P,PROV
2647647000,FGLTD02825,DIV475811,EDD PADRAUNA,RDF ,RDF,ASS
2649858536,PUFGL01123,DIV475614,EDD NICHLAUL,RDF ,OK,MU
2653416000,PUFGL00623,DIV475935,EDD GAURI BAZAR,RDF ,OK,MU
2653975000,PUFGL00860,DIV475611,EDD II ANANDNAGAR,RDF ,OK,MU
2655347000,FGLTD02820,DIV475613,EDD NAUTANWA,RDF ,OK,MU
2656197000,PUFGL00836,DIV475813,"EDD KASYA, KUSHINAGAR",RDF ,OK,MU
2657603333,FGLTD02478,DIV475611,EDD II ANANDNAGAR,RDF,OK,MU
2659057000,PUFGL00848,DIV475814,EDD SEORAHI,IDF ,IDF,ASS
2660626000,PUFGL00259,DIV435733,EDD CAMPIEARGANJ,IDF ,IDF,ASS
2662247000,FGLTD02701,DIV435732,EDD CHAURI CHAURA,RDF ,RDF,ASS
2662996000,FGLTD01584,DIV475613,EDD NAUTANWA,RDF ,OK,MU
2664775000,PUFGL00684,DIV475811,EDD PADRAUNA,RDF ,P,PROV
2666486000,PUFGL00562,DIV475934,EDD SALEMPUR,RDF ,RDF,ASS
2667747000,PUFGL00250,DIV435733,EDD CAMPIEARGANJ,RDF ,P,PROV
2667842964,PUFGL00365,DIV435722,"EDD SAHJANWA,GORAKHPUR",RDF ,RDF,ASS
2668137000,FGLTD02612,DIV475812,EDD HATA,RDF ,RDF,ASS
2670356328,PUFGL00427,DIV435722,"EDD SAHJANWA,GORAKHPUR",RDF ,OK,CEIL
2672037000,FGLTD01660,DIV475814,EDD SEORAHI,IDF,IDF,ASS
2673760765,PUFGL01010,DIV475612,EDD I MAHARAJGANJ,RDF ,P,PROV
2677667984,PUFGL01192,DIV475932,EDD DEORIA,RDF ,RDF,ASS
2678837000,PUFGL00683,DIV475811,EDD PADRAUNA,IDF ,IDF,ASS
2679046000,FGLTD01661,DIV475814,EDD SEORAHI,IDF ,IDF,ASS
2679402878,PUFGL01107,DIV475614,EDD NICHLAUL,RDF ,OK,CEIL
2679875000,PUFGL00790,DIV475812,EDD HATA,RDF,RDF,ASS
2681007000,FGLTD01881,DIV435721,EDD KAURIRAM,RDF,P,PROV
2682014747,FGLTD02718,DIV475613,EDD NAUTANWA,RDF ,RDF,ASS
2685739609,FGLTD02650,DIV475613,EDD NAUTANWA,RDF,RDF,ASS
2687065244,FGLTD03160,DIV475611,EDD II ANANDNAGAR,RDF ,OK,MU
2687275000,PUFGL00204,DIV435731,"EDD GULHARIYA BAZAR,GORAKHPUR",RDF ,RDF,ASS
2688647000,FGLTD01661,DIV475814,EDD SEORAHI,IDF ,IDF,ASS
2694237000,PUFGL00512,DIV475932,EDD DEORIA,RDF ,P,PROV
2694267000,FGLTD03116,DIV475814,EDD SEORAHI,IDF ,IDF,ASS
2695067000,FGLTD01189,DIV475813,"EDD KASYA, KUSHINAGAR",RDF ,OK,MU
2695865000,PUFGL00764,DIV475812,EDD HATA,IDF ,IDF,ASS
2697677000,FGLTD03203,DIV475813,"EDD KASYA, KUSHINAGAR",RDF,RDF,ASS
2698175000,PUFGL00607,DIV475934,EDD SALEMPUR,RDF ,OK,MU
2699146000,PUFGL00729,DIV475812,EDD HATA,RDF ,OK,MU
2699577000,PUFGL00204,DIV435731,"EDD GULHARIYA BAZAR,GORAKHPUR",IDF ,IDF,ASS
2700388512,FGLTD03203,DIV475813,"EDD KASYA, KUSHINAGAR",RDF ,RDF,ASS
2700636000,PUFGL00548,DIV475934,EDD SALEMPUR,RDF ,RDF,ASS
2701414598,FGLTD02667,DIV475813,"EDD KASYA, KUSHINAGAR",RDF ,RDF,ASS
2703208000,PUFGL00224,DIV435731,"EDD GULHARIYA BAZAR,GORAKHPUR",RDF ,RDF,ASS
2704397000,FGLTD02667,DIV475813,"EDD KASYA, KUSHINAGAR",RDF ,RDF,ASS
2706675000,PUFGL00374,DIV435722,"EDD SAHJANWA,GORAKHPUR",RDF ,RDF,ASS
2707039114,FGLTD02918,DIV435733,EDD CAMPIEARGANJ,RDF ,RDF,ASS
2708618000,PUFGL00761,DIV475812,EDD HATA,RDF ,RDF,ASS
2708718000,FGLTD03203,DIV475813,"EDD KASYA, KUSHINAGAR",IDF ,IDF,ASS
2708777039,PUFGL00979,DIV475612,EDD I MAHARAJGANJ,RDF ,BR,MU
2710303627,PUFGL00203,DIV435731,"EDD GULHARIYA BAZAR,GORAKHPUR",RDF ,OK,CEIL
2710446000,FGLTD02025,DIV475934,EDD SALEMPUR,RDF ,RDF,ASS
2710616000,FGLTD02918,DIV435733,EDD CAMPIEARGANJ,RDF ,RDF,ASS
2714700600,PUFGL00474,DIV475932,EDD DEORIA,RDF ,RDF,ASS
2717236000,FGLTD02657,DIV435731,"EDD GULHARIYA BAZAR,GORAKHPUR",RDF ,RDF,ASS
2719326000,PUFGL00333,DIV435721,EDD KAURIRAM,RDF ,OK,MU
2719656000,FGLTD01661,DIV475814,EDD SEORAHI,IDF ,IDF,ASS
2720065000,FGLTD02471,DIV475814,EDD SEORAHI,IDF,IDF,ASS
2720218000,FGLTD02305,DIV475814,EDD SEORAHI,IDF ,IDF,ASS
2721134108,PUFGL00251,DIV435733,EDD CAMPIEARGANJ,RDF ,P,PROV
2721897000,PUFGL01130,DIV475614,EDD NICHLAUL,RDF,RDF,ASS
2722376000,PUFGL00844,DIV475814,EDD SEORAHI,IDF ,IDF,ASS
2723391865,FGLTD01770,DIV475814,EDD SEORAHI,RDF ,OK,MU
2728836000,PUFGL00874,DIV475611,EDD II ANANDNAGAR,RDF ,P,PROV
2729286000,PUFGL01038,DIV475613,EDD NAUTANWA,RDF ,RDF,ASS
2729687000,FGLTD03118,DIV475814,EDD SEORAHI,IDF ,IDF,ASS
2731747000,FGLTD02308,DIV475814,EDD SEORAHI,IDF ,IDF,ASS
2732185000,PUFGL00768,DIV475812,EDD HATA,RDF ,RDF,ASS
2733426000,FGLTD02445,DIV475935,EDD GAURI BAZAR,RDF ,OK,MU
2733436000,FGLTD02908,DIV435733,EDD CAMPIEARGANJ,RDF ,RDF,ASS
2735116167,FGLTD02952,DIV475811,EDD PADRAUNA,IDF ,IDF,ASS
2736687000,PUFGL00262,DIV435733,EDD CAMPIEARGANJ,RDF ,OK,MU
2737033547,FGLTD03364,DIV435722,"EDD SAHJANWA,GORAKHPUR",RDF ,OK,MU
2738718000,PUFGL00295,DIV435723,EDD SHIKARIGANJ,RDF ,RDF,ASS
2739416000,PUFGL00704,DIV475811,EDD PADRAUNA,IDF ,IDF,ASS
2740017000,PUFGL01130,DIV475614,EDD NICHLAUL,RDF ,OK,CEIL
2740336000,PUFGL00704,DIV475811,EDD PADRAUNA,IDF ,IDF,ASS
2740640650,PUFGL00920,DIV475612,EDD I MAHARAJGANJ,RDF ,OK,MU
2741186000,FGLTD03393,DIV475814,EDD SEORAHI,IDF ,IDF,ASS
2742096000,PUFGL00552,DIV475934,EDD SALEMPUR,IDF ,IDF,ASS
2743146000,FGLTD01671,DIV475814,EDD SEORAHI,IDF,IDF,ASS
2744407000,FGLTD02379,DIV475811,EDD PADRAUNA,IDF ,IDF,ASS
2746116000,PUFGL00745,DIV475812,EDD HATA,IDF ,IDF,ASS
2746946000,PUFGL00736,DIV475812,EDD HATA,IDF ,IDF,ASS
2747173896,PUFGL00453,DIV475931,EDD BARHAJ,RDF ,OK,MU
2750975000,PUFGL00745,DIV475812,EDD HATA,IDF ,IDF,ASS
2751518000,PUFGL00782,DIV475812,EDD HATA,IDF,IDF,ASS
2752905050,PUFGL00593,DIV475934,EDD SALEMPUR,RDF ,RDF,ASS
2752969945,PUFGL00875,DIV475611,EDD II ANANDNAGAR,RDF ,OK,MU
2753406192,FGLTD02850,DIV475811,EDD PADRAUNA,RDF ,P,PROV
2753877000,PUFGL00592,DIV475934,EDD SALEMPUR,RDF ,RDF,ASS
2753955000,PUFGL01010,DIV475612,EDD I MAHARAJGANJ,RDF ,P,PROV
2754076000,PUFGL00761,DIV475812,EDD HATA,RDF ,OK,MU
2754476000,PUFGL00888,DIV475611,EDD II ANANDNAGAR,RDF,RDF,ASS
2755639170,PUFGL00870,DIV475611,EDD II ANANDNAGAR,RDF,OK,MU
2755647000,FGLTD03289,DIV475814,EDD SEORAHI,IDF ,IDF,ASS
2755736692,FGLTD03004,DIV475812,EDD HATA,IDF ,IDF,ASS
2756001420,PUFGL00845,DIV475814,EDD SEORAHI,IDF ,IDF,ASS
2757046000,FGLTD03393,DIV475814,EDD SEORAHI,IDF ,IDF,ASS
2757567000,PUFGL01040,DIV475613,EDD NAUTANWA,RDF ,RDF,ASS
2757651346,FGLTD03071,DIV435733,EDD CAMPIEARGANJ,IDF ,IDF,ASS
2757867000,FGLTD02408,DIV475935,EDD GAURI BAZAR,RDF ,RDF,ASS
2758117284,PUFGL00833,DIV475813,"EDD KASYA, KUSHINAGAR",RDF ,RDF,ASS
2758408000,FGLTD03090,DIV435733,EDD CAMPIEARGANJ,RDF ,RDF,ASS
2758796000,FGLTD02929,DIV475814,EDD SEORAHI,IDF ,IDF,ASS
2760646000,FGLTD01582,DIV475613,EDD NAUTANWA,RDF,RDF,ASS
2761336000,FGLTD03116,DIV475814,EDD SEORAHI,IDF ,IDF,ASS
2761926976,FGLTD03118,DIV475814,EDD SEORAHI,IDF ,IDF,ASS
2762968445,PUFGL01120,DIV475614,EDD NICHLAUL,RDF ,OK,MU
2764418000,PUFGL01132,DIV475614,EDD NICHLAUL,RDF ,OK,MU
2766410495,FGLTD01536,DIV475934,EDD SALEMPUR,RDF,RDF,ASS
2767747000,FGLTD02737,DIV435733,EDD CAMPIEARGANJ,RDF ,P,PROV
2769616210,PUFGL00527,DIV475934,EDD SALEMPUR,RDF ,RDF,ASS
2770025680,FGLTD01579,DIV475611,EDD II ANANDNAGAR,RDF ,OK,MU
2770196000,PUFGL01034,DIV475613,EDD NAUTANWA,RDF ,RDF,ASS
2772457000,FGLTD02471,DIV475814,EDD SEORAHI,IDF ,IDF,ASS
2772837000,PUFGL01017,DIV475612,EDD I MAHARAJGANJ,RDF ,OK,MU
2773117000,FGLTD03125,DIV475813,"EDD KASYA, KUSHINAGAR",RDF ,OK,MU
2773418000,PUFGL00548,DIV475934,EDD SALEMPUR,RDF ,RDF,ASS
2774323739,FGLTD02540,DIV435731,"EDD GULHARIYA BAZAR,GORAKHPUR",RDF ,RDF,ASS
2774386000,PUFGL00497,DIV475932,EDD DEORIA,RDF ,OK,MU
2774912391,PUFGL00363,DIV435722,"EDD SAHJANWA,GORAKHPUR",RDF ,P,PROV
2775173298,PUFGL00437,DIV435722,"EDD SAHJANWA,GORAKHPUR",RDF ,RDF,ASS
2777787000,FGLTD03294,DIV475814,EDD SEORAHI,IDF ,IDF,ASS
2779026000,FGLTD01744,DIV475614,EDD NICHLAUL,RDF ,RDF,ASS
2779282198,FGLTD01744,DIV475614,EDD NICHLAUL,RDF ,RDF,ASS
2779816000,FGLTD02356,DIV475614,EDD NICHLAUL,RDF ,RDF,ASS
2781133813,PUFGL00573,DIV475934,EDD SALEMPUR,RDF ,OK,MU
2782150361,PUFGL01017,DIV475612,EDD I MAHARAJGANJ,RDF ,OK,MU
2782696000,FGLTD03351,DIV475932,EDD DEORIA,RDF ,OK,MU
2784276000,FGLTD01883,DIV435721,EDD KAURIRAM,RDF ,OK,MU
2784586903,PUFGL00701,DIV475811,EDD PADRAUNA,RDF ,OK,MU
2784790857,PUFGL01063,DIV475613,EDD NAUTANWA,RDF ,OK,MU
2785956000,FGLTD03309,DIV475614,EDD NICHLAUL,RDF ,OK,MU
2788376000,FGLTD02929,DIV475814,EDD SEORAHI,IDF ,IDF,ASS
2788408000,PUFGL01061,DIV475613,EDD NAUTANWA,RDF ,P,PROV
2789507000,FGLTD03118,DIV475814,EDD SEORAHI,IDF ,IDF,ASS
2790216000,PUFGL01116,DIV475614,EDD NICHLAUL,RDF ,P,PROV
2791317000,PUFGL00862,DIV475611,EDD II ANANDNAGAR,RDF ,OK,MU
2791377000,FGLTD03099,DIV475932,EDD DEORIA,RDF ,OK,MU
2791766000,PUFGL00506,DIV475932,EDD DEORIA,RDF ,P,PROV
2794208871,FGLTD01660,DIV475814,EDD SEORAHI,IDF ,IDF,ASS
2795296000,PUFGL01155,DIV475931,EDD BARHAJ,RDF ,RDF,ASS
2796216000,PUFGL00811,DIV475813,"EDD KASYA, KUSHINAGAR",IDF ,IDF,ASS
2796556000,PUFGL00515,DIV475932,EDD DEORIA,RDF ,P,PROV
2797916000,PUFGL00760,DIV475812,EDD HATA,IDF ,IDF,ASS
2803277000,PUFGL00250,DIV435733,EDD CAMPIEARGANJ,RDF ,OK,MU
2803547000,PUFGL00174,DIV435731,"EDD GULHARIYA BAZAR,GORAKHPUR",RDF ,RDF,ASS
2803837000,FGLTD03033,DIV475935,EDD GAURI BAZAR,RDF ,OK,MU
2803975000,PUFGL00901,DIV475611,EDD II ANANDNAGAR,RDF ,RDF,ASS
2804326000,PUFGL00587,DIV475934,EDD SALEMPUR,RDF,RDF,ASS
2804897000,FGLTD03001,DIV475613,EDD NAUTANWA,RDF ,RDF,ASS
2807457000,FGLTD03294,DIV475814,EDD SEORAHI,IDF ,IDF,ASS
2808385000,PUFGL00844,DIV475814,EDD SEORAHI,IDF ,IDF,ASS
2809675000,PUFGL00606,DIV475934,EDD SALEMPUR,RDF ,RDF,ASS
2809865000,PUFGL00257,DIV435733,EDD CAMPIEARGANJ,IDF ,IDF,ASS
2812003914,FGLTD03294,DIV475814,EDD SEORAHI,IDF ,IDF,ASS
2812756000,FGLTD02929,DIV475814,EDD SEORAHI,IDF ,IDF,ASS
2812839641,FGLTD02305,DIV475814,EDD SEORAHI,IDF ,IDF,ASS
2814207000,PUFGL00830,DIV475813,"EDD KASYA, KUSHINAGAR",RDF ,OK,MU
2816256000,FGLTD03148,DIV435722,"EDD SAHJANWA,GORAKHPUR",RDF ,RDF,ASS
2817027000,PUFGL00679,DIV475811,EDD PADRAUNA,IDF ,IDF,ASS
2817297000,PUFGL00203,DIV435731,"EDD GULHARIYA BAZAR,GORAKHPUR",RDF ,OK,MU
2817307000,FGLTD01188,DIV475813,"EDD KASYA, KUSHINAGAR",RDF ,RDF,ASS
2819687172,FGLTD01551,DIV475935,EDD GAURI BAZAR,RDF ,OK,MU
2820336000,PUFGL00971,DIV475612,EDD I MAHARAJGANJ,IDF,IDF,ASS
2820417000,FGLTD03115,DIV475814,EDD SEORAHI,IDF,IDF,ASS
2822457000,FGLTD02929,DIV475814,EDD SEORAHI,IDF,IDF,ASS
2823012099,FGLTD01661,DIV475814,EDD SEORAHI,IDF ,IDF,ASS
2824417000,PUFGL00850,DIV475814,EDD SEORAHI,IDF,IDF,ASS
2824925357,PUFGL00204,DIV435731,"EDD GULHARIYA BAZAR,GORAKHPUR",RDF ,P,PROV
2826386000,PUFGL00534,DIV475934,EDD SALEMPUR,RDF ,RDF,ASS
2826565000,PUFGL00835,DIV475813,"EDD KASYA, KUSHINAGAR",RDF ,IDF,ASS
2827576192,PUFGL00711,DIV475811,EDD PADRAUNA,IDF ,IDF,ASS
2828027000,PUFGL00192,DIV435731,"EDD GULHARIYA BAZAR,GORAKHPUR",RDF ,OK,MU
2828737000,PUFGL00552,DIV475934,EDD SALEMPUR,IDF,IDF,ASS
2829057000,PUFGL01151,DIV475614,EDD NICHLAUL,RDF ,RDF,ASS
2835117000,FGLTD02408,DIV475935,EDD GAURI BAZAR,RDF,IDF,ASS
2835177000,PUFGL00639,DIV475935,EDD GAURI BAZAR,RDF ,RDF,ASS
2837708000,FGLTD02651,DIV475613,EDD NAUTANWA,RDF ,RDF,ASS
2837757000,PUFGL00761,DIV475812,EDD HATA,RDF ,P,PROV
2839716000,PUFGL00257,DIV435733,EDD CAMPIEARGANJ,IDF ,IDF,ASS
2840956000,PUFGL00568,DIV475934,EDD SALEMPUR,RDF ,RDF,ASS
2841457000,PUFGL00843,DIV475814,EDD SEORAHI,IDF ,IDF,ASS
2841777000,FGLTD01188,DIV475813,"EDD KASYA, KUSHINAGAR",RDF ,RDF,ASS
2842980204,FGLTD01876,DIV435714,"EUDD RAPTINAGAR,GORAKHPUR",RDF ,OK,MU
2843135441,PUFGL00604,DIV475934,EDD SALEMPUR,RDF ,BR,MU
2847777000,PUFGL00199,DIV435731,"EDD GULHARIYA BAZAR,GORAKHPUR",RDF ,RDF,ASS
2847875000,FGLTD02178,DIV475934,EDD SALEMPUR,RDF ,BR,MU
2850377000,FGLTD02540,DIV435731,"EDD GULHARIYA BAZAR,GORAKHPUR",IDF ,IDF,ASS
2851775000,PUFGL00338,DIV435721,EDD KAURIRAM,IDF ,IDF,ASS
2851796000,PUFGL00572,DIV475934,EDD SALEMPUR,RDF ,OK,MU
2851865000,FGLTD03393,DIV475814,EDD SEORAHI,IDF ,IDF,ASS
2853213999,FGLTD02296,DIV475812,EDD HATA,RDF ,BR,MU
2856186000,FGLTD01661,DIV475814,EDD SEORAHI,IDF ,IDF,ASS
2858276000,FGLTD01192,DIV475813,"EDD KASYA, KUSHINAGAR",RDF ,OK,MU
2858746000,PUFGL00538,DIV475934,EDD SALEMPUR,RDF ,OK,MU
2859539931,FGLTD02366,DIV435711,"EUDD TOWNHALL,GORAKHPUR",RDF ,OK,MU
2859557000,PUFGL00239,DIV435733,EDD CAMPIEARGANJ,RDF ,RDF,ASS
2860597000,FGLTD03116,DIV475814,EDD SEORAHI,IDF ,IDF,ASS
2862165000,FGLTD02695,DIV475811,EDD PADRAUNA,RDF ,BR,MU
2862336000,PUFGL00423,DIV435722,"EDD SAHJANWA,GORAKHPUR",RDF ,RDF,ASS
2862996000,PUFGL01044,DIV475613,EDD NAUTANWA,RDF ,OK,MU
2863137000,PUFGL00760,DIV475812,EDD HATA,RDF ,RDF,ASS
2863647000,FGLTD03393,DIV475814,EDD SEORAHI,IDF ,IDF,ASS
2863875000,PUFGL00507,DIV475932,EDD DEORIA,RDF,RDF,ASS
2864008000,FGLTD03310,DIV475613,EDD NAUTANWA,RDF ,RDF,ASS
2864485000,FGLTD03289,DIV475814,EDD SEORAHI,IDF ,IDF,ASS
2866156000,PUFGL00896,DIV475611,EDD II ANANDNAGAR,RDF ,RDF,ASS
2868586000,FGLTD02147,DIV475614,EDD NICHLAUL,RDF ,RDF,ASS
2873454000,PUFGL00710,DIV475811,EDD PADRAUNA,RDF ,OK,MU
2875426000,FGLTD03118,DIV475814,EDD SEORAHI,IDF ,IDF,ASS
2877385000,FGLTD01661,DIV475814,EDD SEORAHI,IDF ,IDF,ASS
2878236000,FGLTD03294,DIV475814,EDD SEORAHI,IDF ,IDF,ASS
2879977914,PUFGL00844,DIV475814,EDD SEORAHI,IDF ,IDF,ASS
2880257000,PUFGL00202,DIV435731,"EDD GULHARIYA BAZAR,GORAKHPUR",RDF ,RDF,ASS
2881891193,FGLTD01509,DIV475935,EDD GAURI BAZAR,RDF ,OK,MU
2882876000,PUFGL01116,DIV475614,EDD NICHLAUL,RDF ,RDF,ASS
2883506718,FGLTD02341,DIV475612,EDD I MAHARAJGANJ,RDF ,OK,MU
2883541425,FGLTD03294,DIV475814,EDD SEORAHI,IDF,IDF,ASS
2885207763,PUFGL00844,DIV475814,EDD SEORAHI,IDF ,IDF,ASS
2885297000,PUFGL00782,DIV475812,EDD HATA,RDF,OK,MU
2886076000,PUFGL00802,DIV475813,"EDD KASYA, KUSHINAGAR",RDF ,IDF,ASS
2886426000,FGLTD02929,DIV475814,EDD SEORAHI,IDF ,IDF,ASS
2886496000,PUFGL01038,DIV475613,EDD NAUTANWA,RDF,RDF,ASS
2889736000,FGLTD01630,DIV475812,EDD HATA,RDF ,P,PROV
2889945474,PUFGL00606,DIV475934,EDD SALEMPUR,IDF ,IDF,ASS
2894236000,FGLTD03249,DIV475612,EDD I MAHARAJGANJ,IDF,IDF,ASS
2896866000,PUFGL00761,DIV475812,EDD HATA,RDF ,OK,MU
2899744680,PUFGL00607,DIV475934,EDD SALEMPUR,RDF,RDF,ASS
2900997000,PUFGL00779,DIV475812,EDD HATA,RDF ,OK,MU
2905013120,FGLTD01625,DIV475812,EDD HATA,RDF ,BR,MU
2905766000,PUFGL01001,DIV475612,EDD I MAHARAJGANJ,RDF ,P,PROV
2905997000,PUFGL00607,DIV475934,EDD SALEMPUR,IDF ,IDF,ASS
2906416000,FGLTD01189,DIV475813,"EDD KASYA, KUSHINAGAR",RDF ,OK,MU
2908236000,FGLTD03294,DIV475814,EDD SEORAHI,IDF ,IDF,ASS
2909185000,FGLTD03203,DIV475813,"EDD KASYA, KUSHINAGAR",RDF ,OK,MU
2909217000,PUFGL00583,DIV475934,EDD SALEMPUR,RDF ,RDF,ASS
2910218000,FGLTD03289,DIV475814,EDD SEORAHI,IDF,IDF,ASS
2916716000,FGLTD01707,DIV475812,EDD HATA,IDF ,OK,MU
2920736000,PUFGL00848,DIV475814,EDD SEORAHI,IDF ,IDF,ASS
2921925828,PUFGL00251,DIV435733,EDD CAMPIEARGANJ,RDF ,RDF,ASS
2923040865,PUFGL00525,DIV475934,EDD SALEMPUR,RDF ,OK,MU
2926275000,PUFGL00306,DIV435723,EDD SHIKARIGANJ,RDF ,P,PROV
2926727000,FGLTD03122,DIV475813,"EDD KASYA, KUSHINAGAR",RDF ,RDF,ASS
2927009083,FGLTD02236,DIV435714,"EUDD RAPTINAGAR,GORAKHPUR",RDF ,RDF,ASS
2928446000,PUFGL00971,DIV475612,EDD I MAHARAJGANJ,RDF ,P,PROV
2930507000,PUFGL00336,DIV435721,EDD KAURIRAM,RDF ,RDF,ASS
2930607000,FGLTD02929,DIV475814,EDD SEORAHI,IDF ,IDF,ASS
2931227000,PUFGL00843,DIV475814,EDD SEORAHI,IDF,IDF,ASS
2931955000,FGLTD03118,DIV475814,EDD SEORAHI,IDF ,IDF,ASS
2934517000,PUFGL00764,DIV475812,EDD HATA,IDF ,IDF,ASS
2934907000,PUFGL00893,DIV475611,EDD II ANANDNAGAR,RDF ,OK,MU
2935076000,PUFGL01209,DIV475935,EDD GAURI BAZAR,RDF ,P,PROV
2935485000,FGLTD02305,DIV475814,EDD SEORAHI,IDF ,IDF,ASS
2936967000,PUFGL00577,DIV475934,EDD SALEMPUR,RDF ,OK,MU
2936997000,FGLTD01660,DIV475814,EDD SEORAHI,IDF ,IDF,ASS
2938147000,PUFGL00790,DIV475812,EDD HATA,RDF ,RDF,ASS
2940363000,FGLTD03030,DIV475932,EDD DEORIA,RDF ,RDF,ASS
2940408000,PUFGL01124,DIV475614,EDD NICHLAUL,RDF ,RDF,ASS
2941443113,PUFGL00987,DIV475612,EDD I MAHARAJGANJ,RDF ,OK,MU
2941855709,PUFGL00103,DIV435732,EDD CHAURI CHAURA,RDF ,OK,MU
2943097000,FGLTD02083,DIV475812,EDD HATA,RDF ,OK,MU
2946507000,PUFGL00848,DIV475814,EDD SEORAHI,IDF ,IDF,ASS
2947097000,PUFGL00121,DIV435732,EDD CHAURI CHAURA,RDF ,BR,MU
2950407000,FGLTD02667,DIV475813,"EDD KASYA, KUSHINAGAR",RDF ,RDF,ASS
2950516000,FGLTD03013,DIV475811,EDD PADRAUNA,IDF ,IDF,ASS
2950736000,FGLTD03120,DIV475813,"EDD KASYA, KUSHINAGAR",RDF ,RDF,ASS
2951387000,PUFGL00564,DIV475934,EDD SALEMPUR,IDF ,IDF,ASS
2954387000,FGLTD03393,DIV475814,EDD SEORAHI,IDF ,IDF,ASS
2955588512,PUFGL00743,DIV475812,EDD HATA,RDF ,RDF,ASS
2957666000,FGLTD01592,DIV475812,EDD HATA,IDF ,IDF,ASS
2957866000,FGLTD01624,DIV475812,EDD HATA,RDF ,RDF,ASS
2958189383,PUFGL00784,DIV475812,EDD HATA,RDF ,OK,MU
2962647000,PUFGL00850,DIV475814,EDD SEORAHI,RDF ,RDF,ASS
2963260846,FGLTD03033,DIV475935,EDD GAURI BAZAR,RDF ,OK,MU
2963578408,PUFGL00706,DIV475811,EDD PADRAUNA,IDF,IDF,ASS
2966337000,PUFGL00585,DIV475934,EDD SALEMPUR,RDF ,RDF,ASS
2967323700,FGLTD03030,DIV475932,EDD DEORIA,RDF ,RDF,ASS
2968546000,PUFGL01043,DIV475613,EDD NAUTANWA,RDF ,OK,MU
2969955000,FGLTD03116,DIV475814,EDD SEORAHI,IDF ,IDF,ASS
2971057000,PUFGL00764,DIV475812,EDD HATA,IDF ,IDF,ASS
2971376015,FGLTD03393,DIV475814,EDD SEORAHI,IDF ,IDF,ASS
2972385000,PUFGL00257,DIV435733,EDD CAMPIEARGANJ,RDF ,P,PROV
2973327000,PUFGL00552,DIV475934,EDD SALEMPUR,IDF,IDF,ASS
2974197000,PUFGL01028,DIV475613,EDD NAUTANWA,RDF ,OK,MU
2977396000,FGLTD02424,DIV475934,EDD SALEMPUR,RDF ,P,PROV
2978065074,PUFGL00212,DIV435731,"EDD GULHARIYA BAZAR,GORAKHPUR",RDF ,RDF,ASS
2980971228,FGLTD01188,DIV475813,"EDD KASYA, KUSHINAGAR",RDF ,OK,MU
2982017000,PUFGL00843,DIV475814,EDD SEORAHI,IDF ,IDF,ASS
2982827000,FGLTD02667,DIV475813,"EDD KASYA, KUSHINAGAR",RDF,RDF,ASS
2982896000,FGLTD03119,DIV475814,EDD SEORAHI,RDF,OK,MU
2983103607,PUFGL00894,DIV475611,EDD II ANANDNAGAR,RDF ,OK,MU
2984068299,FGLTD01968,DIV475812,EDD HATA,RDF ,RDF,ASS
2984787000,PUFGL00849,DIV475814,EDD SEORAHI,IDF,IDF,ASS
2985616000,FGLTD02929,DIV475814,EDD SEORAHI,IDF ,IDF,ASS
2988067000,PUFGL00865,DIV475611,EDD II ANANDNAGAR,RDF ,OK,MU
2989313876,PUFGL00884,DIV475611,EDD II ANANDNAGAR,RDF ,RDF,ASS
2989418000,PUFGL00868,DIV475611,EDD II ANANDNAGAR,RDF ,OK,MU
2989527000,PUFGL01121,DIV475614,EDD NICHLAUL,RDF ,RDF,ASS
2990005292,PUFGL00894,DIV475611,EDD II ANANDNAGAR,RDF ,OK,MU
2996496000,PUFGL01034,DIV475613,EDD NAUTANWA,RDF ,P,PROV
2997265000,FGLTD01968,DIV475812,EDD HATA,RDF ,RDF,ASS
2998347000,FGLTD03120,DIV475813,"EDD KASYA, KUSHINAGAR",IDF ,IDF,ASS
2999185000,FGLTD01188,DIV475813,"EDD KASYA, KUSHINAGAR",RDF ,P,PROV
3000027000,PUFGL00421,DIV435722,"EDD SAHJANWA,GORAKHPUR",RDF ,RDF,ASS
3000736000,PUFGL01031,DIV475613,EDD NAUTANWA,RDF ,P,PROV
3001227000,PUFGL00843,DIV475814,EDD SEORAHI,IDF ,IDF,ASS
3001717000,PUFGL01058,DIV475613,EDD NAUTANWA,RDF ,RDF,ASS
3002026000,PUFGL00374,DIV435722,"EDD SAHJANWA,GORAKHPUR",RDF ,P,PROV
3002146000,PUFGL00708,DIV475811,EDD PADRAUNA,IDF,IDF,ASS
3002977000,PUFGL00844,DIV475814,EDD SEORAHI,IDF ,IDF,ASS
3003108000,FGLTD03203,DIV475813,"EDD KASYA, KUSHINAGAR",IDF ,IDF,ASS
3003177000,PUFGL00416,DIV435722,"EDD SAHJANWA,GORAKHPUR",RDF ,P,PROV
3004266000,FGLTD03012,DIV475811,EDD PADRAUNA,RDF ,OK,MU
3006676000,PUFGL00584,DIV475934,EDD SALEMPUR,RDF ,OK,CEIL
3007617000,PUFGL01124,DIV475614,EDD NICHLAUL,RDF ,RDF,ASS
3008623277,PUFGL00568,DIV475934,EDD SALEMPUR,RDF ,RDF,ASS
3011563369,PUFGL00836,DIV475813,"EDD KASYA, KUSHINAGAR",IDF ,IDF,ASS
3015308000,FGLTD02308,DIV475814,EDD SEORAHI,IDF,IDF,ASS
3015526000,PUFGL00764,DIV475812,EDD HATA,IDF,IDF,ASS
3015856000,FGLTD01582,DIV475613,EDD NAUTANWA,RDF,OK,MU
3017637000,FGLTD02825,DIV475811,EDD PADRAUNA,RDF ,RDF,ASS
3017897000,FGLTD02081,DIV475812,EDD HATA,RDF ,RDF,ASS
3018475000,PUFGL00547,DIV475934,EDD SALEMPUR,IDF ,IDF,ASS
3018817000,FGLTD03230,DIV475813,"EDD KASYA, KUSHINAGAR",RDF,RDF,ASS
3019218000,PUFGL00764,DIV475812,EDD HATA,IDF ,IDF,ASS
3019957000,PUFGL00363,DIV435722,"EDD SAHJANWA,GORAKHPUR",RDF ,OK,MU
3020123735,FGLTD02717,DIV475613,EDD NAUTANWA,RDF ,OK,MU
3020346000,PUFGL00894,DIV475611,EDD II ANANDNAGAR,RDF ,OK,MU
3021955000,FGLTD03294,DIV475814,EDD SEORAHI,IDF ,IDF,ASS
3022736000,FGLTD02667,DIV475813,"EDD KASYA, KUSHINAGAR",RDF ,RDF,ASS
3023118000,PUFGL00843,DIV475814,EDD SEORAHI,IDF,IDF,ASS
3023626000,FGLTD02753,DIV475811,EDD PADRAUNA,IDF ,IDF,ASS
3025417000,PUFGL00845,DIV475814,EDD SEORAHI,RDF ,RDF,ASS
3026717000,PUFGL00121,DIV435732,EDD CHAURI CHAURA,RDF ,RDF,ASS
3026947000,PUFGL00264,DIV435733,EDD CAMPIEARGANJ,RDF ,RDF,ASS
3028659947,PUFGL00228,DIV435733,EDD CAMPIEARGANJ,RDF ,OK,MU
3029516000,PUFGL00838,DIV475813,"EDD KASYA, KUSHINAGAR",RDF ,OK,MU
3030377000,PUFGL00515,DIV475932,EDD DEORIA,RDF ,P,PROV
3030737000,PUFGL00654,DIV475811,EDD PADRAUNA,IDF,IDF,ASS
3031897000,PUFGL01139,DIV475614,EDD NICHLAUL,RDF ,RDF,ASS
3033118000,FGLTD01661,DIV475814,EDD SEORAHI,IDF ,IDF,ASS
3034507000,PUFGL00259,DIV435733,EDD CAMPIEARGANJ,RDF ,RDF,ASS
3035277000,PUFGL00764,DIV475812,EDD HATA,IDF ,IDF,ASS
3035508000,PUFGL01017,DIV475612,EDD I MAHARAJGANJ,RDF ,P,PROV
3037647000,FGLTD03393,DIV475814,EDD SEORAHI,IDF ,IDF,ASS
3039221017,FGLTD01283,DIV475935,EDD GAURI BAZAR,RDF ,OK,MU
3039666000,PUFGL00781,DIV475812,EDD HATA,RDF ,OK,MU
3039875000,PUFGL00745,DIV475812,EDD HATA,IDF,IDF,ASS
3040467000,PUFGL00355,DIV435721,EDD KAURIRAM,RDF,P,PROV
3041436000,PUFGL01042,DIV475613,EDD NAUTANWA,RDF ,RDF,ASS
3042112000,FGLTD01821,DIV435712,"EUDD SRI GORAKHNATH,GORAKHPUR",RDF ,OK,MU
3042198400,FGLTD02967,DIV475934,EDD SALEMPUR,RDF ,RDF,ASS
3044771948,FGLTD02305,DIV475814,EDD SEORAHI,IDF ,IDF,ASS
3045226000,PUFGL00847,DIV475814,EDD SEORAHI,RDF ,RDF,ASS
3047575000,FGLTD01998,DIV475935,EDD GAURI BAZAR,RDF ,OK,MU
3048337000,PUFGL00887,DIV475611,EDD II ANANDNAGAR,RDF ,OK,MU
3048857000,PUFGL00961,DIV475612,EDD I MAHARAJGANJ,RDF ,OK,MU
3050357000,FGLTD02737,DIV435733,EDD CAMPIEARGANJ,RDF,TDMR,MU
3051454000,PUFGL00709,DIV475811,EDD PADRAUNA,RDF ,RDF,ASS
3052297000,FGLTD02571,DIV435731,"EDD GULHARIYA BAZAR,GORAKHPUR",RDF ,OK,MU
3054546000,PUFGL00814,DIV475813,"EDD KASYA, KUSHINAGAR",RDF ,OK,MU
3056816000,PUFGL00515,DIV475932,EDD DEORIA,RDF ,P,PROV
3057047000,PUFGL00878,DIV475611,EDD II ANANDNAGAR,RDF ,RDF,ASS
3057947000,PUFGL00568,DIV475934,EDD SALEMPUR,RDF ,RDF,ASS
3058605704,FGLTD03004,DIV475812,EDD HATA,IDF ,IDF,ASS
3060342589,PUFGL00350,DIV435721,EDD KAURIRAM,RDF ,OK,MU
3060576000,PUFGL00792,DIV475812,EDD HATA,IDF ,IDF,ASS
3063525929,PUFGL00838,DIV475813,"EDD KASYA, KUSHINAGAR",RDF ,OK,MU
3063567000,PUFGL00890,DIV475611,EDD II ANANDNAGAR,RDF,RDF,ASS
3064065000,PUFGL00584,DIV475934,EDD SALEMPUR,RDF ,OK,MU
3064426000,FGLTD03441,DIV475814,EDD SEORAHI,RDF ,OK,MU
3066636000,FGLTD02147,DIV475614,EDD NICHLAUL,RDF ,OK,MU
3067847000,PUFGL00864,DIV475611,EDD II ANANDNAGAR,RDF ,OK,MU
3069547000,PUFGL00802,DIV475813,"EDD KASYA, KUSHINAGAR",RDF ,RDF,ASS
3070226000,FGLTD03227,DIV475813,"EDD KASYA, KUSHINAGAR",RDF ,RDF,ASS
3070875000,FGLTD01549,DIV475932,EDD DEORIA,IDF,IDF,ASS
3072636000,FGLTD02943,DIV475812,EDD HATA,RDF ,P,PROV
3073796000,FGLTD02929,DIV475814,EDD SEORAHI,IDF,IDF,ASS
3076526000,PUFGL00587,DIV475934,EDD SALEMPUR,RDF,RDF,ASS
3076949495,PUFGL00462,DIV475931,EDD BARHAJ,RDF ,RDF,ASS
3077897000,PUFGL00760,DIV475812,EDD HATA,IDF ,IDF,ASS
3078251152,PUFGL00710,DIV475811,EDD PADRAUNA,RDF ,RDF,ASS
3079073162,PUFGL00619,DIV475935,EDD GAURI BAZAR,RDF ,BR,MU
3079518000,FGLTD03394,DIV475814,EDD SEORAHI,IDF ,IDF,ASS
3080156000,FGLTD01258,DIV475932,EDD DEORIA,RDF ,OK,MU
3080197000,PUFGL00987,DIV475612,EDD I MAHARAJGANJ,RDF ,P,PROV
3080417000,FGLTD03165,DIV435731,"EDD GULHARIYA BAZAR,GORAKHPUR",RDF ,OK,MU
3082057000,PUFGL01085,DIV475614,EDD NICHLAUL,RDF ,RDF,ASS
3082536000,PUFGL01117,DIV475614,EDD NICHLAUL,RDF,RDF,ASS
3084986000,FGLTD03116,DIV475814,EDD SEORAHI,RDF ,OK,MU
3085665000,FGLTD02540,DIV435731,"EDD GULHARIYA BAZAR,GORAKHPUR",RDF ,RDF,ASS
3086157000,FGLTD02657,DIV435731,"EDD GULHARIYA BAZAR,GORAKHPUR",RDF ,RDF,ASS
3086707000,FGLTD02081,DIV475812,EDD HATA,RDF ,RDF,ASS
3087898579,PUFGL00540,DIV475934,EDD SALEMPUR,IDF ,IDF,NULL
3089739520,FGLTD03310,DIV475613,EDD NAUTANWA,RDF ,RDF,ASS
3090275000,PUFGL00803,DIV475813,"EDD KASYA, KUSHINAGAR",RDF ,RDF,ASS
3090966288,PUFGL01040,DIV475613,EDD NAUTANWA,RDF ,OK,MU
3092137000,PUFGL00592,DIV475934,EDD SALEMPUR,RDF ,RDF,ASS
3092977000,PUFGL00844,DIV475814,EDD SEORAHI,IDF,IDF,ASS
3093556000,PUFGL00487,DIV475932,EDD DEORIA,RDF ,OK,MU
3095246000,PUFGL00340,DIV435721,EDD KAURIRAM,IDF ,IDF,ASS
3095271353,FGLTD03358,DIV475935,EDD GAURI BAZAR,RDF ,OK,MU
3095276000,PUFGL00340,DIV435721,EDD KAURIRAM,RDF ,P,PROV
3096225876,FGLTD03057,DIV475813,"EDD KASYA, KUSHINAGAR",RDF ,P,PROV
3096276000,FGLTD02978,DIV435733,EDD CAMPIEARGANJ,RDF,RDF,ASS
3096318000,FGLTD01881,DIV435721,EDD KAURIRAM,RDF ,P,PROV
3096617000,FGLTD02414,DIV475614,EDD NICHLAUL,RDF,P,PROV
3097485000,PUFGL01209,DIV475935,EDD GAURI BAZAR,RDF ,RDF,ASS
3097547000,PUFGL00599,DIV475934,EDD SALEMPUR,RDF ,RDF,ASS
3098057341,PUFGL00848,DIV475814,EDD SEORAHI,IDF ,IDF,ASS
3099976000,FGLTD03316,DIV475932,EDD DEORIA,RDF,TDMR,MU
3100786683,PUFGL01037,DIV475613,EDD NAUTANWA,RDF ,OK,MU
3102587000,FGLTD03122,DIV475813,"EDD KASYA, KUSHINAGAR",RDF,RDF,ASS
3104546193,FGLTD02324,DIV435711,"EUDD TOWNHALL,GORAKHPUR",RDF ,OK,MU
3108284096,PUFGL00246,DIV435733,EDD CAMPIEARGANJ,RDF ,OK,MU
3108296000,PUFGL00761,DIV475812,EDD HATA,RDF ,OK,MU
3109847000,PUFGL00982,DIV475612,EDD I MAHARAJGANJ,RDF ,RDF,ASS
3110436000,PUFGL00251,DIV435733,EDD CAMPIEARGANJ,RDF ,RDF,ASS
3112133419,FGLTD03118,DIV475814,EDD SEORAHI,IDF ,IDF,ASS
3112646000,FGLTD02753,DIV475811,EDD PADRAUNA,IDF ,IDF,ASS
3112775000,PUFGL00997,DIV475612,EDD I MAHARAJGANJ,RDF ,RDF,ASS
3114003377,PUFGL00850,DIV475814,EDD SEORAHI,RDF ,RDF,ASS
3114946000,FGLTD02951,DIV475811,EDD PADRAUNA,IDF ,IDF,ASS
3115046415,PUFGL00212,DIV435731,"EDD GULHARIYA BAZAR,GORAKHPUR",RDF ,OK,MU
3116065000,PUFGL00606,DIV475934,EDD SALEMPUR,IDF ,IDF,ASS
3116344898,FGLTD02238,DIV475932,EDD DEORIA,RDF ,OK,MU
3116636000,PUFGL00562,DIV475934,EDD SALEMPUR,RDF,RDF,ASS
3118475000,PUFGL00530,DIV475934,EDD SALEMPUR,RDF ,RDF,ASS
3118626449,FGLTD02366,DIV435711,"EUDD TOWNHALL,GORAKHPUR",RDF ,OK,MU
3118785000,PUFGL00987,DIV475612,EDD I MAHARAJGANJ,RDF ,OK,MU
3118836000,FGLTD03228,DIV475813,"EDD KASYA, KUSHINAGAR",RDF ,OK,MU
3119485000,PUFGL00592,DIV475934,EDD SALEMPUR,RDF ,RDF,ASS
3119486000,FGLTD01966,DIV475812,EDD HATA,IDF ,IDF,ASS
3120526000,FGLTD01671,DIV475814,EDD SEORAHI,RDF ,RDF,ASS
3120934777,PUFGL00806,DIV475813,"EDD KASYA, KUSHINAGAR",IDF ,IDF,ASS
3121098706,PUFGL00548,DIV475934,EDD SALEMPUR,RDF ,OK,MU
3122107000,FGLTD01579,DIV475611,EDD II ANANDNAGAR,RDF ,OK,MU
3122415608,PUFGL00508,DIV475932,EDD DEORIA,RDF ,OK,MU
3124097000,PUFGL00555,DIV475934,EDD SALEMPUR,RDF ,RDF,ASS
3125336319,PUFGL00811,DIV475813,"EDD KASYA, KUSHINAGAR",RDF ,OK,MU
3125966000,PUFGL01046,DIV475613,EDD NAUTANWA,RDF ,RDF,ASS
3126305736,FGLTD03021,DIV475935,EDD GAURI BAZAR,RDF ,RDF,ASS
3126597000,FGLTD01773,DIV475814,EDD SEORAHI,RDF ,RDF,ASS
3126997000,PUFGL00806,DIV475813,"EDD KASYA, KUSHINAGAR",RDF ,RDF,ASS
3127247000,FGLTD01582,DIV475613,EDD NAUTANWA,RDF,RDF,ASS
3130394434,FGLTD03116,DIV475814,EDD SEORAHI,IDF,IDF,ASS
3132546000,PUFGL01091,DIV475614,EDD NICHLAUL,RDF ,RDF,ASS
3134408000,PUFGL00593,DIV475934,EDD SALEMPUR,RDF ,OK,MU
3135075000,PUFGL00885,DIV475611,EDD II ANANDNAGAR,RDF,BR,MU
3136847000,FGLTD02460,DIV475932,EDD DEORIA,RDF,RDF,ASS
3137287000,FGLTD01968,DIV475812,EDD HATA,RDF ,RDF,ASS
3138618219,FGLTD01761,DIV435713,"EUDD MOHADDIPUR,GORAKHPUR",RDF ,OK,MU
3139000697,PUFGL00340,DIV435721,EDD KAURIRAM,RDF ,P,PROV
3140308000,PUFGL00257,DIV435733,EDD CAMPIEARGANJ,IDF ,IDF,ASS
3142936000,PUFGL00257,DIV435733,EDD CAMPIEARGANJ,IDF,IDF,ASS
3144218944,PUFGL01220,DIV475935,EDD GAURI BAZAR,RDF ,RDF,ASS
3144417000,FGLTD01671,DIV475814,EDD SEORAHI,IDF ,IDF,ASS
3145726000,PUFGL01095,DIV475614,EDD NICHLAUL,RDF ,P,PROV
3146433384,FGLTD01846,DIV435712,"EUDD SRI GORAKHNATH,GORAKHPUR",RDF ,OK,MU
3147035183,PUFGL01058,DIV475613,EDD NAUTANWA,RDF ,P,PROV
3148708000,FGLTD03394,DIV475814,EDD SEORAHI,IDF ,IDF,ASS
3149317000,PUFGL00635,DIV475935,EDD GAURI BAZAR,RDF,OK,MU
3152338859,PUFGL00268,DIV435733,EDD CAMPIEARGANJ,RDF ,OK,MU
3153267000,FGLTD03294,DIV475814,EDD SEORAHI,IDF ,IDF,ASS
3153736000,PUFGL00802,DIV475813,"EDD KASYA, KUSHINAGAR",IDF ,IDF,ASS
3154137000,PUFGL00860,DIV475611,EDD II ANANDNAGAR,RDF ,OK,MU
3154399429,PUFGL00894,DIV475611,EDD II ANANDNAGAR,RDF ,OK,MU
3154783947,FGLTD02017,DIV435722,"EDD SAHJANWA,GORAKHPUR",RDF ,OK,MU
3155596000,PUFGL00639,DIV475935,EDD GAURI BAZAR,RDF ,RDF,ASS
3156186836,FGLTD02189,DIV475934,EDD SALEMPUR,RDF ,RDF,ASS
3158105717,FGLTD03160,DIV475611,EDD II ANANDNAGAR,RDF ,OK,MU
3158675000,FGLTD01968,DIV475812,EDD HATA,RDF ,IDF,ASS
3159146000,PUFGL00595,DIV475934,EDD SALEMPUR,RDF ,BR,MU
3160865000,PUFGL00844,DIV475814,EDD SEORAHI,IDF ,IDF,ASS
3161737000,PUFGL00178,DIV435731,"EDD GULHARIYA BAZAR,GORAKHPUR",RDF ,OK,MU
3162855000,PUFGL00180,DIV435731,"EDD GULHARIYA BAZAR,GORAKHPUR",RDF ,RDF,ASS
3163647000,FGLTD03116,DIV475814,EDD SEORAHI,IDF ,IDF,ASS
3165507000,FGLTD02929,DIV475814,EDD SEORAHI,IDF,IDF,ASS
3166897000,FGLTD02544,DIV435732,EDD CHAURI CHAURA,RDF ,OK,CEIL
3167837000,FGLTD01654,DIV475814,EDD SEORAHI,RDF ,P,PROV
3167997000,PUFGL00306,DIV435723,EDD SHIKARIGANJ,RDF,OK,MU
3169565000,FGLTD03316,DIV475932,EDD DEORIA,RDF ,OK,MU
3170418000,FGLTD02147,DIV475614,EDD NICHLAUL,RDF ,OK,MU
3171326000,PUFGL00661,DIV475811,EDD PADRAUNA,RDF ,P,PROV
3172066000,FGLTD01966,DIV475812,EDD HATA,RDF ,RDF,ASS
3172137000,FGLTD01968,DIV475812,EDD HATA,RDF ,RDF,ASS
3173513294,FGLTD03203,DIV475813,"EDD KASYA, KUSHINAGAR",RDF ,RDF,ASS
3176216000,FGLTD01582,DIV475613,EDD NAUTANWA,RDF ,P,PROV
3177096000,PUFGL00518,DIV475934,EDD SALEMPUR,RDF ,RDF,ASS
3177356827,PUFGL00761,DIV475812,EDD HATA,RDF ,OK,MU
3178775000,PUFGL01200,DIV475932,EDD DEORIA,RDF ,OK,MU
3179547000,FGLTD01188,DIV475813,"EDD KASYA, KUSHINAGAR",RDF ,RDF,ASS
3179786000,PUFGL00444,DIV475931,EDD BARHAJ,RDF ,OK,MU
3182987000,FGLTD02460,DIV475932,EDD DEORIA,IDF ,IDF,ASS
3183616000,PUFGL00844,DIV475814,EDD SEORAHI,IDF ,IDF,ASS
3184327000,PUFGL00790,DIV475812,EDD HATA,IDF ,IDF,ASS
3184597000,PUFGL00704,DIV475811,EDD PADRAUNA,IDF ,IDF,ASS
3184627000,PUFGL01031,DIV475613,EDD NAUTANWA,RDF ,RDF,ASS
3184921286,FGLTD03114,DIV475814,EDD SEORAHI,IDF ,IDF,ASS
3185037000,PUFGL00844,DIV475814,EDD SEORAHI,IDF ,IDF,ASS
3185385000,PUFGL00843,DIV475814,EDD SEORAHI,IDF ,IDF,ASS
3186236000,FGLTD02471,DIV475814,EDD SEORAHI,IDF ,IDF,ASS
3187077000,PUFGL00980,DIV475612,EDD I MAHARAJGANJ,RDF ,OK,MU
3187386000,PUFGL00883,DIV475611,EDD II ANANDNAGAR,RDF ,OK,MU
3189902000,FGLTD03111,DIV435711,"EUDD TOWNHALL,GORAKHPUR",RDF ,OK,MU
3190236000,PUFGL00552,DIV475934,EDD SALEMPUR,IDF,IDF,ASS
3191137000,PUFGL00602,DIV475934,EDD SALEMPUR,RDF ,RDF,ASS
3192896000,FGLTD01661,DIV475814,EDD SEORAHI,IDF ,IDF,ASS
3194536000,PUFGL01091,DIV475614,EDD NICHLAUL,RDF ,RDF,ASS
3197796000,PUFGL00157,DIV435731,"EDD GULHARIYA BAZAR,GORAKHPUR",RDF ,OK,MU
3198546000,PUFGL01047,DIV475613,EDD NAUTANWA,RDF ,P,PROV
3198617000,FGLTD02414,DIV475614,EDD NICHLAUL,RDF ,RDF,ASS
3200675000,FGLTD01661,DIV475814,EDD SEORAHI,IDF,IDF,ASS
3202229267,FGLTD02460,DIV475932,EDD DEORIA,RDF ,P,PROV
3202635025,PUFGL00556,DIV475934,EDD SALEMPUR,RDF ,OK,MU
3209172518,PUFGL01063,DIV475613,EDD NAUTANWA,RDF ,RDF,ASS
3209855000,FGLTD02667,DIV475813,"EDD KASYA, KUSHINAGAR",RDF ,RDF,ASS
3210866000,PUFGL00574,DIV475934,EDD SALEMPUR,RDF,RDF,ASS
3213675000,FGLTD01661,DIV475814,EDD SEORAHI,IDF ,IDF,ASS
3214340968,FGLTD03001,DIV475613,EDD NAUTANWA,RDF ,OK,MU
3218246000,PUFGL00606,DIV475934,EDD SALEMPUR,RDF ,RDF,ASS
3219365000,FGLTD01183,DIV475813,"EDD KASYA, KUSHINAGAR",RDF ,RDF,ASS
3219557000,PUFGL00248,DIV435733,EDD CAMPIEARGANJ,RDF ,P,PROV
3220707000,PUFGL00587,DIV475934,EDD SALEMPUR,RDF,RDF,ASS
3221146000,FGLTD02471,DIV475814,EDD SEORAHI,IDF ,IDF,ASS
3221385000,PUFGL00552,DIV475934,EDD SALEMPUR,RDF ,RDF,ASS
3222720154,FGLTD01998,DIV475935,EDD GAURI BAZAR,RDF ,OK,MU
3223316857,PUFGL01041,DIV475613,EDD NAUTANWA,RDF ,OK,MU
3223646000,FGLTD02299,DIV475812,EDD HATA,RDF ,OK,MU
3223737000,PUFGL00592,DIV475934,EDD SALEMPUR,RDF,RDF,ASS
3225308000,FGLTD03393,DIV475814,EDD SEORAHI,IDF ,IDF,ASS
3225837000,FGLTD01612,DIV475811,EDD PADRAUNA,IDF ,IDF,ASS
3226596000,FGLTD03266,DIV475935,EDD GAURI BAZAR,RDF ,P,PROV
3227785000,PUFGL00965,DIV475612,EDD I MAHARAJGANJ,RDF ,RDF,ASS
3228436000,PUFGL00515,DIV475932,EDD DEORIA,RDF ,RDF,ASS
3230557000,PUFGL00848,DIV475814,EDD SEORAHI,IDF ,IDF,ASS
3231956000,FGLTD02460,DIV475932,EDD DEORIA,RDF ,OK,CEIL
3231957000,FGLTD02223,DIV435723,EDD SHIKARIGANJ,RDF,P,PROV
3233287000,FGLTD02149,DIV435732,EDD CHAURI CHAURA,RDF ,P,PROV
3233573170,PUFGL00706,DIV475811,EDD PADRAUNA,IDF,RDF,ASS
3233776000,PUFGL01138,DIV475614,EDD NICHLAUL,RDF ,RDF,ASS
3233949860,PUFGL00979,DIV475612,EDD I MAHARAJGANJ,IDF ,IDF,ASS
3235356000,PUFGL01132,DIV475614,EDD NICHLAUL,RDF ,OK,MU
3235627000,FGLTD01661,DIV475814,EDD SEORAHI,IDF,IDF,ASS
3236380702,FGLTD01873,DIV435714,"EUDD RAPTINAGAR,GORAKHPUR",RDF ,RDF,ASS
3239497000,FGLTD03294,DIV475814,EDD SEORAHI,IDF ,IDF,ASS
3240965000,PUFGL00764,DIV475812,EDD HATA,IDF ,IDF,ASS
3241006000,FGLTD02408,DIV475935,EDD GAURI BAZAR,RDF ,OK,MU
3241025031,PUFGL00162,DIV435731,"EDD GULHARIYA BAZAR,GORAKHPUR",RDF ,P,PROV
3242397000,FGLTD01671,DIV475814,EDD SEORAHI,RDF ,RDF,ASS
3242707000,FGLTD02299,DIV475812,EDD HATA,RDF ,RDF,ASS
3243627054,PUFGL00108,DIV435732,EDD CHAURI CHAURA,RDF ,OK,MU
3244733947,PUFGL01060,DIV475613,EDD NAUTANWA,RDF ,OK,MU
3245316000,PUFGL00188,DIV435731,"EDD GULHARIYA BAZAR,GORAKHPUR",IDF ,IDF,ASS
3247401957,PUFGL01088,DIV475614,EDD NICHLAUL,RDF,P,PROV
3249207000,PUFGL01054,DIV475613,EDD NAUTANWA,RDF,RDF,ASS
3249436619,FGLTD02929,DIV475814,EDD SEORAHI,IDF ,IDF,ASS
3250518000,FGLTD02483,DIV475812,EDD HATA,RDF ,RDF,ASS
3251267000,PUFGL00587,DIV475934,EDD SALEMPUR,RDF ,RDF,ASS
3251276000,PUFGL00555,DIV475934,EDD SALEMPUR,RDF ,OK,MU
3251285000,PUFGL00449,DIV475931,EDD BARHAJ,RDF ,RDF,ASS
3252256000,PUFGL00592,DIV475934,EDD SALEMPUR,RDF ,RDF,ASS
3252437000,PUFGL00920,DIV475612,EDD I MAHARAJGANJ,IDF ,IDF,ASS
3253175000,PUFGL00782,DIV475812,EDD HATA,RDF ,RDF,ASS
3253339038,FGLTD03393,DIV475814,EDD SEORAHI,IDF ,IDF,ASS
3254475000,FGLTD02460,DIV475932,EDD DEORIA,RDF ,OK,MU
3254888063,FGLTD02587,DIV475611,EDD II ANANDNAGAR,RDF ,P,PROV
3255718000,PUFGL00840,DIV475813,"EDD KASYA, KUSHINAGAR",RDF ,OK,MU
3257279820,FGLTD01757,DIV435712,"EUDD SRI GORAKHNATH,GORAKHPUR",RDF,OK,MU
3257785000,PUFGL00114,DIV435732,EDD CHAURI CHAURA,RDF,OK,MU
3259649590,FGLTD02236,DIV435714,"EUDD RAPTINAGAR,GORAKHPUR",RDF ,OK,MU
3260465000,FGLTD01188,DIV475813,"EDD KASYA, KUSHINAGAR",RDF ,RDF,ASS
3260971420,PUFGL01121,DIV475614,EDD NICHLAUL,RDF ,RDF,ASS
3264277000,FGLTD03004,DIV475812,EDD HATA,IDF ,IDF,ASS
3266746000,PUFGL00552,DIV475934,EDD SALEMPUR,RDF ,RDF,ASS
3268057000,FGLTD01190,DIV475813,"EDD KASYA, KUSHINAGAR",RDF ,RDF,ASS
3268157000,PUFGL00763,DIV475812,EDD HATA,RDF ,OK,MU
3268483831,PUFGL00235,DIV435733,EDD CAMPIEARGANJ,RDF ,BR,MU
3269336000,FGLTD02918,DIV435733,EDD CAMPIEARGANJ,RDF ,RDF,ASS
3271856000,PUFGL00760,DIV475812,EDD HATA,RDF ,OK,MU
3272454000,PUFGL00703,DIV475811,EDD PADRAUNA,IDF ,IDF,ASS
3274457000,FGLTD03116,DIV475814,EDD SEORAHI,IDF ,IDF,ASS
3276796000,PUFGL00849,DIV475814,EDD SEORAHI,IDF ,IDF,ASS
3278401421,FGLTD03125,DIV475813,"EDD KASYA, KUSHINAGAR",IDF,IDF,ASS
3279239496,FGLTD01540,DIV475934,EDD SALEMPUR,RDF ,RDF,ASS
3279675000,PUFGL00757,DIV475812,EDD HATA,RDF ,P,PROV
3280626000,PUFGL00743,DIV475812,EDD HATA,RDF ,BR,MU
3280736000,PUFGL00844,DIV475814,EDD SEORAHI,IDF ,IDF,ASS
3282837000,FGLTD03394,DIV475814,EDD SEORAHI,IDF ,IDF,ASS
3283287000,PUFGL00784,DIV475812,EDD HATA,RDF ,OK,MU
3283516907,PUFGL00277,DIV435723,EDD SHIKARIGANJ,RDF ,RDF,ASS
3284737000,PUFGL00162,DIV435731,"EDD GULHARIYA BAZAR,GORAKHPUR",RDF,P,PROV
3284897000,PUFGL00252,DIV435733,EDD CAMPIEARGANJ,IDF ,IDF,ASS
3285956000,PUFGL00507,DIV475932,EDD DEORIA,RDF ,RDF,ASS
3287340224,PUFGL00764,DIV475812,EDD HATA,IDF ,IDF,ASS
3287536000,FGLTD02178,DIV475934,EDD SALEMPUR,RDF ,BR,MU
3288955000,PUFGL00922,DIV475612,EDD I MAHARAJGANJ,RDF,RDF,ASS
3289267000,FGLTD02471,DIV475814,EDD SEORAHI,IDF ,IDF,ASS
3289857000,PUFGL00114,DIV435732,EDD CHAURI CHAURA,RDF ,OK,MU
3292875000,PUFGL01201,DIV475932,EDD DEORIA,RDF ,P,PROV
3294308000,PUFGL00993,DIV475612,EDD I MAHARAJGANJ,RDF ,P,PROV
3294422027,PUFGL00806,DIV475813,"EDD KASYA, KUSHINAGAR",RDF ,RDF,ASS
3295977000,FGLTD01661,DIV475814,EDD SEORAHI,IDF ,IDF,ASS
3298965000,PUFGL00922,DIV475612,EDD I MAHARAJGANJ,RDF ,OK,MU
3298976000,FGLTD02998,DIV435733,EDD CAMPIEARGANJ,RDF ,P,PROV
3300626642,FGLTD03248,DIV475612,EDD I MAHARAJGANJ,RDF ,P,PROV
3304667000,FGLTD01592,DIV475812,EDD HATA,IDF ,IDF,ASS
3304796000,FGLTD03393,DIV475814,EDD SEORAHI,IDF ,IDF,ASS
3305147000,PUFGL00444,DIV475931,EDD BARHAJ,RDF,RDF,ASS
3305565000,FGLTD01188,DIV475813,"EDD KASYA, KUSHINAGAR",RDF ,RDF,ASS
3305718000,PUFGL00393,DIV435722,"EDD SAHJANWA,GORAKHPUR",RDF ,OK,MU
3308681846,PUFGL01206,DIV475935,EDD GAURI BAZAR,RDF ,RDF,ASS
3312308000,PUFGL00848,DIV475814,EDD SEORAHI,IDF,IDF,ASS
3312647475,FGLTD03133,DIV475812,EDD HATA,RDF ,P,PROV
3313197000,PUFGL00540,DIV475934,EDD SALEMPUR,RDF ,RDF,ASS
3315408000,PUFGL00606,DIV475934,EDD SALEMPUR,RDF ,RDF,ASS
3316216000,PUFGL01015,DIV475612,EDD I MAHARAJGANJ,RDF ,OK,MU
3316953976,PUFGL00507,DIV475932,EDD DEORIA,RDF ,OK,MU
3317126000,PUFGL00760,DIV475812,EDD HATA,IDF,IDF,ASS
3317286000,PUFGL00792,DIV475812,EDD HATA,IDF ,IDF,ASS
3320222110,PUFGL00686,DIV475811,EDD PADRAUNA,RDF ,OK,MU
3320416000,FGLTD03170,DIV435731,"EDD GULHARIYA BAZAR,GORAKHPUR",RDF ,RDF,ASS
3320579065,FGLTD02305,DIV475814,EDD SEORAHI,IDF ,IDF,ASS
3321917000,PUFGL00188,DIV435731,"EDD GULHARIYA BAZAR,GORAKHPUR",RDF ,RDF,ASS
3322375000,PUFGL00802,DIV475813,"EDD KASYA, KUSHINAGAR",RDF ,IDF,ASS
3322536000,FGLTD02147,DIV475614,EDD NICHLAUL,RDF ,RDF,ASS
3322818277,FGLTD01283,DIV475935,EDD GAURI BAZAR,RDF ,RDF,ASS
3324637000,FGLTD01191,DIV475813,"EDD KASYA, KUSHINAGAR",RDF ,OK,MU
3325337000,PUFGL00743,DIV475812,EDD HATA,RDF ,RDF,ASS
3325496000,PUFGL00274,DIV435723,EDD SHIKARIGANJ,RDF ,OK,MU
3327153624,PUFGL01151,DIV475614,EDD NICHLAUL,RDF,RDF,ASS
3327167000,FGLTD02657,DIV435731,"EDD GULHARIYA BAZAR,GORAKHPUR",RDF ,RDF,ASS
3327556000,PUFGL00592,DIV475934,EDD SALEMPUR,RDF ,RDF,ASS
3329646000,FGLTD03226,DIV475813,"EDD KASYA, KUSHINAGAR",RDF ,RDF,ASS
3331446000,PUFGL00790,DIV475812,EDD HATA,RDF,OK,MU
3331516767,FGLTD01808,DIV475934,EDD SALEMPUR,RDF ,P,PROV
3332986000,FGLTD02471,DIV475814,EDD SEORAHI,IDF ,IDF,ASS
3332987000,PUFGL01018,DIV475612,EDD I MAHARAJGANJ,RDF ,OK,MU
3334528469,FGLTD01876,DIV435714,"EUDD RAPTINAGAR,GORAKHPUR",RDF ,RDF,ASS
3334907000,PUFGL00777,DIV475812,EDD HATA,RDF ,P,PROV
3335844626,FGLTD02147,DIV475614,EDD NICHLAUL,RDF ,RDF,ASS
3338317000,FGLTD03393,DIV475814,EDD SEORAHI,IDF ,IDF,ASS
3342869461,FGLTD01998,DIV475935,EDD GAURI BAZAR,RDF ,RDF,ASS
3343177395,PUFGL00437,DIV435722,"EDD SAHJANWA,GORAKHPUR",RDF ,OK,MU
3344908000,FGLTD03390,DIV475811,EDD PADRAUNA,RDF ,RDF,ASS
3345186000,FGLTD02929,DIV475814,EDD SEORAHI,IDF ,IDF,ASS
3348886000,PUFGL00358,DIV435721,EDD KAURIRAM,RDF ,P,PROV
3349916000,PUFGL00776,DIV475812,EDD HATA,IDF ,IDF,ASS
3350175000,FGLTD02944,DIV475812,EDD HATA,RDF ,OK,MU
3350716000,PUFGL00916,DIV475612,EDD I MAHARAJGANJ,RDF ,OK,MU
3351974246,PUFGL00709,DIV475811,EDD PADRAUNA,RDF ,RDF,ASS
3352026754,PUFGL00180,DIV435731,"EDD GULHARIYA BAZAR,GORAKHPUR",RDF ,OK,MU
3352367000,PUFGL00654,DIV475811,EDD PADRAUNA,RDF ,BR,MU
3353436000,PUFGL00764,DIV475812,EDD HATA,IDF ,IDF,ASS
3354855000,PUFGL00204,DIV435731,"EDD GULHARIYA BAZAR,GORAKHPUR",IDF ,IDF,ASS
3355908000,PUFGL00806,DIV475813,"EDD KASYA, KUSHINAGAR",RDF ,IDF,ASS
3356066000,FGLTD01624,DIV475812,EDD HATA,RDF ,RDF,ASS
3356385000,PUFGL00848,DIV475814,EDD SEORAHI,IDF ,IDF,ASS
3356857876,PUFGL00701,DIV475811,EDD PADRAUNA,RDF,RDF,ASS
3358972162,FGLTD02580,DIV435713,"EUDD MOHADDIPUR,GORAKHPUR",RDF ,P,PROV
3359576000,PUFGL01017,DIV475612,EDD I MAHARAJGANJ,RDF ,P,PROV
3360365000,PUFGL00744,DIV475812,EDD HATA,RDF ,BR,MU
3363165000,FGLTD02701,DIV435732,EDD CHAURI CHAURA,RDF ,OK,MU
3363426000,FGLTD01661,DIV475814,EDD SEORAHI,IDF ,IDF,ASS
3364785000,PUFGL00764,DIV475812,EDD HATA,IDF ,IDF,ASS
3366673418,PUFGL00199,DIV435731,"EDD GULHARIYA BAZAR,GORAKHPUR",RDF ,OK,MU
3366776000,FGLTD03220,DIV475613,EDD NAUTANWA,RDF ,RDF,ASS
3366936000,PUFGL00418,DIV435722,"EDD SAHJANWA,GORAKHPUR",RDF ,OK,MU
3367217000,FGLTD02312,DIV435731,"EDD GULHARIYA BAZAR,GORAKHPUR",RDF ,OK,MU
3368185212,PUFGL00159,DIV435731,"EDD GULHARIYA BAZAR,GORAKHPUR",RDF ,RDF,ASS
3369908000,PUFGL00252,DIV435733,EDD CAMPIEARGANJ,IDF ,IDF,ASS
3370808000,PUFGL00838,DIV475813,"EDD KASYA, KUSHINAGAR",IDF ,IDF,ASS
3371767000,PUFGL01130,DIV475614,EDD NICHLAUL,RDF ,OK,MU
3374408000,FGLTD01157,DIV475611,EDD II ANANDNAGAR,RDF,RDF,ASS
3374607867,PUFGL00838,DIV475813,"EDD KASYA, KUSHINAGAR",RDF ,OK,MU
3376428902,PUFGL00859,DIV475611,EDD II ANANDNAGAR,RDF ,P,PROV
3379921231,PUFGL00202,DIV435731,"EDD GULHARIYA BAZAR,GORAKHPUR",RDF ,P,PROV
3380475000,PUFGL00506,DIV475932,EDD DEORIA,RDF ,OK,MU
3383426000,FGLTD02929,DIV475814,EDD SEORAHI,IDF ,IDF,ASS
3384701866,FGLTD03167,DIV435731,"EDD GULHARIYA BAZAR,GORAKHPUR",RDF ,OK,MU
3384765000,FGLTD01660,DIV475814,EDD SEORAHI,IDF ,IDF,ASS
3390787000,PUFGL00844,DIV475814,EDD SEORAHI,IDF ,IDF,ASS
3391107000,FGLTD02199,DIV435732,EDD CHAURI CHAURA,RDF ,OK,MU
3391556000,FGLTD02667,DIV475813,"EDD KASYA, KUSHINAGAR",RDF ,RDF,ASS
3392896000,PUFGL01019,DIV475612,EDD I MAHARAJGANJ,RDF ,OK,MU
3392957000,PUFGL01095,DIV475614,EDD NICHLAUL,RDF ,P,PROV
3394946000,FGLTD02474,DIV475814,EDD SEORAHI,IDF ,IDF,ASS
3395936000,FGLTD02540,DIV435731,"EDD GULHARIYA BAZAR,GORAKHPUR",RDF ,P,PROV
3396118000,FGLTD02471,DIV475814,EDD SEORAHI,IDF,IDF,ASS
3397548972,PUFGL01039,DIV475613,EDD NAUTANWA,RDF ,RDF,ASS
3398798720,PUFGL00836,DIV475813,"EDD KASYA, KUSHINAGAR",RDF ,OK,MU
3405718000,PUFGL00363,DIV435722,"EDD SAHJANWA,GORAKHPUR",RDF ,BR,MU
3407380992,FGLTD02594,DIV475932,EDD DEORIA,IDF ,IDF,ASS
3407575000,PUFGL00843,DIV475814,EDD SEORAHI,IDF ,IDF,ASS
3408237000,FGLTD03099,DIV475932,EDD DEORIA,RDF,RDF,ASS
3411357000,FGLTD02460,DIV475932,EDD DEORIA,RDF ,P,PROV
3411465000,PUFGL00830,DIV475813,"EDD KASYA, KUSHINAGAR",RDF ,OK,MU
3411846000,FGLTD01883,DIV435721,EDD KAURIRAM,RDF ,P,PROV
3412336000,FGLTD02948,DIV475811,EDD PADRAUNA,IDF ,IDF,ASS
3412497000,PUFGL00375,DIV435722,"EDD SAHJANWA,GORAKHPUR",RDF,TDMR,MU
3412575000,PUFGL00843,DIV475814,EDD SEORAHI,IDF ,IDF,ASS
3412662189,FGLTD01157,DIV475611,EDD II ANANDNAGAR,RDF ,OK,MU
3412846000,PUFGL00858,DIV475611,EDD II ANANDNAGAR,RDF ,RDF,ASS
3414796000,FGLTD03115,DIV475814,EDD SEORAHI,IDF,IDF,ASS
3415116000,FGLTD01630,DIV475812,EDD HATA,RDF ,RDF,ASS
3415517000,PUFGL00761,DIV475812,EDD HATA,RDF ,P,PROV
3415976000,PUFGL00811,DIV475813,"EDD KASYA, KUSHINAGAR",IDF ,IDF,ASS
3419597000,FGLTD03394,DIV475814,EDD SEORAHI,IDF ,IDF,ASS
3421112849,PUFGL00716,DIV475811,EDD PADRAUNA,RDF ,OK,MU
3423096000,PUFGL00620,DIV475935,EDD GAURI BAZAR,RDF ,RDF,ASS
3423977000,FGLTD01669,DIV475814,EDD SEORAHI,IDF ,IDF,ASS
3425157000,PUFGL01038,DIV475613,EDD NAUTANWA,RDF ,RDF,ASS
3427177000,FGLTD01532,DIV475935,EDD GAURI BAZAR,RDF,OK,NULL
3427472414,PUFGL00494,DIV475932,EDD DEORIA,IDF ,IDF,ASS
3432577000,PUFGL00491,DIV475932,EDD DEORIA,RDF ,RDF,ASS
3435627000,FGLTD03393,DIV475814,EDD SEORAHI,IDF,IDF,ASS
3435808000,PUFGL01047,DIV475613,EDD NAUTANWA,RDF ,OK,MU
3437467000,FGLTD03003,DIV475612,EDD I MAHARAJGANJ,RDF ,RDF,ASS
3439007000,PUFGL00790,DIV475812,EDD HATA,RDF ,OK,MU
3440286000,FGLTD02305,DIV475814,EDD SEORAHI,IDF ,IDF,ASS
3441011817,PUFGL01000,DIV475612,EDD I MAHARAJGANJ,RDF ,P,PROV
3443707000,PUFGL00246,DIV435733,EDD CAMPIEARGANJ,RDF ,OK,MU
3444033257,FGLTD02809,DIV475934,EDD SALEMPUR,RDF ,RDF,ASS
3444336000,PUFGL00521,DIV475934,EDD SALEMPUR,RDF ,RDF,ASS
3445226000,FGLTD03148,DIV435722,"EDD SAHJANWA,GORAKHPUR",RDF ,RDF,ASS
3447300371,PUFGL00584,DIV475934,EDD SALEMPUR,RDF ,OK,MU
3448026000,PUFGL00830,DIV475813,"EDD KASYA, KUSHINAGAR",RDF ,OK,MU
3448246000,PUFGL00593,DIV475934,EDD SALEMPUR,RDF ,P,PROV
3450275000,PUFGL00830,DIV475813,"EDD KASYA, KUSHINAGAR",RDF ,OK,MU
3450626000,PUFGL01056,DIV475613,EDD NAUTANWA,RDF ,P,PROV
3451226000,PUFGL01189,DIV475935,EDD GAURI BAZAR,RDF ,OK,MU
3451761940,PUFGL00507,DIV475932,EDD DEORIA,RDF ,OK,MU
3454387000,PUFGL00811,DIV475813,"EDD KASYA, KUSHINAGAR",RDF ,RDF,ASS
3455676000,PUFGL00737,DIV475812,EDD HATA,RDF ,OK,MU
3456585782,PUFGL00661,DIV475811,EDD PADRAUNA,RDF ,RDF,ASS
3457037000,PUFGL00654,DIV475811,EDD PADRAUNA,IDF ,IDF,ASS
3457375000,PUFGL00826,DIV475813,"EDD KASYA, KUSHINAGAR",RDF,OK,MU
3461396000,PUFGL00126,DIV435732,EDD CHAURI CHAURA,RDF ,OK,MU
3462475000,FGLTD03391,DIV475811,EDD PADRAUNA,IDF,IDF,ASS
3462955000,PUFGL00844,DIV475814,EDD SEORAHI,IDF,IDF,ASS
3463777000,PUFGL00704,DIV475811,EDD PADRAUNA,IDF ,IDF,ASS
3464765000,PUFGL00849,DIV475814,EDD SEORAHI,IDF ,IDF,ASS
3465217000,FGLTD01246,DIV435733,EDD CAMPIEARGANJ,RDF ,OK,MU
3468586000,PUFGL00140,DIV435732,EDD CHAURI CHAURA,RDF ,P,PROV
3468994808,FGLTD03071,DIV435733,EDD CAMPIEARGANJ,RDF ,P,PROV
3470026000,PUFGL00766,DIV475812,EDD HATA,RDF ,OK,MU
3471118000,PUFGL00264,DIV435733,EDD CAMPIEARGANJ,RDF,OK,CEIL
3473431458,FGLTD01870,DIV435714,"EUDD RAPTINAGAR,GORAKHPUR",RDF ,RDF,ASS
3474746642,FGLTD03001,DIV475613,EDD NAUTANWA,RDF ,OK,MU
3474955000,FGLTD02305,DIV475814,EDD SEORAHI,IDF ,IDF,ASS
3475585000,PUFGL00250,DIV435733,EDD CAMPIEARGANJ,RDF ,P,PROV
3475765000,FGLTD02929,DIV475814,EDD SEORAHI,IDF,IDF,ASS
3477377000,PUFGL00573,DIV475934,EDD SALEMPUR,RDF ,RDF,ASS
3477575000,FGLTD03393,DIV475814,EDD SEORAHI,IDF ,IDF,ASS
3479186000,FGLTD03289,DIV475814,EDD SEORAHI,IDF ,IDF,ASS
3479208000,PUFGL00971,DIV475612,EDD I MAHARAJGANJ,RDF ,RDF,ASS
3479857000,PUFGL00848,DIV475814,EDD SEORAHI,IDF ,IDF,ASS
3480596000,FGLTD03433,DIV475813,"EDD KASYA, KUSHINAGAR",RDF ,RDF,ASS
3481068023,PUFGL00744,DIV475812,EDD HATA,RDF ,RDF,ASS
3481857000,FGLTD02483,DIV475812,EDD HATA,RDF ,OK,MU
3482037000,FGLTD01661,DIV475814,EDD SEORAHI,IDF ,IDF,ASS
3482194508,PUFGL00743,DIV475812,EDD HATA,RDF ,RDF,ASS
3482236000,PUFGL00837,DIV475813,"EDD KASYA, KUSHINAGAR",RDF,OK,MU
3484116000,PUFGL00790,DIV475812,EDD HATA,RDF ,OK,MU
3489075000,FGLTD02008,DIV435732,EDD CHAURI CHAURA,RDF ,BR,MU
3489894646,PUFGL01056,DIV475613,EDD NAUTANWA,RDF ,P,PROV
3491816000,FGLTD02952,DIV475811,EDD PADRAUNA,RDF ,P,PROV
3492577000,FGLTD03393,DIV475814,EDD SEORAHI,IDF ,IDF,ASS
3493485000,FGLTD02753,DIV475811,EDD PADRAUNA,IDF ,IDF,ASS
3494319653,PUFGL00687,DIV475811,EDD PADRAUNA,IDF ,IDF,ASS
3494835367,FGLTD02718,DIV475613,EDD NAUTANWA,RDF ,RDF,ASS
3495756000,PUFGL01017,DIV475612,EDD I MAHARAJGANJ,RDF ,P,PROV
3495847000,PUFGL00593,DIV475934,EDD SALEMPUR,RDF ,RDF,ASS
3497212942,PUFGL00837,DIV475813,"EDD KASYA, KUSHINAGAR",RDF ,OK,MU
3497685000,FGLTD02356,DIV475614,EDD NICHLAUL,RDF ,P,PROV
3498617000,PUFGL00577,DIV475934,EDD SALEMPUR,RDF ,RDF,ASS
3498855000,PUFGL00251,DIV435733,EDD CAMPIEARGANJ,RDF ,RDF,ASS
3500067000,PUFGL00758,DIV475812,EDD HATA,RDF ,OK,MU
3501965000,PUFGL01041,DIV475613,EDD NAUTANWA,RDF ,OK,MU
3503207000,PUFGL00833,DIV475813,"EDD KASYA, KUSHINAGAR",RDF ,OK,MU
3503246000,PUFGL00745,DIV475812,EDD HATA,IDF ,IDF,ASS
3506963637,PUFGL00932,DIV475612,EDD I MAHARAJGANJ,RDF ,OK,MU
3506966000,PUFGL00848,DIV475814,EDD SEORAHI,IDF ,IDF,ASS
3508065000,FGLTD02944,DIV475812,EDD HATA,RDF ,OK,MU
3508247648,FGLTD02908,DIV435733,EDD CAMPIEARGANJ,RDF ,RDF,ASS
3508895131,FGLTD03006,DIV475811,EDD PADRAUNA,IDF ,IDF,ASS
3509026000,PUFGL00844,DIV475814,EDD SEORAHI,IDF ,IDF,ASS
3509396000,FGLTD02149,DIV435732,EDD CHAURI CHAURA,RDF ,RDF,ASS
3511017000,PUFGL00965,DIV475612,EDD I MAHARAJGANJ,RDF,P,PROV
3511608000,PUFGL01112,DIV475614,EDD NICHLAUL,RDF ,RDF,ASS
3511636000,PUFGL00744,DIV475812,EDD HATA,IDF ,IDF,ASS
3513387000,FGLTD03155,DIV475613,EDD NAUTANWA,RDF ,OK,MU
3513557000,FGLTD02356,DIV475614,EDD NICHLAUL,RDF ,P,PROV
3514956449,PUFGL00259,DIV435733,EDD CAMPIEARGANJ,IDF ,IDF,ASS
3515637000,PUFGL00874,DIV475611,EDD II ANANDNAGAR,RDF ,RDF,ASS
3517216000,PUFGL00843,DIV475814,EDD SEORAHI,IDF ,IDF,ASS
3517801743,FGLTD01582,DIV475613,EDD NAUTANWA,RDF ,P,PROV
3521667000,PUFGL00547,DIV475934,EDD SALEMPUR,RDF ,RDF,ASS
3522028705,FGLTD03394,DIV475814,EDD SEORAHI,IDF ,IDF,ASS
3522426000,FGLTD02471,DIV475814,EDD SEORAHI,IDF ,IDF,ASS
3522902295,PUFGL01044,DIV475613,EDD NAUTANWA,RDF ,OK,MU
3523080141,PUFGL00764,DIV475812,EDD HATA,IDF ,IDF,ASS
3523085000,FGLTD01188,DIV475813,"EDD KASYA, KUSHINAGAR",RDF ,OK,MU
3524167000,PUFGL00180,DIV435731,"EDD GULHARIYA BAZAR,GORAKHPUR",RDF ,RDF,ASS
3525636000,PUFGL00117,DIV435732,EDD CHAURI CHAURA,RDF ,OK,MU
3526916000,PUFGL00249,DIV435733,EDD CAMPIEARGANJ,RDF ,RDF,ASS
3526970401,FGLTD01826,DIV435712,"EUDD SRI GORAKHNATH,GORAKHPUR",RDF ,RDF,ASS
3527576000,PUFGL01019,DIV475612,EDD I MAHARAJGANJ,RDF ,P,PROV
3530165000,PUFGL01055,DIV475613,EDD NAUTANWA,RDF ,P,PROV
3532214363,PUFGL00731,DIV475812,EDD HATA,RDF ,OK,MU
3532226000,FGLTD01283,DIV475935,EDD GAURI BAZAR,RDF ,BR,MU
3534516000,PUFGL00319,DIV435721,EDD KAURIRAM,RDF,RDF,ASS
3535527000,PUFGL00782,DIV475812,EDD HATA,RDF ,OK,CEIL
3535669358,PUFGL00993,DIV475612,EDD I MAHARAJGANJ,RDF ,P,PROV
3537495430,FGLTD01557,DIV475932,EDD DEORIA,RDF ,OK,MU
3538300380,FGLTD01805,DIV475934,EDD SALEMPUR,RDF ,RDF,ASS
3538667000,FGLTD01340,DIV435732,EDD CHAURI CHAURA,RDF ,BR,MU
3540567000,PUFGL00922,DIV475612,EDD I MAHARAJGANJ,RDF ,OK,MU
3540627000,PUFGL00420,DIV435722,"EDD SAHJANWA,GORAKHPUR",RDF ,BR,MU
3543366000,FGLTD02662,DIV475813,"EDD KASYA, KUSHINAGAR",RDF ,OK,MU
3543707000,PUFGL00264,DIV435733,EDD CAMPIEARGANJ,RDF,OK,MU
3547018000,PUFGL00428,DIV435722,"EDD SAHJANWA,GORAKHPUR",RDF ,OK,MU
3547061062,PUFGL01206,DIV475935,EDD GAURI BAZAR,RDF ,BR,MU
3550454000,PUFGL00701,DIV475811,EDD PADRAUNA,RDF,RDF,ASS
3550987000,PUFGL00594,DIV475934,EDD SALEMPUR,RDF,RDF,ASS
3551046000,FGLTD02657,DIV435731,"EDD GULHARIYA BAZAR,GORAKHPUR",RDF ,RDF,ASS
3552187000,FGLTD02553,DIV475612,EDD I MAHARAJGANJ,RDF ,RDF,ASS
3552977155,PUFGL00195,DIV435731,"EDD GULHARIYA BAZAR,GORAKHPUR",IDF ,IDF,ASS
3554826680,FGLTD01870,DIV435714,"EUDD RAPTINAGAR,GORAKHPUR",RDF ,RDF,ASS
3556416000,FGLTD03125,DIV475813,"EDD KASYA, KUSHINAGAR",IDF ,IDF,ASS
3556416963,PUFGL01034,DIV475613,EDD NAUTANWA,RDF,RDF,ASS
3561477000,FGLTD01540,DIV475934,EDD SALEMPUR,RDF ,RDF,ASS
3561877000,PUFGL00865,DIV475611,EDD II ANANDNAGAR,RDF ,OK,MU
3563385000,PUFGL00547,DIV475934,EDD SALEMPUR,RDF ,RDF,ASS
3564037000,FGLTD02606,DIV475814,EDD SEORAHI,IDF,IDF,ASS
3565476000,PUFGL00916,DIV475612,EDD I MAHARAJGANJ,RDF ,RDF,ASS
3565526000,PUFGL00782,DIV475812,EDD HATA,IDF ,IDF,ASS
3565546000,PUFGL00803,DIV475813,"EDD KASYA, KUSHINAGAR",RDF ,OK,MU
3565846000,PUFGL00264,DIV435733,EDD CAMPIEARGANJ,RDF ,OK,MU
3569246000,PUFGL00919,DIV475612,EDD I MAHARAJGANJ,RDF ,OK,MU
3569656000,PUFGL00844,DIV475814,EDD SEORAHI,IDF,IDF,ASS
3570197000,FGLTD03157,DIV475614,EDD NICHLAUL,RDF ,OK,MU
3571436000,PUFGL00257,DIV435733,EDD CAMPIEARGANJ,IDF ,IDF,ASS
3572454000,PUFGL00709,DIV475811,EDD PADRAUNA,IDF ,IDF,ASS
3574329662,FGLTD01189,DIV475813,"EDD KASYA, KUSHINAGAR",RDF ,P,PROV
3575286000,PUFGL00865,DIV475611,EDD II ANANDNAGAR,RDF ,OK,MU
3576396679,FGLTD02864,DIV435731,"EDD GULHARIYA BAZAR,GORAKHPUR",RDF ,OK,MU
3581308000,PUFGL01001,DIV475612,EDD I MAHARAJGANJ,RDF ,OK,MU
3582037000,FGLTD01770,DIV475814,EDD SEORAHI,IDF ,IDF,ASS
3583923446,PUFGL00378,DIV435722,"EDD SAHJANWA,GORAKHPUR",RDF ,BR,MU
3584346000,PUFGL00894,DIV475611,EDD II ANANDNAGAR,RDF ,OK,MU
3584637000,PUFGL00802,DIV475813,"EDD KASYA, KUSHINAGAR",RDF ,RDF,ASS
3585508000,PUFGL00971,DIV475612,EDD I MAHARAJGANJ,RDF,RDF,ASS
3590027000,PUFGL00806,DIV475813,"EDD KASYA, KUSHINAGAR",RDF ,IDF,ASS
3590517000,FGLTD02296,DIV475812,EDD HATA,RDF ,RDF,ASS
3590596000,PUFGL00811,DIV475813,"EDD KASYA, KUSHINAGAR",RDF ,OK,MU
3591727000,FGLTD03220,DIV475613,EDD NAUTANWA,RDF ,RDF,ASS
3591856000,PUFGL00593,DIV475934,EDD SALEMPUR,RDF ,RDF,ASS
3592627500,PUFGL00515,DIV475932,EDD DEORIA,RDF,RDF,ASS
3592708000,PUFGL00987,DIV475612,EDD I MAHARAJGANJ,RDF ,P,PROV
3594167000,PUFGL00199,DIV435731,"EDD GULHARIYA BAZAR,GORAKHPUR",RDF ,OK,MU
3596554631,FGLTD03118,DIV475814,EDD SEORAHI,IDF ,IDF,ASS
3597687000,FGLTD02474,DIV475814,EDD SEORAHI,IDF,IDF,ASS
3599342578,FGLTD01183,DIV475813,"EDD KASYA, KUSHINAGAR",RDF ,RDF,ASS
3599467000,PUFGL00487,DIV475932,EDD DEORIA,RDF ,OK,MU
3604227000,PUFGL00177,DIV435731,"EDD GULHARIYA BAZAR,GORAKHPUR",RDF ,RDF,ASS
3604488176,PUFGL01200,DIV475932,EDD DEORIA,RDF ,OK,MU
3604887000,PUFGL00737,DIV475812,EDD HATA,RDF ,OK,MU
3608908000,PUFGL00657,DIV475811,EDD PADRAUNA,RDF ,RDF,ASS
3609369861,FGLTD02017,DIV435722,"EDD SAHJANWA,GORAKHPUR",RDF ,OK,CEIL
3609536000,PUFGL00758,DIV475812,EDD HATA,RDF ,OK,MU
3609559359,PUFGL00609,DIV475935,EDD GAURI BAZAR,RDF ,OK,MU
3610316000,FGLTD03122,DIV475813,"EDD KASYA, KUSHINAGAR",RDF ,RDF,ASS
3611186145,PUFGL01211,DIV475935,EDD GAURI BAZAR,RDF ,OK,MU
3611644478,PUFGL00893,DIV475611,EDD II ANANDNAGAR,RDF ,OK,MU
3611725040,PUFGL00561,DIV475934,EDD SALEMPUR,RDF ,OK,MU
3612236000,PUFGL00987,DIV475612,EDD I MAHARAJGANJ,RDF ,OK,MU
3614765000,FGLTD01770,DIV475814,EDD SEORAHI,IDF ,IDF,ASS
3618267563,PUFGL00491,DIV475932,EDD DEORIA,RDF ,RDF,ASS
3618689671,FGLTD02474,DIV475814,EDD SEORAHI,IDF ,IDF,ASS
3619337000,PUFGL00766,DIV475812,EDD HATA,RDF ,RDF,ASS
3622426000,FGLTD03294,DIV475814,EDD SEORAHI,IDF ,IDF,ASS
3622718000,FGLTD01283,DIV475935,EDD GAURI BAZAR,RDF ,OK,CEIL
3623097000,PUFGL00790,DIV475812,EDD HATA,RDF ,RDF,ASS
3624346000,PUFGL01001,DIV475612,EDD I MAHARAJGANJ,RDF ,RDF,ASS
3624843337,FGLTD02408,DIV475935,EDD GAURI BAZAR,RDF ,OK,MU
3625667000,FGLTD01276,DIV475614,EDD NICHLAUL,RDF ,P,PROV
3628416000,PUFGL01157,DIV475931,EDD BARHAJ,RDF ,OK,MU
3628517000,FGLTD01248,DIV475811,EDD PADRAUNA,IDF,IDF,ASS
3632665000,FGLTD03013,DIV475811,EDD PADRAUNA,RDF ,P,PROV
3633117000,FGLTD02081,DIV475812,EDD HATA,RDF ,OK,MU
3635836000,PUFGL00199,DIV435731,"EDD GULHARIYA BAZAR,GORAKHPUR",RDF ,RDF,ASS
3637646000,PUFGL00376,DIV435722,"EDD SAHJANWA,GORAKHPUR",RDF ,P,PROV
3637896000,FGLTD03004,DIV475812,EDD HATA,IDF ,IDF,ASS
3638696053,PUFGL00865,DIV475611,EDD II ANANDNAGAR,RDF ,OK,MU
3639585000,PUFGL00552,DIV475934,EDD SALEMPUR,IDF ,IDF,ASS
3641546000,PUFGL00843,DIV475814,EDD SEORAHI,IDF ,IDF,ASS
3642897212,FGLTD03133,DIV475812,EDD HATA,RDF ,P,PROV
3643240071,PUFGL00830,DIV475813,"EDD KASYA, KUSHINAGAR",RDF ,OK,MU
3643579745,PUFGL00994,DIV475612,EDD I MAHARAJGANJ,RDF ,P,PROV
3644618000,FGLTD03220,DIV475613,EDD NAUTANWA,RDF,RDF,ASS
3644946000,PUFGL01019,DIV475612,EDD I MAHARAJGANJ,RDF ,OK,CEIL
3645108000,PUFGL00868,DIV475611,EDD II ANANDNAGAR,RDF ,RDF,ASS
3651085000,FGLTD02929,DIV475814,EDD SEORAHI,IDF ,IDF,ASS
3651375000,PUFGL00759,DIV475812,EDD HATA,RDF ,OK,MU
3652607000,FGLTD02929,DIV475814,EDD SEORAHI,IDF,IDF,ASS
3652690065,FGLTD03057,DIV475813,"EDD KASYA, KUSHINAGAR",RDF ,OK,MU
3653207000,PUFGL00298,DIV435723,EDD SHIKARIGANJ,RDF ,OK,MU
3653642577,PUFGL00873,DIV475611,EDD II ANANDNAGAR,RDF ,OK,MU
3655476000,FGLTD01625,DIV475812,EDD HATA,RDF ,RDF,NULL
3659440889,PUFGL00421,DIV435722,"EDD SAHJANWA,GORAKHPUR",RDF ,RDF,ASS
3664218000,PUFGL00547,DIV475934,EDD SALEMPUR,IDF ,IDF,ASS
3664426000,PUFGL01001,DIV475612,EDD I MAHARAJGANJ,RDF ,RDF,ASS
3665968314,FGLTD01582,DIV475613,EDD NAUTANWA,RDF ,OK,MU
3666118000,FGLTD03134,DIV475811,EDD PADRAUNA,IDF ,IDF,ASS
3666475740,FGLTD01188,DIV475813,"EDD KASYA, KUSHINAGAR",RDF ,OK,MU
3667257000,PUFGL00875,DIV475611,EDD II ANANDNAGAR,RDF ,RDF,ASS
3669697000,PUFGL00760,DIV475812,EDD HATA,RDF ,RDF,ASS
3670235830,FGLTD01551,DIV475935,EDD GAURI BAZAR,RDF ,OK,MU
3671732508,PUFGL00606,DIV475934,EDD SALEMPUR,RDF ,OK,MU
3673506351,FGLTD01191,DIV475813,"EDD KASYA, KUSHINAGAR",RDF ,OK,CEIL
3676318000,FGLTD02460,DIV475932,EDD DEORIA,RDF ,P,PROV
3676336000,FGLTD01594,DIV475812,EDD HATA,IDF ,IDF,ASS
3677485000,PUFGL00571,DIV475934,EDD SALEMPUR,RDF ,RDF,ASS
3677527243,FGLTD02657,DIV435731,"EDD GULHARIYA BAZAR,GORAKHPUR",RDF ,RDF,ASS
3677757000,PUFGL00792,DIV475812,EDD HATA,IDF ,IDF,ASS
3679283595,PUFGL00257,DIV435733,EDD CAMPIEARGANJ,RDF ,OK,MU
3680816000,FGLTD03004,DIV475812,EDD HATA,IDF ,IDF,ASS
3681317000,PUFGL00876,DIV475611,EDD II ANANDNAGAR,RDF ,OK,MU
3684160819,FGLTD03128,DIV475813,"EDD KASYA, KUSHINAGAR",RDF ,OK,MU
3689937000,PUFGL00760,DIV475812,EDD HATA,IDF ,IDF,ASS
3690846000,PUFGL00878,DIV475611,EDD II ANANDNAGAR,RDF ,RDF,ASS
3692222294,FGLTD02238,DIV475932,EDD DEORIA,RDF ,OK,MU
3693166000,FGLTD02471,DIV475814,EDD SEORAHI,IDF ,IDF,ASS
3695206364,FGLTD02147,DIV475614,EDD NICHLAUL,RDF ,RDF,ASS
3695296389,PUFGL00833,DIV475813,"EDD KASYA, KUSHINAGAR",RDF ,RDF,ASS
3696306268,FGLTD02640,DIV475935,EDD GAURI BAZAR,RDF ,OK,CEIL
3696986000,FGLTD03393,DIV475814,EDD SEORAHI,IDF ,IDF,ASS
3698157000,PUFGL00809,DIV475813,"EDD KASYA, KUSHINAGAR",RDF ,OK,MU
3701207831,FGLTD01661,DIV475814,EDD SEORAHI,RDF ,P,PROV
3701235884,PUFGL00739,DIV475812,EDD HATA,RDF ,P,PROV
3703746000,PUFGL00674,DIV475811,EDD PADRAUNA,IDF ,IDF,ASS
3704737000,PUFGL00337,DIV435721,EDD KAURIRAM,RDF ,OK,MU
3705276000,PUFGL00598,DIV475934,EDD SALEMPUR,IDF ,IDF,ASS
3705297000,FGLTD03140,DIV435722,"EDD SAHJANWA,GORAKHPUR",RDF ,BR,MU
3705966000,FGLTD02929,DIV475814,EDD SEORAHI,IDF,IDF,ASS
3706955000,FGLTD01661,DIV475814,EDD SEORAHI,IDF ,IDF,ASS
3708687000,FGLTD02308,DIV475814,EDD SEORAHI,IDF,IDF,ASS
3713837000,FGLTD03116,DIV475814,EDD SEORAHI,IDF ,IDF,ASS
3714266000,PUFGL00751,DIV475812,EDD HATA,RDF ,OK,MU
3714896000,PUFGL00543,DIV475934,EDD SALEMPUR,RDF ,OK,MU
3715026000,FGLTD02821,DIV475614,EDD NICHLAUL,RDF ,OK,MU
3716708000,FGLTD03310,DIV475613,EDD NAUTANWA,RDF,P,PROV
3718776000,FGLTD02897,DIV435723,EDD SHIKARIGANJ,RDF,P,PROV
3720585000,PUFGL00552,DIV475934,EDD SALEMPUR,RDF ,RDF,ASS
3721286000,FGLTD02147,DIV475614,EDD NICHLAUL,RDF ,RDF,ASS
3721686000,PUFGL00833,DIV475813,"EDD KASYA, KUSHINAGAR",RDF ,RDF,ASS
3722245277,PUFGL00185,DIV435731,"EDD GULHARIYA BAZAR,GORAKHPUR",RDF ,RDF,ASS
3722977000,PUFGL00704,DIV475811,EDD PADRAUNA,IDF ,IDF,ASS
3723486000,PUFGL00592,DIV475934,EDD SALEMPUR,RDF ,RDF,ASS
3724877000,PUFGL00584,DIV475934,EDD SALEMPUR,RDF,RDF,ASS
3725217000,PUFGL00246,DIV435733,EDD CAMPIEARGANJ,RDF ,OK,MU
3725430476,PUFGL00279,DIV435723,EDD SHIKARIGANJ,RDF ,P,PROV
3726167000,FGLTD02017,DIV435722,"EDD SAHJANWA,GORAKHPUR",RDF ,OK,CEIL
3727737000,PUFGL00584,DIV475934,EDD SALEMPUR,RDF ,RDF,ASS
3727855000,PUFGL00860,DIV475611,EDD II ANANDNAGAR,RDF ,OK,MU
3728908000,PUFGL00704,DIV475811,EDD PADRAUNA,IDF ,IDF,ASS
3731475269,PUFGL00437,DIV435722,"EDD SAHJANWA,GORAKHPUR",RDF ,BR,MU
3732376553,FGLTD02422,DIV435711,"EUDD TOWNHALL,GORAKHPUR",RDF ,P,PROV
3733218000,PUFGL00555,DIV475934,EDD SALEMPUR,RDF ,OK,MU
3734416000,FGLTD01191,DIV475813,"EDD KASYA, KUSHINAGAR",RDF ,OK,MU
3735240300,PUFGL00246,DIV435733,EDD CAMPIEARGANJ,RDF ,OK,MU
3735856000,FGLTD02737,DIV435733,EDD CAMPIEARGANJ,RDF,P,PROV
3737518000,PUFGL01006,DIV475612,EDD I MAHARAJGANJ,RDF ,P,PROV
3737608000,FGLTD03004,DIV475812,EDD HATA,IDF ,IDF,ASS
3739108000,PUFGL00683,DIV475811,EDD PADRAUNA,RDF ,OK,MU
3739932562,FGLTD01661,DIV475814,EDD SEORAHI,IDF ,IDF,ASS
3741006000,FGLTD01773,DIV475814,EDD SEORAHI,RDF ,P,PROV
3742197000,PUFGL01113,DIV475614,EDD NICHLAUL,RDF ,RDF,ASS
3743177000,FGLTD03217,DIV475612,EDD I MAHARAJGANJ,RDF ,P,PROV
3744416000,PUFGL00802,DIV475813,"EDD KASYA, KUSHINAGAR",RDF ,RDF,ASS
3744707000,PUFGL00268,DIV435733,EDD CAMPIEARGANJ,RDF ,OK,MU
3747236000,PUFGL00848,DIV475814,EDD SEORAHI,RDF ,RDF,ASS
3748218000,PUFGL00330,DIV435721,EDD KAURIRAM,RDF ,OK,MU
3748370607,FGLTD02256,DIV435733,EDD CAMPIEARGANJ,RDF ,BR,MU
3748518000,FGLTD03118,DIV475814,EDD SEORAHI,IDF ,IDF,ASS
3750483549,FGLTD01671,DIV475814,EDD SEORAHI,RDF ,RDF,ASS
3752227000,FGLTD02929,DIV475814,EDD SEORAHI,IDF ,IDF,ASS
3754177000,FGLTD03393,DIV475814,EDD SEORAHI,IDF ,IDF,ASS
3754329903,FGLTD02570,DIV435732,EDD CHAURI CHAURA,RDF ,RDF,ASS
3754785000,PUFGL00784,DIV475812,EDD HATA,RDF ,OK,MU
3755304846,PUFGL00790,DIV475812,EDD HATA,RDF ,OK,MU
3755403910,FGLTD01882,DIV435721,EDD KAURIRAM,RDF ,OK,MU
3755693476,FGLTD02147,DIV475614,EDD NICHLAUL,RDF ,OK,MU
3757847037,PUFGL01218,DIV475935,EDD GAURI BAZAR,RDF ,OK,MU
3757886000,PUFGL00552,DIV475934,EDD SALEMPUR,RDF ,RDF,ASS
3758651002,FGLTD03012,DIV475811,EDD PADRAUNA,RDF ,OK,CEIL
3758796000,FGLTD02308,DIV475814,EDD SEORAHI,IDF ,IDF,ASS
3759208000,PUFGL00802,DIV475813,"EDD KASYA, KUSHINAGAR",RDF ,RDF,ASS
3759946000,PUFGL00893,DIV475611,EDD II ANANDNAGAR,RDF,RDF,ASS
3760018000,FGLTD03099,DIV475932,EDD DEORIA,RDF ,RDF,ASS
3760457526,FGLTD01803,DIV475934,EDD SALEMPUR,RDF ,RDF,ASS
3762007000,PUFGL00328,DIV435721,EDD KAURIRAM,RDF ,OK,MU
3762266000,FGLTD02139,DIV475613,EDD NAUTANWA,RDF ,RDF,ASS
3762765000,FGLTD02305,DIV475814,EDD SEORAHI,IDF ,IDF,ASS
3763177000,FGLTD03116,DIV475814,EDD SEORAHI,IDF ,IDF,ASS
3765616000,FGLTD02471,DIV475814,EDD SEORAHI,IDF ,IDF,ASS
3766026988,PUFGL00836,DIV475813,"EDD KASYA, KUSHINAGAR",RDF ,RDF,ASS
3766709907,FGLTD03115,DIV475814,EDD SEORAHI,IDF,IDF,ASS
3766912954,PUFGL01063,DIV475613,EDD NAUTANWA,RDF ,RDF,ASS
3768370578,PUFGL00618,DIV475935,EDD GAURI BAZAR,RDF ,OK,MU
3768513720,PUFGL01063,DIV475613,EDD NAUTANWA,RDF ,P,PROV
3769468485,PUFGL00228,DIV435733,EDD CAMPIEARGANJ,RDF ,BR,MU
3773887000,PUFGL00592,DIV475934,EDD SALEMPUR,RDF ,RDF,ASS
3775787000,FGLTD02929,DIV475814,EDD SEORAHI,IDF ,IDF,ASS
3778473781,FGLTD03379,DIV435733,EDD CAMPIEARGANJ,RDF,BR,MU
3778686000,PUFGL00659,DIV475811,EDD PADRAUNA,IDF ,RDF,ASS
3781475000,FGLTD03351,DIV475932,EDD DEORIA,RDF ,OK,MU
3781956000,PUFGL00538,DIV475934,EDD SALEMPUR,RDF,OK,MU
3782836000,PUFGL00203,DIV435731,"EDD GULHARIYA BAZAR,GORAKHPUR",RDF ,RDF,ASS
3784202265,FGLTD03154,DIV475614,EDD NICHLAUL,RDF ,OK,MU
3784541620,PUFGL00274,DIV435723,EDD SHIKARIGANJ,RDF ,P,PROV
3785914543,PUFGL00987,DIV475612,EDD I MAHARAJGANJ,RDF ,OK,MU
3786187000,FGLTD03365,DIV435722,"EDD SAHJANWA,GORAKHPUR",RDF ,OK,MU
3787548296,FGLTD01883,DIV435721,EDD KAURIRAM,RDF ,P,PROV
3787576000,PUFGL00997,DIV475612,EDD I MAHARAJGANJ,RDF ,OK,MU
3790577000,FGLTD03221,DIV475613,EDD NAUTANWA,RDF ,OK,MU
3791096000,FGLTD03294,DIV475814,EDD SEORAHI,IDF ,IDF,ASS
3791597000,FGLTD01661,DIV475814,EDD SEORAHI,IDF ,IDF,ASS
3791955000,FGLTD02305,DIV475814,EDD SEORAHI,IDF ,IDF,ASS
3792066390,PUFGL00719,DIV475811,EDD PADRAUNA,RDF ,P,PROV
3792308000,FGLTD01654,DIV475814,EDD SEORAHI,IDF ,IDF,ASS
3792416000,PUFGL00421,DIV435722,"EDD SAHJANWA,GORAKHPUR",RDF ,RDF,ASS
3793191328,FGLTD01551,DIV475935,EDD GAURI BAZAR,RDF ,OK,MU
3795354000,PUFGL00705,DIV475811,EDD PADRAUNA,RDF,RDF,ASS
3795517730,PUFGL00732,DIV475812,EDD HATA,RDF ,P,PROV
3795665000,PUFGL00574,DIV475934,EDD SALEMPUR,RDF ,RDF,ASS
3796248916,FGLTD02929,DIV475814,EDD SEORAHI,IDF ,IDF,ASS
3797385000,FGLTD03116,DIV475814,EDD SEORAHI,IDF ,IDF,ASS
3797847000,PUFGL00513,DIV475932,EDD DEORIA,RDF ,OK,CEIL
3799066000,PUFGL01128,DIV475614,EDD NICHLAUL,IDF ,IDF,ASS
3801787000,FGLTD01770,DIV475814,EDD SEORAHI,IDF ,IDF,ASS
3802367000,PUFGL00848,DIV475814,EDD SEORAHI,RDF ,RDF,ASS
3804267000,PUFGL00848,DIV475814,EDD SEORAHI,RDF ,P,PROV
3804707000,FGLTD03310,DIV475613,EDD NAUTANWA,RDF ,RDF,ASS
3804947000,FGLTD01808,DIV475934,EDD SALEMPUR,RDF ,RDF,ASS
3805896419,PUFGL00543,DIV475934,EDD SALEMPUR,RDF ,RDF,ASS
3807014748,PUFGL00869,DIV475611,EDD II ANANDNAGAR,RDF ,OK,MU
3807376000,PUFGL00683,DIV475811,EDD PADRAUNA,IDF ,IDF,ASS
3809565000,PUFGL00468,DIV475931,EDD BARHAJ,IDF ,IDF,ASS
3810987343,PUFGL00751,DIV475812,EDD HATA,RDF ,RDF,ASS
3812955000,PUFGL00850,DIV475814,EDD SEORAHI,RDF ,RDF,ASS
3813837000,FGLTD03116,DIV475814,EDD SEORAHI,IDF ,IDF,ASS
3813912000,FGLTD01866,DIV435713,"EUDD MOHADDIPUR,GORAKHPUR",RDF ,OK,MU
3815646000,PUFGL00194,DIV435731,"EDD GULHARIYA BAZAR,GORAKHPUR",RDF ,RDF,ASS
3816426000,PUFGL00674,DIV475811,EDD PADRAUNA,IDF ,IDF,ASS
3821376000,PUFGL01001,DIV475612,EDD I MAHARAJGANJ,RDF ,OK,MU
3822166000,FGLTD03359,DIV435732,EDD CHAURI CHAURA,RDF ,BR,MU
3822457000,FGLTD02929,DIV475814,EDD SEORAHI,IDF ,IDF,ASS
3822859580,PUFGL00843,DIV475814,EDD SEORAHI,IDF ,IDF,ASS
3823247000,FGLTD02199,DIV435732,EDD CHAURI CHAURA,IDF,IDF,ASS
3823397000,PUFGL00393,DIV435722,"EDD SAHJANWA,GORAKHPUR",RDF ,OK,MU
3823657000,FGLTD03004,DIV475812,EDD HATA,IDF ,IDF,ASS
3824475000,PUFGL00676,DIV475811,EDD PADRAUNA,IDF ,IDF,ASS
3824496000,FGLTD01183,DIV475813,"EDD KASYA, KUSHINAGAR",RDF ,RDF,ASS
3826527000,PUFGL00732,DIV475812,EDD HATA,RDF ,BR,MU
3827077000,FGLTD03116,DIV475814,EDD SEORAHI,IDF ,IDF,ASS
3828267837,FGLTD01998,DIV475935,EDD GAURI BAZAR,RDF ,OK,MU
3828464671,FGLTD01761,DIV435713,"EUDD MOHADDIPUR,GORAKHPUR",RDF ,OK,MU
3828567000,FGLTD01809,DIV475934,EDD SALEMPUR,RDF ,RDF,ASS
3829376000,FGLTD02445,DIV475935,EDD GAURI BAZAR,RDF ,P,PROV
3829721484,FGLTD01865,DIV435714,"EUDD RAPTINAGAR,GORAKHPUR",RDF ,OK,MU
3830706177,PUFGL00625,DIV475935,EDD GAURI BAZAR,RDF ,OK,MU
3831746000,FGLTD03191,DIV475932,EDD DEORIA,RDF ,P,PROV
3834426000,FGLTD01770,DIV475814,EDD SEORAHI,IDF ,IDF,ASS
3835075000,PUFGL01144,DIV475614,EDD NICHLAUL,RDF ,RDF,ASS
3835371321,PUFGL01060,DIV475613,EDD NAUTANWA,RDF ,OK,MU
3836616000,PUFGL00704,DIV475811,EDD PADRAUNA,IDF ,IDF,ASS
3840485000,FGLTD03294,DIV475814,EDD SEORAHI,IDF ,IDF,ASS
3846385000,FGLTD01513,DIV475935,EDD GAURI BAZAR,RDF ,OK,MU
3846575000,FGLTD01660,DIV475814,EDD SEORAHI,IDF ,IDF,ASS
3846966000,FGLTD03057,DIV475813,"EDD KASYA, KUSHINAGAR",RDF ,IDF,ASS
3847016585,FGLTD01806,DIV475934,EDD SALEMPUR,RDF ,RDF,ASS
3847908000,PUFGL00451,DIV475931,EDD BARHAJ,RDF ,OK,MU
3848927000,PUFGL00230,DIV435733,EDD CAMPIEARGANJ,RDF,RDF,ASS
3849902000,FGLTD01815,DIV435711,"EUDD TOWNHALL,GORAKHPUR",RDF ,OK,MU
3851007565,FGLTD01579,DIV475611,EDD II ANANDNAGAR,RDF ,OK,MU
3851017010,FGLTD01866,DIV435713,"EUDD MOHADDIPUR,GORAKHPUR",RDF ,OK,MU
3851977000,FGLTD03294,DIV475814,EDD SEORAHI,IDF ,IDF,ASS
3852246000,FGLTD01968,DIV475812,EDD HATA,RDF ,RDF,ASS
3852736000,PUFGL00304,DIV435723,EDD SHIKARIGANJ,RDF ,RDF,ASS
3853108000,FGLTD02667,DIV475813,"EDD KASYA, KUSHINAGAR",IDF,IDF,ASS
3856558521,FGLTD03297,DIV475812,EDD HATA,RDF ,RDF,ASS
3856666000,PUFGL00258,DIV435733,EDD CAMPIEARGANJ,RDF ,RDF,ASS
3857761839,PUFGL00844,DIV475814,EDD SEORAHI,IDF,IDF,ASS
3858215888,PUFGL00257,DIV435733,EDD CAMPIEARGANJ,IDF,IDF,ASS
3858586555,PUFGL00637,DIV475935,EDD GAURI BAZAR,RDF ,OK,MU
3860018000,FGLTD02952,DIV475811,EDD PADRAUNA,RDF ,P,PROV
3861685879,PUFGL00468,DIV475931,EDD BARHAJ,RDF ,OK,MU
3865117000,FGLTD02239,DIV475935,EDD GAURI BAZAR,RDF ,OK,MU
3865167000,PUFGL00185,DIV435731,"EDD GULHARIYA BAZAR,GORAKHPUR",RDF ,OK,MU
3865647000,PUFGL00687,DIV475811,EDD PADRAUNA,IDF,IDF,ASS
3866456000,PUFGL00617,DIV475935,EDD GAURI BAZAR,RDF ,BR,MU
3868957000,FGLTD02017,DIV435722,"EDD SAHJANWA,GORAKHPUR",RDF ,OK,MU
3869007000,FGLTD02296,DIV475812,EDD HATA,RDF ,BR,MU
3869325767,PUFGL00993,DIV475612,EDD I MAHARAJGANJ,RDF ,OK,CEIL
3870597000,PUFGL00844,DIV475814,EDD SEORAHI,IDF,IDF,ASS
3875777000,FGLTD02850,DIV475811,EDD PADRAUNA,RDF ,P,PROV
3876247000,PUFGL01044,DIV475613,EDD NAUTANWA,RDF ,RDF,ASS
3876777000,PUFGL00676,DIV475811,EDD PADRAUNA,RDF ,RDF,ASS
3876786000,PUFGL00885,DIV475611,EDD II ANANDNAGAR,RDF ,OK,MU
3876877000,FGLTD03294,DIV475814,EDD SEORAHI,IDF,IDF,ASS
3876937000,PUFGL00261,DIV435733,EDD CAMPIEARGANJ,RDF,RDF,ASS
3877346000,FGLTD03327,DIV475614,EDD NICHLAUL,RDF ,P,PROV
3877367000,FGLTD01579,DIV475611,EDD II ANANDNAGAR,RDF ,P,PROV
3877667000,PUFGL00109,DIV435732,EDD CHAURI CHAURA,RDF ,OK,MU
3878565000,PUFGL00465,DIV475931,EDD BARHAJ,RDF ,RDF,ASS
3881047000,FGLTD01592,DIV475812,EDD HATA,IDF ,IDF,ASS
3881767000,FGLTD03125,DIV475813,"EDD KASYA, KUSHINAGAR",RDF,OK,MU
3883365000,PUFGL00121,DIV435732,EDD CHAURI CHAURA,RDF ,RDF,ASS
3885486000,FGLTD02944,DIV475812,EDD HATA,RDF ,OK,MU
3886218000,PUFGL00586,DIV475934,EDD SALEMPUR,RDF ,IDF,ASS
3887065000,PUFGL00919,DIV475612,EDD I MAHARAJGANJ,RDF ,OK,MU
3888067000,FGLTD02667,DIV475813,"EDD KASYA, KUSHINAGAR",RDF ,RDF,ASS
3888148957,PUFGL00848,DIV475814,EDD SEORAHI,RDF ,RDF,ASS
3888475000,PUFGL00188,DIV435731,"EDD GULHARIYA BAZAR,GORAKHPUR",RDF ,RDF,ASS
3890327000,PUFGL00749,DIV475812,EDD HATA,RDF ,P,PROV
3890767000,FGLTD03057,DIV475813,"EDD KASYA, KUSHINAGAR",IDF ,IDF,ASS
3890955000,PUFGL00249,DIV435733,EDD CAMPIEARGANJ,RDF ,RDF,ASS
3891046000,FGLTD02471,DIV475814,EDD SEORAHI,IDF ,IDF,ASS
3891486000,PUFGL01095,DIV475614,EDD NICHLAUL,RDF ,P,PROV
3891736667,PUFGL00729,DIV475812,EDD HATA,RDF ,OK,MU
3892168869,PUFGL00837,DIV475813,"EDD KASYA, KUSHINAGAR",RDF ,OK,MU
3892806020,PUFGL01193,DIV475932,EDD DEORIA,RDF ,RDF,ASS
3893766000,PUFGL00474,DIV475932,EDD DEORIA,RDF ,RDF,ASS
3894437000,FGLTD03155,DIV475613,EDD NAUTANWA,RDF ,OK,MU
3896876000,PUFGL01216,DIV475935,EDD GAURI BAZAR,RDF,RDF,ASS
3896997000,PUFGL00811,DIV475813,"EDD KASYA, KUSHINAGAR",RDF ,RDF,ASS
3898240486,PUFGL00898,DIV475611,EDD II ANANDNAGAR,RDF ,OK,MU
3900707000,FGLTD03207,DIV475812,EDD HATA,IDF ,IDF,ASS
3900746000,FGLTD01189,DIV475813,"EDD KASYA, KUSHINAGAR",RDF ,OK,CEIL
3904898210,PUFGL00885,DIV475611,EDD II ANANDNAGAR,RDF ,P,PROV
3904965000,FGLTD02379,DIV475811,EDD PADRAUNA,IDF ,IDF,ASS
3906298727,PUFGL00488,DIV475932,EDD DEORIA,RDF ,RDF,ASS
3908385000,FGLTD02929,DIV475814,EDD SEORAHI,IDF ,IDF,ASS
3910596000,FGLTD01186,DIV475813,"EDD KASYA, KUSHINAGAR",RDF ,P,PROV
3911987000,PUFGL00720,DIV475811,EDD PADRAUNA,RDF ,RDF,ASS
3913227000,PUFGL00719,DIV475811,EDD PADRAUNA,IDF ,IDF,ASS
3914798043,PUFGL00596,DIV475934,EDD SALEMPUR,RDF ,OK,MU
3915616000,PUFGL00685,DIV475811,EDD PADRAUNA,IDF ,IDF,ASS
3915686000,PUFGL00204,DIV435731,"EDD GULHARIYA BAZAR,GORAKHPUR",IDF ,IDF,ASS
3916955000,FGLTD02308,DIV475814,EDD SEORAHI,IDF ,IDF,ASS
3918652415,PUFGL00617,DIV475935,EDD GAURI BAZAR,RDF ,BR,MU
3919380042,FGLTD02640,DIV475935,EDD GAURI BAZAR,RDF ,OK,MU
3919518000,FGLTD02929,DIV475814,EDD SEORAHI,IDF,IDF,ASS
3920275000,PUFGL00843,DIV475814,EDD SEORAHI,IDF ,IDF,ASS
3921165000,PUFGL01051,DIV475613,EDD NAUTANWA,RDF ,RDF,ASS
3921516000,FGLTD03191,DIV475932,EDD DEORIA,RDF,P,PROV
3921597000,PUFGL00626,DIV475935,EDD GAURI BAZAR,RDF ,P,PROV
3924665000,PUFGL00164,DIV435731,"EDD GULHARIYA BAZAR,GORAKHPUR",RDF ,RDF,ASS
3926632524,PUFGL00257,DIV435733,EDD CAMPIEARGANJ,IDF,IDF,ASS
3927064367,FGLTD01190,DIV475813,"EDD KASYA, KUSHINAGAR",RDF ,RDF,ASS
3927556000,PUFGL00199,DIV435731,"EDD GULHARIYA BAZAR,GORAKHPUR",RDF ,RDF,ASS
3932229447,FGLTD02471,DIV475814,EDD SEORAHI,IDF ,IDF,ASS
3932457000,PUFGL00844,DIV475814,EDD SEORAHI,IDF ,IDF,ASS
3933216000,PUFGL00552,DIV475934,EDD SALEMPUR,RDF ,RDF,ASS
3934383412,PUFGL00534,DIV475934,EDD SALEMPUR,RDF ,OK,MU
3937537000,PUFGL00711,DIV475811,EDD PADRAUNA,RDF ,RDF,ASS
3937986000,FGLTD03294,DIV475814,EDD SEORAHI,IDF ,IDF,ASS
3940609978,PUFGL00212,DIV435731,"EDD GULHARIYA BAZAR,GORAKHPUR",RDF ,OK,CEIL
3943487000,PUFGL01046,DIV475613,EDD NAUTANWA,RDF ,RDF,ASS
3944997000,FGLTD02424,DIV475934,EDD SALEMPUR,RDF ,RDF,ASS
3945496000,PUFGL01060,DIV475613,EDD NAUTANWA,RDF ,OK,MU
3946779617,PUFGL00704,DIV475811,EDD PADRAUNA,IDF ,IDF,ASS
3949018000,FGLTD02667,DIV475813,"EDD KASYA, KUSHINAGAR",RDF ,RDF,ASS
3950736000,PUFGL00802,DIV475813,"EDD KASYA, KUSHINAGAR",IDF ,IDF,ASS
3951917000,FGLTD01584,DIV475613,EDD NAUTANWA,RDF,RDF,ASS
3955681472,FGLTD02359,DIV475614,EDD NICHLAUL,RDF ,RDF,ASS
3957836000,PUFGL00428,DIV435722,"EDD SAHJANWA,GORAKHPUR",RDF ,OK,MU
3959077000,FGLTD01612,DIV475811,EDD PADRAUNA,IDF ,IDF,ASS
3960026000,PUFGL00761,DIV475812,EDD HATA,IDF ,IDF,ASS
3961137000,PUFGL00592,DIV475934,EDD SALEMPUR,RDF ,RDF,ASS
3962955000,PUFGL01017,DIV475612,EDD I MAHARAJGANJ,RDF ,P,PROV
3966276000,PUFGL00257,DIV435733,EDD CAMPIEARGANJ,IDF ,IDF,ASS
3966727000,PUFGL00809,DIV475813,"EDD KASYA, KUSHINAGAR",RDF ,RDF,ASS
3967610719,PUFGL00110,DIV435732,EDD CHAURI CHAURA,RDF ,OK,MU
3968336850,PUFGL00766,DIV475812,EDD HATA,RDF ,RDF,ASS
3968687000,PUFGL00246,DIV435733,EDD CAMPIEARGANJ,RDF ,OK,CEIL
3972108000,FGLTD01188,DIV475813,"EDD KASYA, KUSHINAGAR",RDF ,RDF,ASS
3972627000,PUFGL00543,DIV475934,EDD SALEMPUR,RDF ,RDF,ASS
3977400829,PUFGL00719,DIV475811,EDD PADRAUNA,RDF ,P,PROV
3977501890,FGLTD02718,DIV475613,EDD NAUTANWA,RDF ,RDF,ASS
3978886000,PUFGL00893,DIV475611,EDD II ANANDNAGAR,RDF ,OK,MU
3979608000,FGLTD02313,DIV435732,EDD CHAURI CHAURA,RDF ,OK,MU
3980677000,PUFGL01063,DIV475613,EDD NAUTANWA,RDF ,RDF,ASS
3981626000,PUFGL00754,DIV475812,EDD HATA,IDF ,IDF,ASS
3981750941,FGLTD03361,DIV435714,"EUDD RAPTINAGAR,GORAKHPUR",RDF ,OK,MU
3982117000,PUFGL00760,DIV475812,EDD HATA,RDF ,OK,MU
3983166000,FGLTD01186,DIV475813,"EDD KASYA, KUSHINAGAR",RDF ,RDF,ASS
3983436000,PUFGL00722,DIV475811,EDD PADRAUNA,RDF ,RDF,ASS
3984537000,FGLTD01584,DIV475613,EDD NAUTANWA,RDF ,OK,MU
3984785000,FGLTD02547,DIV475611,EDD II ANANDNAGAR,RDF ,P,PROV
3985586000,PUFGL01017,DIV475612,EDD I MAHARAJGANJ,RDF ,P,PROV
3985616000,FGLTD03294,DIV475814,EDD SEORAHI,IDF ,IDF,ASS
3985901446,FGLTD01536,DIV475934,EDD SALEMPUR,RDF ,RDF,ASS
3987218000,PUFGL00751,DIV475812,EDD HATA,RDF ,RDF,ASS
3987636000,FGLTD01540,DIV475934,EDD SALEMPUR,RDF,RDF,ASS
3989057000,FGLTD03393,DIV475814,EDD SEORAHI,IDF,IDF,ASS
3989266000,FGLTD03390,DIV475811,EDD PADRAUNA,IDF ,IDF,ASS
3992485000,PUFGL00844,DIV475814,EDD SEORAHI,IDF ,IDF,ASS
3994197000,PUFGL00951,DIV475612,EDD I MAHARAJGANJ,RDF ,RDF,ASS
3994246000,PUFGL00140,DIV435732,EDD CHAURI CHAURA,RDF ,RDF,ASS
3994366000,PUFGL00704,DIV475811,EDD PADRAUNA,IDF ,IDF,ASS
3994656000,FGLTD03122,DIV475813,"EDD KASYA, KUSHINAGAR",RDF ,RDF,ASS
3997002416,FGLTD01340,DIV435732,EDD CHAURI CHAURA,RDF ,OK,MU
3997849985,PUFGL00177,DIV435731,"EDD GULHARIYA BAZAR,GORAKHPUR",RDF ,OK,MU
4000488206,PUFGL01095,DIV475614,EDD NICHLAUL,RDF ,P,PROV
4002277000,PUFGL00258,DIV435733,EDD CAMPIEARGANJ,IDF,IDF,ASS
4002796000,FGLTD03379,DIV435733,EDD CAMPIEARGANJ,RDF ,RDF,ASS
4003843945,FGLTD02951,DIV475811,EDD PADRAUNA,RDF ,OK,CEIL
4006916000,FGLTD02178,DIV475934,EDD SALEMPUR,RDF ,BR,MU
4007587000,FGLTD02753,DIV475811,EDD PADRAUNA,IDF ,IDF,ASS
4007664473,PUFGL00826,DIV475813,"EDD KASYA, KUSHINAGAR",RDF ,OK,MU
4009037000,FGLTD01661,DIV475814,EDD SEORAHI,IDF ,IDF,ASS
4009889916,PUFGL00687,DIV475811,EDD PADRAUNA,IDF ,IDF,ASS
4011065000,FGLTD02308,DIV475814,EDD SEORAHI,IDF ,IDF,ASS
4011597000,FGLTD01660,DIV475814,EDD SEORAHI,IDF ,IDF,ASS
4016267000,FGLTD01770,DIV475814,EDD SEORAHI,IDF ,IDF,ASS
4018457000,PUFGL00194,DIV435731,"EDD GULHARIYA BAZAR,GORAKHPUR",RDF ,RDF,ASS
4018937000,FGLTD02256,DIV435733,EDD CAMPIEARGANJ,RDF ,OK,MU
4020196000,FGLTD01592,DIV475812,EDD HATA,IDF ,IDF,ASS
4021196000,PUFGL00729,DIV475812,EDD HATA,RDF ,OK,MU
4022518000,PUFGL00764,DIV475812,EDD HATA,IDF ,IDF,ASS
4023693189,PUFGL00848,DIV475814,EDD SEORAHI,RDF ,P,PROV
4027955000,FGLTD02305,DIV475814,EDD SEORAHI,IDF ,IDF,ASS
4029013190,FGLTD02305,DIV475814,EDD SEORAHI,IDF ,IDF,ASS
4030380857,PUFGL01017,DIV475612,EDD I MAHARAJGANJ,RDF ,RDF,ASS
4030977000,PUFGL00843,DIV475814,EDD SEORAHI,IDF ,IDF,ASS
4033467000,PUFGL00763,DIV475812,EDD HATA,IDF,IDF,ASS
4034316000,PUFGL01034,DIV475613,EDD NAUTANWA,RDF ,OK,MU
4035257000,PUFGL00839,DIV475813,"EDD KASYA, KUSHINAGAR",RDF,RDF,ASS
4035976000,PUFGL00893,DIV475611,EDD II ANANDNAGAR,RDF ,RDF,ASS
4036895539,FGLTD01968,DIV475812,EDD HATA,IDF ,IDF,ASS
4036905150,PUFGL00625,DIV475935,EDD GAURI BAZAR,RDF ,RDF,ASS
4037880496,PUFGL00487,DIV475932,EDD DEORIA,RDF ,OK,MU
4037889963,PUFGL00617,DIV475935,EDD GAURI BAZAR,RDF ,RDF,ASS
4038366000,PUFGL00194,DIV435731,"EDD GULHARIYA BAZAR,GORAKHPUR",RDF ,RDF,ASS
4040037000,FGLTD01671,DIV475814,EDD SEORAHI,IDF ,IDF,ASS
4040726000,FGLTD01887,DIV435721,EDD KAURIRAM,RDF ,P,PROV
4041027000,FGLTD01998,DIV475935,EDD GAURI BAZAR,IDF ,IDF,ASS
4041318078,FGLTD01630,DIV475812,EDD HATA,RDF ,OK,MU
4042218000,PUFGL00539,DIV475934,EDD SALEMPUR,RDF ,OK,MU
4042896863,FGLTD02366,DIV435711,"EUDD TOWNHALL,GORAKHPUR",RDF ,OK,MU
4045499143,PUFGL00180,DIV435731,"EDD GULHARIYA BAZAR,GORAKHPUR",RDF ,RDF,ASS
4045656000,PUFGL00251,DIV435733,EDD CAMPIEARGANJ,IDF ,IDF,ASS
4046197478,PUFGL00437,DIV435722,"EDD SAHJANWA,GORAKHPUR",RDF ,OK,MU
4047863062,PUFGL00450,DIV475931,EDD BARHAJ,RDF ,RDF,ASS
4047986000,FGLTD02305,DIV475814,EDD SEORAHI,IDF ,IDF,ASS
4049697000,PUFGL00722,DIV475811,EDD PADRAUNA,RDF ,RDF,ASS
4051518513,FGLTD02738,DIV435733,EDD CAMPIEARGANJ,RDF ,OK,MU
4052616000,PUFGL00843,DIV475814,EDD SEORAHI,IDF ,IDF,ASS
4052987000,PUFGL00491,DIV475932,EDD DEORIA,RDF ,RDF,ASS
4054108000,PUFGL00811,DIV475813,"EDD KASYA, KUSHINAGAR",RDF ,OK,MU
4055437000,FGLTD02650,DIV475613,EDD NAUTANWA,RDF,P,PROV
4056202548,PUFGL00838,DIV475813,"EDD KASYA, KUSHINAGAR",RDF ,OK,CEIL
4058070205,PUFGL00235,DIV435733,EDD CAMPIEARGANJ,RDF ,BR,MU
4058224618,FGLTD02238,DIV475932,EDD DEORIA,RDF ,RDF,ASS
4058346000,PUFGL00592,DIV475934,EDD SALEMPUR,RDF ,RDF,ASS
4061847000,FGLTD03341,DIV475811,EDD PADRAUNA,RDF ,P,PROV
4062847000,FGLTD01592,DIV475812,EDD HATA,IDF ,IDF,ASS
4063475000,PUFGL00507,DIV475932,EDD DEORIA,RDF ,OK,MU
4064077000,PUFGL00259,DIV435733,EDD CAMPIEARGANJ,RDF,P,PROV
4066576000,PUFGL00336,DIV435721,EDD KAURIRAM,RDF ,P,PROV
4068546000,PUFGL01039,DIV475613,EDD NAUTANWA,RDF ,OK,MU
4070318653,FGLTD01883,DIV435721,EDD KAURIRAM,RDF ,P,PROV
4071767000,FGLTD02929,DIV475814,EDD SEORAHI,IDF ,IDF,ASS
4072577000,FGLTD03116,DIV475814,EDD SEORAHI,IDF ,IDF,ASS
4074796000,FGLTD02239,DIV475935,EDD GAURI BAZAR,RDF ,RDF,ASS
4075096000,FGLTD02902,DIV475812,EDD HATA,IDF ,IDF,ASS
4075097000,PUFGL00875,DIV475611,EDD II ANANDNAGAR,RDF ,OK,MU
4075266000,FGLTD02943,DIV475812,EDD HATA,RDF ,RDF,ASS
4078575000,FGLTD03289,DIV475814,EDD SEORAHI,IDF ,IDF,ASS
4081046000,PUFGL00568,DIV475934,EDD SALEMPUR,RDF ,OK,MU
4081956000,FGLTD03191,DIV475932,EDD DEORIA,RDF ,P,PROV
4083079421,PUFGL00868,DIV475611,EDD II ANANDNAGAR,RDF ,RDF,ASS
4085046000,FGLTD02929,DIV475814,EDD SEORAHI,IDF ,IDF,ASS
4085536000,FGLTD02823,DIV475614,EDD NICHLAUL,RDF ,RDF,ASS
4086486000,PUFGL00790,DIV475812,EDD HATA,RDF ,RDF,ASS
4086497790,FGLTD02718,DIV475613,EDD NAUTANWA,RDF ,RDF,ASS
4092427000,PUFGL00476,DIV475932,EDD DEORIA,RDF ,RDF,ASS
4092656000,PUFGL00393,DIV435722,"EDD SAHJANWA,GORAKHPUR",RDF ,OK,MU
4092702812,FGLTD02238,DIV475932,EDD DEORIA,RDF ,OK,MU
4093414690,FGLTD02654,DIV435731,"EDD GULHARIYA BAZAR,GORAKHPUR",RDF ,RDF,ASS
4095408000,PUFGL00595,DIV475934,EDD SALEMPUR,RDF ,BR,MU
4096827000,PUFGL00699,DIV475811,EDD PADRAUNA,RDF ,RDF,ASS
4097176000,PUFGL00249,DIV435733,EDD CAMPIEARGANJ,RDF ,RDF,ASS
4098476000,PUFGL00746,DIV475812,EDD HATA,RDF ,OK,MU
4102197000,FGLTD02513,DIV475614,EDD NICHLAUL,RDF ,OK,MU
4103069763,PUFGL00487,DIV475932,EDD DEORIA,RDF ,OK,MU
4103670146,PUFGL00997,DIV475612,EDD I MAHARAJGANJ,RDF ,OK,MU
4104708000,PUFGL01113,DIV475614,EDD NICHLAUL,RDF ,OK,MU
4105477000,PUFGL00882,DIV475611,EDD II ANANDNAGAR,RDF ,P,PROV
4105507000,PUFGL00235,DIV435733,EDD CAMPIEARGANJ,RDF ,BR,MU
4107526000,PUFGL00587,DIV475934,EDD SALEMPUR,RDF ,RDF,ASS
4108367000,PUFGL00882,DIV475611,EDD II ANANDNAGAR,RDF ,RDF,ASS
4109147000,PUFGL00743,DIV475812,EDD HATA,RDF ,RDF,ASS
4110957000,FGLTD01183,DIV475813,"EDD KASYA, KUSHINAGAR",RDF ,RDF,ASS
4112336000,FGLTD01773,DIV475814,EDD SEORAHI,RDF ,RDF,ASS
4112697000,PUFGL00363,DIV435722,"EDD SAHJANWA,GORAKHPUR",RDF ,OK,MU
4114192131,FGLTD02006,DIV435711,"EUDD TOWNHALL,GORAKHPUR",RDF ,OK,MU
4117526000,FGLTD01962,DIV475812,EDD HATA,RDF ,RDF,ASS
4117796000,FGLTD02305,DIV475814,EDD SEORAHI,IDF ,IDF,ASS
4118354000,PUFGL00710,DIV475811,EDD PADRAUNA,RDF ,P,PROV
4118997000,PUFGL00830,DIV475813,"EDD KASYA, KUSHINAGAR",RDF ,OK,MU
4120256349,PUFGL01082,DIV475613,EDD NAUTANWA,RDF ,OK,MU
4121880686,FGLTD01876,DIV435714,"EUDD RAPTINAGAR,GORAKHPUR",RDF ,OK,MU
4123142378,PUFGL00437,DIV435722,"EDD SAHJANWA,GORAKHPUR",RDF ,OK,MU
4126137000,FGLTD03248,DIV475612,EDD I MAHARAJGANJ,RDF ,OK,MU
4126967000,FGLTD02571,DIV435731,"EDD GULHARIYA BAZAR,GORAKHPUR",RDF ,OK,MU
4129354000,PUFGL00709,DIV475811,EDD PADRAUNA,IDF ,IDF,ASS
4129684760,PUFGL01130,DIV475614,EDD NICHLAUL,RDF ,OK,MU
4129796000,PUFGL00201,DIV435731,"EDD GULHARIYA BAZAR,GORAKHPUR",RDF ,RDF,ASS
4130208000,PUFGL00483,DIV475932,EDD DEORIA,RDF,RDF,ASS
4130675000,PUFGL00704,DIV475811,EDD PADRAUNA,IDF ,IDF,ASS
4130853455,PUFGL00393,DIV435722,"EDD SAHJANWA,GORAKHPUR",RDF ,OK,MU
4133964100,FGLTD02952,DIV475811,EDD PADRAUNA,IDF ,IDF,ASS
4134367500,PUFGL00576,DIV475934,EDD SALEMPUR,RDF ,RDF,ASS
4134996000,FGLTD02738,DIV435733,EDD CAMPIEARGANJ,IDF,IDF,ASS
4136267000,FGLTD02007,DIV435732,EDD CHAURI CHAURA,RDF ,RDF,ASS
4136518000,FGLTD01540,DIV475934,EDD SALEMPUR,RDF ,RDF,ASS
4137457000,FGLTD02471,DIV475814,EDD SEORAHI,IDF ,IDF,ASS
4137847000,FGLTD03099,DIV475932,EDD DEORIA,RDF ,P,PROV
4140308000,FGLTD02738,DIV435733,EDD CAMPIEARGANJ,IDF,IDF,ASS
4141037000,FGLTD03393,DIV475814,EDD SEORAHI,IDF ,IDF,ASS
4141354000,PUFGL00705,DIV475811,EDD PADRAUNA,IDF ,IDF,ASS
4141596000,PUFGL00806,DIV475813,"EDD KASYA, KUSHINAGAR",RDF ,IDF,ASS
4141969648,FGLTD02640,DIV475935,EDD GAURI BAZAR,RDF ,OK,MU
4142273137,PUFGL00833,DIV475813,"EDD KASYA, KUSHINAGAR",RDF ,OK,MU
4142756000,FGLTD02389,DIV475814,EDD SEORAHI,RDF ,OK,MU
4144402091,PUFGL00830,DIV475813,"EDD KASYA, KUSHINAGAR",RDF ,OK,MU
4148296000,PUFGL00758,DIV475812,EDD HATA,RDF ,OK,MU
4149247000,PUFGL00835,DIV475813,"EDD KASYA, KUSHINAGAR",RDF ,P,PROV
4151067000,PUFGL00683,DIV475811,EDD PADRAUNA,IDF ,IDF,ASS
4154758240,PUFGL00735,DIV475812,EDD HATA,RDF ,P,PROV
4155327000,FGLTD03004,DIV475812,EDD HATA,IDF ,IDF,ASS
4155376000,PUFGL00722,DIV475811,EDD PADRAUNA,RDF ,BR,MU
4155507000,FGLTD02929,DIV475814,EDD SEORAHI,IDF,IDF,ASS
4156311881,FGLTD01192,DIV475813,"EDD KASYA, KUSHINAGAR",RDF ,OK,MU
4156776000,FGLTD03115,DIV475814,EDD SEORAHI,IDF,IDF,ASS
4156796000,PUFGL00844,DIV475814,EDD SEORAHI,IDF,IDF,ASS
4156875000,PUFGL01100,DIV475614,EDD NICHLAUL,RDF ,P,PROV
4161126000,PUFGL00806,DIV475813,"EDD KASYA, KUSHINAGAR",IDF ,IDF,ASS
4162436000,PUFGL00259,DIV435733,EDD CAMPIEARGANJ,RDF ,P,PROV
4166177000,FGLTD02178,DIV475934,EDD SALEMPUR,RDF ,RDF,ASS
4167080994,PUFGL00490,DIV475932,EDD DEORIA,RDF ,P,PROV
4167796000,FGLTD03289,DIV475814,EDD SEORAHI,IDF ,IDF,ASS
4168346000,FGLTD01340,DIV435732,EDD CHAURI CHAURA,RDF ,OK,CEIL
4168711019,FGLTD01863,DIV435712,"EUDD SRI GORAKHNATH,GORAKHPUR",RDF ,OK,MU
4169007000,PUFGL00532,DIV475934,EDD SALEMPUR,RDF ,OK,CEIL
4174165000,PUFGL00552,DIV475934,EDD SALEMPUR,IDF ,IDF,ASS
4174775000,PUFGL00790,DIV475812,EDD HATA,RDF,RDF,ASS
4176077000,FGLTD03090,DIV435733,EDD CAMPIEARGANJ,RDF ,OK,MU
4176522101,PUFGL01040,DIV475613,EDD NAUTANWA,RDF ,OK,MU
4179763628,PUFGL00763,DIV475812,EDD HATA,IDF ,IDF,ASS
4181008672,PUFGL00393,DIV435722,"EDD SAHJANWA,GORAKHPUR",RDF ,OK,MU
4183266000,PUFGL00761,DIV475812,EDD HATA,RDF ,OK,MU
4183275000,FGLTD02667,DIV475813,"EDD KASYA, KUSHINAGAR",RDF ,RDF,ASS
4184837000,FGLTD02929,DIV475814,EDD SEORAHI,IDF ,IDF,ASS
4185046000,PUFGL00848,DIV475814,EDD SEORAHI,IDF ,IDF,ASS
4189086000,FGLTD03204,DIV475813,"EDD KASYA, KUSHINAGAR",RDF ,RDF,ASS
4191037000,PUFGL00968,DIV475612,EDD I MAHARAJGANJ,RDF ,RDF,ASS
4192336000,PUFGL00427,DIV435722,"EDD SAHJANWA,GORAKHPUR",RDF ,P,PROV
4194766548,PUFGL00965,DIV475612,EDD I MAHARAJGANJ,RDF ,P,PROV
4197018000,PUFGL00540,DIV475934,EDD SALEMPUR,RDF ,BR,MU
4197237000,PUFGL00508,DIV475932,EDD DEORIA,RDF ,OK,MU
4197256708,PUFGL00848,DIV475814,EDD SEORAHI,RDF ,RDF,ASS
4197916000,FGLTD01806,DIV475934,EDD SALEMPUR,IDF ,IDF,ASS
4198358109,FGLTD02471,DIV475814,EDD SEORAHI,IDF ,IDF,ASS
4199142432,FGLTD01592,DIV475812,EDD HATA,IDF ,IDF,ASS
4199546000,PUFGL00428,DIV435722,"EDD SAHJANWA,GORAKHPUR",RDF ,RDF,ASS
4199607000,PUFGL00875,DIV475611,EDD II ANANDNAGAR,RDF,RDF,ASS
4201657000,FGLTD01592,DIV475812,EDD HATA,IDF ,IDF,ASS
4201936000,FGLTD02246,DIV475932,EDD DEORIA,RDF ,RDF,ASS
4202667000,FGLTD03297,DIV475812,EDD HATA,RDF ,RDF,ASS
4202732013,PUFGL00877,DIV475611,EDD II ANANDNAGAR,RDF ,OK,MU
4204956000,PUFGL00487,DIV475932,EDD DEORIA,RDF ,OK,MU
4207177000,PUFGL01211,DIV475935,EDD GAURI BAZAR,RDF ,OK,MU
4207847000,FGLTD01883,DIV435721,EDD KAURIRAM,RDF ,P,PROV
4208359231,FGLTD02438,DIV475611,EDD II ANANDNAGAR,RDF ,P,PROV
4209273689,PUFGL00474,DIV475932,EDD DEORIA,RDF ,OK,MU
4209902874,PUFGL00620,DIV475935,EDD GAURI BAZAR,RDF ,OK,MU
4210576000,FGLTD01968,DIV475812,EDD HATA,RDF ,RDF,ASS
4211275000,FGLTD02356,DIV475614,EDD NICHLAUL,RDF ,OK,MU
4213427000,PUFGL01003,DIV475612,EDD I MAHARAJGANJ,RDF,P,PROV
4214146832,FGLTD03122,DIV475813,"EDD KASYA, KUSHINAGAR",RDF ,RDF,ASS
4214607000,PUFGL00363,DIV435722,"EDD SAHJANWA,GORAKHPUR",RDF ,OK,MU
4219365000,PUFGL00836,DIV475813,"EDD KASYA, KUSHINAGAR",RDF ,RDF,ASS
4220457228,PUFGL00790,DIV475812,EDD HATA,RDF ,RDF,ASS
4221377000,FGLTD03410,DIV475611,EDD II ANANDNAGAR,RDF ,OK,MU
4221995663,PUFGL00607,DIV475934,EDD SALEMPUR,IDF ,IDF,ASS
4222336000,FGLTD02471,DIV475814,EDD SEORAHI,IDF,IDF,ASS
4223965000,FGLTD03004,DIV475812,EDD HATA,IDF ,IDF,ASS
4224327000,FGLTD02738,DIV435733,EDD CAMPIEARGANJ,IDF ,IDF,ASS
4227389466,FGLTD03134,DIV475811,EDD PADRAUNA,RDF ,OK,MU
4227896000,PUFGL00776,DIV475812,EDD HATA,IDF ,IDF,ASS
4228402516,FGLTD01808,DIV475934,EDD SALEMPUR,RDF ,OK,MU
4229467000,PUFGL00922,DIV475612,EDD I MAHARAJGANJ,RDF ,OK,MU
4229756000,FGLTD02902,DIV475812,EDD HATA,RDF ,OK,MU
4230227000,PUFGL01008,DIV475612,EDD I MAHARAJGANJ,RDF ,RDF,ASS
4231308000,FGLTD02738,DIV435733,EDD CAMPIEARGANJ,IDF ,IDF,ASS
4231836000,PUFGL00658,DIV475811,EDD PADRAUNA,IDF ,IDF,ASS
4233307000,FGLTD01182,DIV475813,"EDD KASYA, KUSHINAGAR",RDF ,RDF,ASS
4234077000,FGLTD02667,DIV475813,"EDD KASYA, KUSHINAGAR",RDF ,RDF,ASS
4235356000,PUFGL01132,DIV475614,EDD NICHLAUL,RDF,OK,CEIL
4237457000,PUFGL00844,DIV475814,EDD SEORAHI,IDF,IDF,ASS
4237618000,PUFGL01039,DIV475613,EDD NAUTANWA,RDF ,P,PROV
4238267000,FGLTD02474,DIV475814,EDD SEORAHI,IDF ,IDF,ASS
4239377599,FGLTD02219,DIV435731,"EDD GULHARIYA BAZAR,GORAKHPUR",RDF ,P,PROV
4239587000,FGLTD02881,DIV435731,"EDD GULHARIYA BAZAR,GORAKHPUR",RDF ,OK,MU
4241616000,FGLTD01773,DIV475814,EDD SEORAHI,IDF,IDF,ASS
4243122000,FGLTD02157,DIV435711,"EUDD TOWNHALL,GORAKHPUR",RDF ,OK,MU
4243766000,PUFGL00980,DIV475612,EDD I MAHARAJGANJ,RDF ,OK,MU
4247687000,FGLTD02256,DIV435733,EDD CAMPIEARGANJ,RDF ,P,PROV
4248418000,PUFGL00790,DIV475812,EDD HATA,RDF ,RDF,ASS
4248656000,FGLTD03116,DIV475814,EDD SEORAHI,IDF,IDF,ASS
4248908000,FGLTD03191,DIV475932,EDD DEORIA,RDF ,OK,MU
4249127000,PUFGL00844,DIV475814,EDD SEORAHI,IDF ,IDF,ASS
4249167000,FGLTD03411,DIV475611,EDD II ANANDNAGAR,RDF,RDF,ASS
4253018000,FGLTD02881,DIV435731,"EDD GULHARIYA BAZAR,GORAKHPUR",RDF ,P,PROV
4253575000,FGLTD01192,DIV475813,"EDD KASYA, KUSHINAGAR",RDF ,RDF,ASS
4255267000,PUFGL00844,DIV475814,EDD SEORAHI,IDF,IDF,ASS
4257977000,PUFGL01130,DIV475614,EDD NICHLAUL,RDF ,RDF,ASS
4258786000,PUFGL00722,DIV475811,EDD PADRAUNA,IDF ,IDF,ASS
4258887688,FGLTD02178,DIV475934,EDD SALEMPUR,RDF ,BR,MU
4262188111,FGLTD01661,DIV475814,EDD SEORAHI,IDF ,IDF,ASS
4262865000,FGLTD03393,DIV475814,EDD SEORAHI,IDF ,IDF,ASS
4263196296,PUFGL01031,DIV475613,EDD NAUTANWA,RDF ,P,PROV
4266456000,PUFGL00192,DIV435731,"EDD GULHARIYA BAZAR,GORAKHPUR",IDF ,IDF,ASS
4266745395,FGLTD02611,DIV475812,EDD HATA,RDF ,OK,MU
4266776000,PUFGL00843,DIV475814,EDD SEORAHI,IDF ,IDF,ASS
4266958048,FGLTD03096,DIV435732,EDD CHAURI CHAURA,RDF ,OK,MU
4267608000,PUFGL00548,DIV475934,EDD SALEMPUR,RDF ,RDF,ASS
4268667000,PUFGL01017,DIV475612,EDD I MAHARAJGANJ,RDF ,P,PROV
4270186000,FGLTD03292,DIV475814,EDD SEORAHI,RDF ,OK,MU
4271996000,PUFGL00246,DIV435733,EDD CAMPIEARGANJ,RDF ,OK,MU
4274432945,FGLTD03030,DIV475932,EDD DEORIA,RDF,OK,MU
4275299829,FGLTD01650,DIV475812,EDD HATA,RDF ,RDF,ASS
4276527000,PUFGL00896,DIV475611,EDD II ANANDNAGAR,RDF ,RDF,ASS
4276947000,PUFGL00790,DIV475812,EDD HATA,RDF ,RDF,ASS
4277156000,FGLTD02967,DIV475934,EDD SALEMPUR,RDF ,RDF,ASS
4277717000,PUFGL00325,DIV435721,EDD KAURIRAM,RDF ,P,PROV
4280785000,FGLTD01395,DIV435732,EDD CHAURI CHAURA,RDF ,OK,MU
4281385000,PUFGL00339,DIV435721,EDD KAURIRAM,IDF,IDF,ASS
4284608000,FGLTD01582,DIV475613,EDD NAUTANWA,RDF ,RDF,ASS
4286606934,PUFGL00230,DIV435733,EDD CAMPIEARGANJ,RDF ,OK,MU
4287257000,FGLTD03203,DIV475813,"EDD KASYA, KUSHINAGAR",RDF,BR,MU
4287477000,PUFGL01132,DIV475614,EDD NICHLAUL,RDF ,P,PROV
4288068294,PUFGL00607,DIV475934,EDD SALEMPUR,IDF ,IDF,ASS
4288196000,PUFGL00987,DIV475612,EDD I MAHARAJGANJ,RDF ,P,PROV
4289318000,PUFGL00332,DIV435721,EDD KAURIRAM,RDF ,OK,MU
4291986000,PUFGL00249,DIV435733,EDD CAMPIEARGANJ,RDF ,RDF,ASS
4292197000,FGLTD02147,DIV475614,EDD NICHLAUL,RDF ,OK,MU
4293757000,PUFGL00428,DIV435722,"EDD SAHJANWA,GORAKHPUR",RDF ,OK,MU
4295427000,FGLTD03099,DIV475932,EDD DEORIA,RDF ,OK,MU
4296267000,FGLTD03118,DIV475814,EDD SEORAHI,IDF ,IDF,ASS
4296456000,PUFGL00637,DIV475935,EDD GAURI BAZAR,RDF ,OK,MU
4297947000,FGLTD02007,DIV435732,EDD CHAURI CHAURA,RDF ,RDF,ASS
4298283004,PUFGL01192,DIV475932,EDD DEORIA,RDF ,OK,MU
4300095437,FGLTD02139,DIV475613,EDD NAUTANWA,RDF ,OK,MU
4301765000,PUFGL00584,DIV475934,EDD SALEMPUR,RDF ,P,PROV
4301781538,PUFGL00492,DIV475932,EDD DEORIA,RDF ,OK,MU
4303032442,PUFGL00121,DIV435732,EDD CHAURI CHAURA,RDF ,OK,MU
4306815293,FGLTD03208,DIV475814,EDD SEORAHI,RDF ,OK,MU
4307297000,PUFGL00782,DIV475812,EDD HATA,RDF ,P,PROV
4307957000,PUFGL00186,DIV435731,"EDD GULHARIYA BAZAR,GORAKHPUR",IDF ,IDF,ASS
4308265000,PUFGL00761,DIV475812,EDD HATA,RDF ,P,PROV
4308277000,PUFGL00344,DIV435721,EDD KAURIRAM,RDF ,RDF,ASS
4309397000,FGLTD02755,DIV475811,EDD PADRAUNA,IDF ,IDF,ASS
4316118000,FGLTD03294,DIV475814,EDD SEORAHI,IDF ,IDF,ASS
4316518000,FGLTD02359,DIV475614,EDD NICHLAUL,RDF ,RDF,ASS
4316916000,PUFGL00268,DIV435733,EDD CAMPIEARGANJ,RDF ,OK,MU
4317286000,FGLTD01592,DIV475812,EDD HATA,IDF ,IDF,ASS
4317836000,PUFGL00849,DIV475814,EDD SEORAHI,IDF,IDF,ASS
4318365000,PUFGL01038,DIV475613,EDD NAUTANWA,RDF ,OK,MU
4318377000,FGLTD02414,DIV475614,EDD NICHLAUL,RDF ,RDF,ASS
4319118000,FGLTD03012,DIV475811,EDD PADRAUNA,RDF,OK,MU
4320469328,PUFGL01121,DIV475614,EDD NICHLAUL,RDF ,P,PROV
4323287000,PUFGL00743,DIV475812,EDD HATA,RDF ,RDF,ASS
4326486000,PUFGL00548,DIV475934,EDD SALEMPUR,RDF ,RDF,ASS
4329575000,FGLTD02308,DIV475814,EDD SEORAHI,IDF ,IDF,ASS
4334667000,FGLTD03004,DIV475812,EDD HATA,IDF ,IDF,ASS
4335385000,FGLTD03125,DIV475813,"EDD KASYA, KUSHINAGAR",IDF ,IDF,ASS
4335396000,FGLTD03214,DIV475612,EDD I MAHARAJGANJ,RDF ,OK,MU
4335775000,PUFGL00784,DIV475812,EDD HATA,RDF ,OK,MU
4338336131,FGLTD01671,DIV475814,EDD SEORAHI,RDF ,RDF,ASS
4339327000,PUFGL00657,DIV475811,EDD PADRAUNA,RDF ,RDF,ASS
4340988888,PUFGL00587,DIV475934,EDD SALEMPUR,RDF ,OK,MU
4341207000,FGLTD01186,DIV475813,"EDD KASYA, KUSHINAGAR",RDF ,RDF,ASS
4341665652,FGLTD01183,DIV475813,"EDD KASYA, KUSHINAGAR",RDF ,RDF,ASS
4341677000,PUFGL00790,DIV475812,EDD HATA,RDF ,RDF,ASS
4342186000,PUFGL00844,DIV475814,EDD SEORAHI,IDF ,IDF,ASS
4342575000,FGLTD03229,DIV475813,"EDD KASYA, KUSHINAGAR",RDF ,RDF,ASS
4343121100,FGLTD03116,DIV475814,EDD SEORAHI,IDF ,IDF,ASS
4343239341,FGLTD03029,DIV435713,"EUDD MOHADDIPUR,GORAKHPUR",RDF ,OK,MU
4344186000,FGLTD03294,DIV475814,EDD SEORAHI,IDF ,IDF,ASS
4345186000,FGLTD03294,DIV475814,EDD SEORAHI,IDF ,IDF,ASS
4346407000,FGLTD01540,DIV475934,EDD SALEMPUR,RDF ,OK,MU
4346556000,FGLTD02755,DIV475811,EDD PADRAUNA,IDF ,IDF,ASS
4347955000,PUFGL00704,DIV475811,EDD PADRAUNA,IDF ,IDF,ASS
4349456337,PUFGL01058,DIV475613,EDD NAUTANWA,RDF ,OK,CEIL
4351389204,PUFGL01017,DIV475612,EDD I MAHARAJGANJ,RDF ,RDF,ASS
4351595891,FGLTD01968,DIV475812,EDD HATA,IDF ,IDF,ASS
4359817000,FGLTD01188,DIV475813,"EDD KASYA, KUSHINAGAR",RDF ,RDF,ASS
4360336000,FGLTD02305,DIV475814,EDD SEORAHI,IDF ,IDF,ASS
4360796000,FGLTD02864,DIV435731,"EDD GULHARIYA BAZAR,GORAKHPUR",RDF ,OK,MU
4362175000,PUFGL00764,DIV475812,EDD HATA,IDF ,IDF,ASS
4362986000,PUFGL00851,DIV475814,EDD SEORAHI,IDF ,IDF,ASS
4363507000,FGLTD03115,DIV475814,EDD SEORAHI,IDF,IDF,ASS
4364813533,FGLTD01571,DIV475935,EDD GAURI BAZAR,RDF ,OK,MU
4365308000,FGLTD03289,DIV475814,EDD SEORAHI,IDF ,IDF,ASS
4365727000,PUFGL00790,DIV475812,EDD HATA,RDF,RDF,ASS
4367227000,FGLTD02308,DIV475814,EDD SEORAHI,IDF ,IDF,ASS
4369497000,PUFGL00843,DIV475814,EDD SEORAHI,IDF ,IDF,ASS
4369597000,FGLTD03388,DIV435722,"EDD SAHJANWA,GORAKHPUR",RDF ,P,PROV
4371576000,FGLTD01809,DIV475934,EDD SALEMPUR,RDF ,RDF,ASS
4372227000,PUFGL00684,DIV475811,EDD PADRAUNA,IDF ,IDF,ASS
4373518000,PUFGL00427,DIV435722,"EDD SAHJANWA,GORAKHPUR",RDF,OK,MU
4375227000,PUFGL00683,DIV475811,EDD PADRAUNA,IDF ,IDF,ASS
4375667226,PUFGL00246,DIV435733,EDD CAMPIEARGANJ,RDF ,OK,MU
4376026000,FGLTD03251,DIV475612,EDD I MAHARAJGANJ,IDF ,IDF,ASS
4377386000,FGLTD03099,DIV475932,EDD DEORIA,RDF ,RDF,ASS
4377958455,PUFGL00161,DIV435731,"EDD GULHARIYA BAZAR,GORAKHPUR",RDF ,P,PROV
4378046000,FGLTD02929,DIV475814,EDD SEORAHI,IDF ,IDF,ASS
4378285000,PUFGL00530,DIV475934,EDD SALEMPUR,RDF ,RDF,ASS
4380086000,PUFGL00687,DIV475811,EDD PADRAUNA,IDF,IDF,ASS
4382185000,PUFGL00814,DIV475813,"EDD KASYA, KUSHINAGAR",RDF ,RDF,ASS
4384101154,FGLTD03410,DIV475611,EDD II ANANDNAGAR,RDF ,OK,MU
4385887875,PUFGL00848,DIV475814,EDD SEORAHI,RDF ,P,PROV
4388186000,PUFGL00374,DIV435722,"EDD SAHJANWA,GORAKHPUR",RDF ,P,PROV
4389396000,PUFGL00836,DIV475813,"EDD KASYA, KUSHINAGAR",IDF ,IDF,ASS
4390355817,PUFGL00706,DIV475811,EDD PADRAUNA,IDF ,IDF,ASS
4393516274,PUFGL00890,DIV475611,EDD II ANANDNAGAR,RDF ,OK,MU
4397097000,FGLTD01165,DIV475611,EDD II ANANDNAGAR,IDF ,RDF,ASS
4397768487,FGLTD02083,DIV475812,EDD HATA,RDF ,OK,MU
4398586000,FGLTD02305,DIV475814,EDD SEORAHI,IDF ,IDF,ASS
4400675000,FGLTD02305,DIV475814,EDD SEORAHI,IDF ,IDF,ASS
4402035769,FGLTD01630,DIV475812,EDD HATA,RDF ,OK,MU
4402708000,PUFGL01008,DIV475612,EDD I MAHARAJGANJ,IDF ,IDF,ASS
4404756797,PUFGL00333,DIV435721,EDD KAURIRAM,RDF ,P,PROV
4406118000,FGLTD02695,DIV475811,EDD PADRAUNA,RDF ,BR,MU
4408708000,PUFGL00811,DIV475813,"EDD KASYA, KUSHINAGAR",RDF ,RDF,ASS
4408856000,FGLTD03390,DIV475811,EDD PADRAUNA,IDF,IDF,ASS
4410516000,FGLTD02379,DIV475811,EDD PADRAUNA,IDF ,IDF,ASS
4414986000,FGLTD02305,DIV475814,EDD SEORAHI,IDF ,IDF,ASS
4415601605,FGLTD03358,DIV475935,EDD GAURI BAZAR,RDF ,OK,MU
4415747000,PUFGL00894,DIV475611,EDD II ANANDNAGAR,RDF ,OK,MU
4416282808,PUFGL00737,DIV475812,EDD HATA,RDF ,OK,MU
4417155309,FGLTD03214,DIV475612,EDD I MAHARAJGANJ,RDF ,OK,MU
4417297000,PUFGL00836,DIV475813,"EDD KASYA, KUSHINAGAR",RDF ,RDF,ASS
4417575000,PUFGL00844,DIV475814,EDD SEORAHI,IDF ,IDF,ASS
4419266000,FGLTD03167,DIV435731,"EDD GULHARIYA BAZAR,GORAKHPUR",RDF ,OK,MU
4420361637,FGLTD01534,DIV475935,EDD GAURI BAZAR,RDF ,OK,MU
4420646000,PUFGL00373,DIV435722,"EDD SAHJANWA,GORAKHPUR",RDF ,RDF,ASS
4421378808,FGLTD02929,DIV475814,EDD SEORAHI,IDF ,IDF,ASS
4425240841,PUFGL00676,DIV475811,EDD PADRAUNA,IDF ,IDF,ASS
4425647000,FGLTD02305,DIV475814,EDD SEORAHI,IDF ,IDF,ASS
4426214732,PUFGL00584,DIV475934,EDD SALEMPUR,RDF ,RDF,ASS
4427437000,PUFGL00844,DIV475814,EDD SEORAHI,IDF,IDF,ASS
4429159779,PUFGL00843,DIV475814,EDD SEORAHI,IDF ,IDF,ASS
4429967000,PUFGL00194,DIV435731,"EDD GULHARIYA BAZAR,GORAKHPUR",RDF ,RDF,ASS
4430869567,FGLTD03310,DIV475613,EDD NAUTANWA,RDF ,P,PROV
4430878349,PUFGL00552,DIV475934,EDD SALEMPUR,IDF ,IDF,ASS
4432241068,PUFGL01032,DIV475613,EDD NAUTANWA,RDF ,OK,MU
4435022000,FGLTD01867,DIV435713,"EUDD MOHADDIPUR,GORAKHPUR",RDF ,OK,MU
4437267000,FGLTD01773,DIV475814,EDD SEORAHI,IDF ,IDF,ASS
4437464540,FGLTD03220,DIV475613,EDD NAUTANWA,RDF ,RDF,ASS
4438286000,FGLTD01592,DIV475812,EDD HATA,IDF ,IDF,ASS
4439697000,PUFGL00751,DIV475812,EDD HATA,RDF ,RDF,ASS
4440165000,PUFGL00729,DIV475812,EDD HATA,RDF ,OK,MU
4440286000,FGLTD03294,DIV475814,EDD SEORAHI,IDF ,IDF,ASS
4440716000,FGLTD03335,DIV435722,"EDD SAHJANWA,GORAKHPUR",RDF ,RDF,ASS
4440980328,PUFGL00428,DIV435722,"EDD SAHJANWA,GORAKHPUR",RDF ,OK,MU
4444975000,FGLTD01624,DIV475812,EDD HATA,RDF ,RDF,ASS
4445827000,PUFGL00458,DIV475931,EDD BARHAJ,RDF ,OK,MU
4446176000,FGLTD02460,DIV475932,EDD DEORIA,RDF ,RDF,ASS
4447037691,PUFGL00929,DIV475612,EDD I MAHARAJGANJ,RDF ,RDF,ASS
4447296000,PUFGL00117,DIV435732,EDD CHAURI CHAURA,RDF ,OK,MU
4447317000,PUFGL00622,DIV475935,EDD GAURI BAZAR,RDF ,OK,MU
4447546000,PUFGL01139,DIV475614,EDD NICHLAUL,RDF ,P,PROV
4449443119,PUFGL01060,DIV475613,EDD NAUTANWA,RDF ,OK,MU
4450757000,PUFGL00319,DIV435721,EDD KAURIRAM,RDF ,OK,MU
4451399919,FGLTD01189,DIV475813,"EDD KASYA, KUSHINAGAR",RDF ,OK,CEIL
4452286686,FGLTD02952,DIV475811,EDD PADRAUNA,IDF ,IDF,ASS
4452443160,FGLTD02662,DIV475813,"EDD KASYA, KUSHINAGAR",RDF ,OK,MU
4452857000,PUFGL00865,DIV475611,EDD II ANANDNAGAR,RDF ,P,PROV
4458997000,FGLTD02823,DIV475614,EDD NICHLAUL,RDF ,RDF,ASS
4460708000,PUFGL00893,DIV475611,EDD II ANANDNAGAR,RDF ,OK,MU
4460746000,FGLTD02662,DIV475813,"EDD KASYA, KUSHINAGAR",RDF ,RDF,ASS
4461196000,PUFGL00792,DIV475812,EDD HATA,IDF,IDF,ASS
4463787000,PUFGL00704,DIV475811,EDD PADRAUNA,IDF ,IDF,ASS
4464386000,PUFGL01200,DIV475932,EDD DEORIA,RDF,P,PROV
4466886000,FGLTD02197,DIV435731,"EDD GULHARIYA BAZAR,GORAKHPUR",RDF ,RDF,ASS
4468147000,PUFGL00860,DIV475611,EDD II ANANDNAGAR,RDF ,OK,MU
4468347000,PUFGL00704,DIV475811,EDD PADRAUNA,IDF ,IDF,ASS
4469870665,PUFGL00180,DIV435731,"EDD GULHARIYA BAZAR,GORAKHPUR",RDF ,RDF,ASS
4469875000,PUFGL00790,DIV475812,EDD HATA,RDF ,RDF,ASS
4469886000,PUFGL00584,DIV475934,EDD SALEMPUR,RDF,RDF,ASS
4471012000,FGLTD01815,DIV435711,"EUDD TOWNHALL,GORAKHPUR",RDF ,OK,MU
4472916000,PUFGL00858,DIV475611,EDD II ANANDNAGAR,RDF ,OK,MU
4474037000,FGLTD03289,DIV475814,EDD SEORAHI,IDF ,IDF,ASS
4474796000,FGLTD02738,DIV435733,EDD CAMPIEARGANJ,IDF ,IDF,ASS
4474936521,FGLTD01508,DIV475935,EDD GAURI BAZAR,RDF ,OK,MU
4477337935,FGLTD02820,DIV475613,EDD NAUTANWA,RDF ,P,PROV
4477496936,PUFGL01218,DIV475935,EDD GAURI BAZAR,RDF ,OK,MU
4477578840,PUFGL00620,DIV475935,EDD GAURI BAZAR,RDF ,BR,MU
4478877000,PUFGL00844,DIV475814,EDD SEORAHI,IDF ,IDF,ASS
4480746000,FGLTD02662,DIV475813,"EDD KASYA, KUSHINAGAR",RDF ,OK,MU
4481518282,FGLTD02913,DIV475813,"EDD KASYA, KUSHINAGAR",RDF ,RDF,ASS
4483986000,FGLTD02929,DIV475814,EDD SEORAHI,IDF ,IDF,ASS
4484354000,PUFGL00715,DIV475811,EDD PADRAUNA,RDF ,RDF,ASS
4484765000,FGLTD03116,DIV475814,EDD SEORAHI,IDF,IDF,ASS
4485896000,PUFGL00576,DIV475934,EDD SALEMPUR,RDF ,OK,MU
4487366000,PUFGL00683,DIV475811,EDD PADRAUNA,IDF ,IDF,ASS
4487916000,PUFGL00790,DIV475812,EDD HATA,RDF ,RDF,ASS
4488636000,PUFGL00957,DIV475612,EDD I MAHARAJGANJ,IDF,IDF,ASS
4488837833,FGLTD01582,DIV475613,EDD NAUTANWA,RDF ,OK,MU
4489354000,PUFGL00707,DIV475811,EDD PADRAUNA,IDF ,IDF,ASS
4490866000,FGLTD03329,DIV475614,EDD NICHLAUL,RDF ,P,PROV
4490947000,FGLTD01549,DIV475932,EDD DEORIA,RDF ,OK,MU
4491208000,FGLTD02657,DIV435731,"EDD GULHARIYA BAZAR,GORAKHPUR",RDF,RDF,ASS
4491585000,FGLTD03004,DIV475812,EDD HATA,IDF ,IDF,ASS
4492716000,PUFGL00423,DIV435722,"EDD SAHJANWA,GORAKHPUR",RDF ,RDF,ASS
4494085000,FGLTD03120,DIV475813,"EDD KASYA, KUSHINAGAR",IDF ,IDF,ASS
4494257000,FGLTD02695,DIV475811,EDD PADRAUNA,IDF,RDF,ASS
4495227000,FGLTD01661,DIV475814,EDD SEORAHI,IDF,IDF,ASS
4495855000,PUFGL00860,DIV475611,EDD II ANANDNAGAR,RDF ,P,PROV
4498019930,FGLTD02006,DIV435711,"EUDD TOWNHALL,GORAKHPUR",RDF ,OK,MU
4500266000,PUFGL01139,DIV475614,EDD NICHLAUL,RDF ,RDF,ASS
4501465702,FGLTD01881,DIV435721,EDD KAURIRAM,RDF ,P,PROV
4502396000,PUFGL00893,DIV475611,EDD II ANANDNAGAR,RDF ,RDF,ASS
4503025224,FGLTD01870,DIV435714,"EUDD RAPTINAGAR,GORAKHPUR",RDF ,OK,MU
4503456000,PUFGL00654,DIV475811,EDD PADRAUNA,RDF ,RDF,ASS
4503697000,FGLTD02438,DIV475611,EDD II ANANDNAGAR,RDF ,P,PROV
4504321413,FGLTD02353,DIV475614,EDD NICHLAUL,RDF ,RDF,ASS
4505993483,PUFGL00831,DIV475813,"EDD KASYA, KUSHINAGAR",RDF ,OK,MU
4506337000,PUFGL00768,DIV475812,EDD HATA,RDF ,OK,MU
4508308000,PUFGL00919,DIV475612,EDD I MAHARAJGANJ,RDF ,RDF,ASS
4508497000,FGLTD02657,DIV435731,"EDD GULHARIYA BAZAR,GORAKHPUR",RDF ,RDF,ASS
4510296000,PUFGL00361,DIV435721,EDD KAURIRAM,RDF ,OK,MU
4510736000,PUFGL00802,DIV475813,"EDD KASYA, KUSHINAGAR",IDF ,IDF,ASS
4514216000,PUFGL01130,DIV475614,EDD NICHLAUL,RDF ,OK,MU
4514827000,PUFGL00901,DIV475611,EDD II ANANDNAGAR,RDF ,RDF,ASS
4515857000,PUFGL00146,DIV435732,EDD CHAURI CHAURA,IDF ,IDF,ASS
4518586000,FGLTD01186,DIV475813,"EDD KASYA, KUSHINAGAR",RDF ,RDF,ASS
4519886751,PUFGL01063,DIV475613,EDD NAUTANWA,RDF,RDF,ASS
4521767000,FGLTD03116,DIV475814,EDD SEORAHI,IDF,IDF,ASS
4522426000,FGLTD02929,DIV475814,EDD SEORAHI,IDF ,IDF,ASS
4523595092,PUFGL00868,DIV475611,EDD II ANANDNAGAR,RDF ,OK,MU
4524487577,PUFGL00848,DIV475814,EDD SEORAHI,RDF ,RDF,ASS
4528046000,PUFGL00704,DIV475811,EDD PADRAUNA,IDF ,IDF,ASS
4529246000,PUFGL00481,DIV475932,EDD DEORIA,RDF ,OK,MU
4529508309,FGLTD03283,DIV475813,"EDD KASYA, KUSHINAGAR",RDF ,OK,MU
4530297000,FGLTD01189,DIV475813,"EDD KASYA, KUSHINAGAR",RDF ,OK,MU
4531057000,FGLTD02943,DIV475812,EDD HATA,RDF ,RDF,ASS
4531707000,PUFGL00592,DIV475934,EDD SALEMPUR,RDF ,RDF,ASS
4533056000,PUFGL01044,DIV475613,EDD NAUTANWA,RDF ,RDF,ASS
4533354000,PUFGL00709,DIV475811,EDD PADRAUNA,IDF,IDF,ASS
4533955000,PUFGL01017,DIV475612,EDD I MAHARAJGANJ,IDF ,IDF,ASS
4535056357,FGLTD02219,DIV435731,"EDD GULHARIYA BAZAR,GORAKHPUR",RDF ,P,PROV
4535214443,PUFGL00830,DIV475813,"EDD KASYA, KUSHINAGAR",RDF ,OK,MU
4536557000,PUFGL00859,DIV475611,EDD II ANANDNAGAR,RDF ,RDF,ASS
4541146000,PUFGL00721,DIV475811,EDD PADRAUNA,IDF ,IDF,ASS
4541236000,PUFGL00547,DIV475934,EDD SALEMPUR,RDF ,P,PROV
4541847000,FGLTD02083,DIV475812,EDD HATA,IDF ,IDF,ASS
4543872156,PUFGL00869,DIV475611,EDD II ANANDNAGAR,RDF ,RDF,ASS
4544474226,PUFGL00901,DIV475611,EDD II ANANDNAGAR,RDF ,RDF,ASS
4545787110,PUFGL00295,DIV435723,EDD SHIKARIGANJ,RDF ,OK,MU
4546656000,FGLTD02981,DIV435733,EDD CAMPIEARGANJ,RDF ,RDF,ASS
4547644112,PUFGL00849,DIV475814,EDD SEORAHI,RDF ,RDF,ASS
4549686000,FGLTD03226,DIV475813,"EDD KASYA, KUSHINAGAR",RDF ,RDF,ASS
4550477000,PUFGL00228,DIV435733,EDD CAMPIEARGANJ,RDF ,OK,MU
4551463000,FGLTD02238,DIV475932,EDD DEORIA,RDF ,RDF,ASS
4551717000,FGLTD02918,DIV435733,EDD CAMPIEARGANJ,RDF,P,PROV
4553563000,PUFGL00498,DIV475932,EDD DEORIA,RDF ,RDF,ASS
4554397000,FGLTD03203,DIV475813,"EDD KASYA, KUSHINAGAR",RDF ,RDF,ASS
4554846000,PUFGL00251,DIV435733,EDD CAMPIEARGANJ,RDF ,RDF,ASS
4556216000,PUFGL00919,DIV475612,EDD I MAHARAJGANJ,RDF ,RDF,ASS
4556465000,PUFGL01207,DIV475935,EDD GAURI BAZAR,RDF ,BR,MU
4558517000,PUFGL00716,DIV475811,EDD PADRAUNA,RDF ,OK,CEIL
4559497000,FGLTD01773,DIV475814,EDD SEORAHI,IDF,IDF,ASS
4561436000,FGLTD01968,DIV475812,EDD HATA,IDF ,IDF,ASS
4563236000,FGLTD02445,DIV475935,EDD GAURI BAZAR,RDF ,RDF,ASS
4564096209,PUFGL00121,DIV435732,EDD CHAURI CHAURA,RDF ,RDF,ASS
4564357000,PUFGL00589,DIV475934,EDD SALEMPUR,IDF ,IDF,ASS
4565385000,PUFGL00264,DIV435733,EDD CAMPIEARGANJ,RDF ,OK,MU
4565808000,PUFGL01028,DIV475613,EDD NAUTANWA,RDF ,RDF,ASS
4566175000,FGLTD01540,DIV475934,EDD SALEMPUR,RDF ,RDF,ASS
4567408000,PUFGL01047,DIV475613,EDD NAUTANWA,RDF ,OK,MU
4567928730,PUFGL00893,DIV475611,EDD II ANANDNAGAR,RDF ,RDF,ASS
4570066000,PUFGL01061,DIV475613,EDD NAUTANWA,RDF ,OK,MU
4572568306,PUFGL00674,DIV475811,EDD PADRAUNA,IDF ,IDF,ASS
4574246000,FGLTD03321,DIV475812,EDD HATA,RDF ,BR,MU
4575164185,FGLTD03033,DIV475935,EDD GAURI BAZAR,RDF ,OK,MU
4578326000,FGLTD02587,DIV475611,EDD II ANANDNAGAR,RDF,OK,MU
4579127000,FGLTD03116,DIV475814,EDD SEORAHI,IDF ,IDF,ASS
4579257000,FGLTD02460,DIV475932,EDD DEORIA,RDF ,P,PROV
4580175000,FGLTD02968,DIV475812,EDD HATA,RDF ,RDF,ASS
4580716000,FGLTD02929,DIV475814,EDD SEORAHI,IDF ,IDF,ASS
4582284984,PUFGL00837,DIV475813,"EDD KASYA, KUSHINAGAR",RDF ,OK,MU
4582327000,FGLTD01165,DIV475611,EDD II ANANDNAGAR,RDF,P,PROV
4582384736,PUFGL00894,DIV475611,EDD II ANANDNAGAR,RDF ,OK,MU
4582387000,PUFGL00597,DIV475934,EDD SALEMPUR,RDF ,RDF,ASS
4582667384,PUFGL00932,DIV475612,EDD I MAHARAJGANJ,RDF ,RDF,ASS
4582746000,FGLTD03134,DIV475811,EDD PADRAUNA,RDF ,P,PROV
4584216000,FGLTD03310,DIV475613,EDD NAUTANWA,RDF ,OK,MU
4584765000,PUFGL01213,DIV475935,EDD GAURI BAZAR,RDF ,RDF,ASS
4584953539,PUFGL00458,DIV475931,EDD BARHAJ,RDF ,OK,MU
4585576000,PUFGL00887,DIV475611,EDD II ANANDNAGAR,RDF ,OK,MU
4588576000,FGLTD03348,DIV475932,EDD DEORIA,RDF ,RDF,ASS
4588877000,FGLTD01770,DIV475814,EDD SEORAHI,IDF ,IDF,ASS
4590807000,FGLTD02460,DIV475932,EDD DEORIA,RDF ,OK,CEIL
4590847000,PUFGL00257,DIV435733,EDD CAMPIEARGANJ,IDF ,IDF,ASS
4591467000,PUFGL00763,DIV475812,EDD HATA,RDF ,RDF,ASS
4591478520,PUFGL00272,DIV435723,EDD SHIKARIGANJ,RDF ,P,PROV
4592567000,FGLTD02147,DIV475614,EDD NICHLAUL,RDF ,OK,MU
4593830202,PUFGL00729,DIV475812,EDD HATA,RDF ,P,PROV
4598437000,PUFGL01107,DIV475614,EDD NICHLAUL,RDF,RDF,ASS
4598975000,PUFGL00587,DIV475934,EDD SALEMPUR,RDF ,RDF,ASS
4599656000,FGLTD02305,DIV475814,EDD SEORAHI,IDF ,IDF,ASS
4600347723,FGLTD03220,DIV475613,EDD NAUTANWA,RDF ,RDF,ASS
4601866000,PUFGL01121,DIV475614,EDD NICHLAUL,RDF ,OK,MU
4603718000,PUFGL00609,DIV475935,EDD GAURI BAZAR,RDF ,OK,MU
4603718415,FGLTD02178,DIV475934,EDD SALEMPUR,RDF ,RDF,ASS
4606618000,PUFGL01043,DIV475613,EDD NAUTANWA,RDF ,RDF,ASS
4607397000,PUFGL00657,DIV475811,EDD PADRAUNA,RDF ,RDF,ASS
4608117000,FGLTD02793,DIV475935,EDD GAURI BAZAR,RDF ,RDF,ASS
4608272332,PUFGL01197,DIV475932,EDD DEORIA,RDF,RDF,ASS
4611657000,PUFGL01056,DIV475613,EDD NAUTANWA,IDF ,IDF,ASS
4612196000,FGLTD01594,DIV475812,EDD HATA,IDF ,IDF,ASS
4614423203,PUFGL00261,DIV435733,EDD CAMPIEARGANJ,RDF ,P,PROV
4615937000,PUFGL00886,DIV475611,EDD II ANANDNAGAR,RDF ,P,PROV
4616302383,PUFGL00631,DIV475935,EDD GAURI BAZAR,IDF,IDF,ASS
4616876000,PUFGL00761,DIV475812,EDD HATA,RDF ,OK,MU
4618575000,PUFGL00848,DIV475814,EDD SEORAHI,RDF ,P,PROV
4619334164,FGLTD02651,DIV475613,EDD NAUTANWA,RDF ,OK,MU
4619546000,PUFGL01063,DIV475613,EDD NAUTANWA,RDF ,OK,MU
4623319738,PUFGL01151,DIV475614,EDD NICHLAUL,RDF ,RDF,ASS
4625565000,FGLTD02408,DIV475935,EDD GAURI BAZAR,RDF ,RDF,ASS
4625837000,PUFGL00997,DIV475612,EDD I MAHARAJGANJ,RDF,OK,MU
4627367000,FGLTD01592,DIV475812,EDD HATA,IDF ,IDF,ASS
4627717753,PUFGL00258,DIV435733,EDD CAMPIEARGANJ,RDF ,RDF,ASS
4631027000,PUFGL00421,DIV435722,"EDD SAHJANWA,GORAKHPUR",RDF,RDF,ASS
4631216153,PUFGL00474,DIV475932,EDD DEORIA,RDF ,RDF,ASS
4632201126,FGLTD01612,DIV475811,EDD PADRAUNA,IDF ,IDF,ASS
4632589036,PUFGL00462,DIV475931,EDD BARHAJ,RDF ,RDF,ASS
4633185000,FGLTD03202,DIV475813,"EDD KASYA, KUSHINAGAR",IDF ,IDF,ASS
4633380095,FGLTD01579,DIV475611,EDD II ANANDNAGAR,RDF ,OK,MU
4633454000,PUFGL00705,DIV475811,EDD PADRAUNA,IDF ,IDF,ASS
4634902000,FGLTD02324,DIV435711,"EUDD TOWNHALL,GORAKHPUR",RDF ,OK,MU
4634917000,PUFGL00408,DIV435722,"EDD SAHJANWA,GORAKHPUR",IDF ,IDF,ASS
4635017000,FGLTD03283,DIV475813,"EDD KASYA, KUSHINAGAR",RDF ,RDF,ASS
4637637000,FGLTD01795,DIV475931,EDD BARHAJ,RDF ,RDF,ASS
4637708000,PUFGL00844,DIV475814,EDD SEORAHI,IDF ,IDF,ASS
4639226000,PUFGL00676,DIV475811,EDD PADRAUNA,IDF ,IDF,ASS
4640047657,PUFGL00758,DIV475812,EDD HATA,RDF ,P,PROV
4640285000,FGLTD02667,DIV475813,"EDD KASYA, KUSHINAGAR",IDF ,IDF,ASS
4641916616,PUFGL00830,DIV475813,"EDD KASYA, KUSHINAGAR",RDF ,OK,MU
4642550283,FGLTD02474,DIV475814,EDD SEORAHI,IDF ,IDF,ASS
4643367000,FGLTD01660,DIV475814,EDD SEORAHI,IDF ,IDF,ASS
4643942900,FGLTD03289,DIV475814,EDD SEORAHI,IDF ,IDF,ASS
4643957958,PUFGL00250,DIV435733,EDD CAMPIEARGANJ,RDF ,P,PROV
4644765000,PUFGL00250,DIV435733,EDD CAMPIEARGANJ,RDF,P,PROV
4645647000,FGLTD02305,DIV475814,EDD SEORAHI,IDF ,IDF,ASS
4647156000,PUFGL00547,DIV475934,EDD SALEMPUR,RDF ,OK,MU
4647855000,PUFGL00519,DIV475934,EDD SALEMPUR,RDF ,OK,MU
4649207000,PUFGL01206,DIV475935,EDD GAURI BAZAR,RDF ,RDF,ASS
4649596000,PUFGL00481,DIV475932,EDD DEORIA,RDF ,IDF,ASS
4649975978,FGLTD02197,DIV435731,"EDD GULHARIYA BAZAR,GORAKHPUR",RDF ,P,PROV
4650169457,FGLTD02755,DIV475811,EDD PADRAUNA,RDF ,RDF,ASS
4650794058,FGLTD02305,DIV475814,EDD SEORAHI,IDF ,IDF,ASS
4651636000,PUFGL00777,DIV475812,EDD HATA,RDF ,P,PROV
4651647000,FGLTD03294,DIV475814,EDD SEORAHI,IDF ,IDF,ASS
4652383469,FGLTD01276,DIV475614,EDD NICHLAUL,RDF ,P,PROV
4652967000,PUFGL00497,DIV475932,EDD DEORIA,RDF ,RDF,ASS
4656086000,PUFGL00340,DIV435721,EDD KAURIRAM,RDF ,P,PROV
4657518000,FGLTD02313,DIV435732,EDD CHAURI CHAURA,RDF ,OK,MU
4657697000,FGLTD01355,DIV435733,EDD CAMPIEARGANJ,RDF ,P,PROV
4658116000,PUFGL00899,DIV475611,EDD II ANANDNAGAR,RDF ,OK,MU
4658426000,FGLTD01671,DIV475814,EDD SEORAHI,IDF ,IDF,ASS
4658887000,FGLTD02952,DIV475811,EDD PADRAUNA,IDF ,IDF,ASS
4659375000,FGLTD03122,DIV475813,"EDD KASYA, KUSHINAGAR",RDF ,RDF,ASS
4661052789,FGLTD03214,DIV475612,EDD I MAHARAJGANJ,RDF ,P,PROV
4661585000,FGLTD02738,DIV435733,EDD CAMPIEARGANJ,IDF,IDF,ASS
4663276000,FGLTD02197,DIV435731,"EDD GULHARIYA BAZAR,GORAKHPUR",RDF ,RDF,ASS
4664397000,FGLTD02667,DIV475813,"EDD KASYA, KUSHINAGAR",RDF,RDF,ASS
4664730251,PUFGL01197,DIV475932,EDD DEORIA,RDF ,RDF,ASS
4667075000,FGLTD02139,DIV475613,EDD NAUTANWA,RDF ,RDF,ASS
4668547000,PUFGL00376,DIV435722,"EDD SAHJANWA,GORAKHPUR",RDF ,P,PROV
4668696000,FGLTD02587,DIV475611,EDD II ANANDNAGAR,RDF,RDF,ASS
4671185000,PUFGL00674,DIV475811,EDD PADRAUNA,IDF ,IDF,ASS
4671585000,PUFGL00246,DIV435733,EDD CAMPIEARGANJ,RDF ,OK,MU
4673192974,PUFGL00716,DIV475811,EDD PADRAUNA,RDF ,OK,MU
4673787000,PUFGL00704,DIV475811,EDD PADRAUNA,RDF ,RDF,ASS
4676502360,FGLTD02651,DIV475613,EDD NAUTANWA,RDF ,RDF,ASS
4677346000,FGLTD03187,DIV475614,EDD NICHLAUL,RDF ,RDF,ASS
4678737000,PUFGL00824,DIV475813,"EDD KASYA, KUSHINAGAR",RDF ,P,PROV
4681055493,FGLTD02929,DIV475814,EDD SEORAHI,IDF,IDF,ASS
4681287000,PUFGL00606,DIV475934,EDD SALEMPUR,RDF,RDF,ASS
4685457448,FGLTD02738,DIV435733,EDD CAMPIEARGANJ,IDF,IDF,ASS
4685586000,PUFGL00103,DIV435732,EDD CHAURI CHAURA,RDF ,OK,MU
4685685000,PUFGL01144,DIV475614,EDD NICHLAUL,RDF ,P,PROV
4685920785,FGLTD02540,DIV435731,"EDD GULHARIYA BAZAR,GORAKHPUR",RDF,RDF,ASS
4686303260,FGLTD01630,DIV475812,EDD HATA,RDF ,P,PROV
4686686000,PUFGL00428,DIV435722,"EDD SAHJANWA,GORAKHPUR",RDF ,RDF,ASS
4688461182,FGLTD02540,DIV435731,"EDD GULHARIYA BAZAR,GORAKHPUR",RDF ,RDF,ASS
4689196000,FGLTD01549,DIV475932,EDD DEORIA,IDF ,IDF,ASS
4689877000,FGLTD03214,DIV475612,EDD I MAHARAJGANJ,IDF,IDF,ASS
4691585000,PUFGL00319,DIV435721,EDD KAURIRAM,RDF ,BR,MU
4692766000,FGLTD01557,DIV475932,EDD DEORIA,RDF ,P,PROV
4699477000,PUFGL01017,DIV475612,EDD I MAHARAJGANJ,RDF ,P,PROV
4699760229,FGLTD02676,DIV475611,EDD II ANANDNAGAR,RDF ,OK,MU
4701565000,FGLTD03229,DIV475813,"EDD KASYA, KUSHINAGAR",RDF ,RDF,ASS
4702597000,FGLTD01661,DIV475814,EDD SEORAHI,IDF ,IDF,ASS
4702986000,FGLTD01188,DIV475813,"EDD KASYA, KUSHINAGAR",RDF ,RDF,ASS
4703017000,PUFGL00117,DIV435732,EDD CHAURI CHAURA,RDF ,OK,MU
4704771892,PUFGL00980,DIV475612,EDD I MAHARAJGANJ,IDF ,IDF,ASS
4704856000,FGLTD02299,DIV475812,EDD HATA,RDF ,OK,MU
4705019116,PUFGL00891,DIV475611,EDD II ANANDNAGAR,RDF ,OK,MU
4705456000,FGLTD03263,DIV475935,EDD GAURI BAZAR,IDF,IDF,ASS
4706608000,PUFGL00570,DIV475934,EDD SALEMPUR,RDF ,RDF,ASS
4708208000,FGLTD02978,DIV435733,EDD CAMPIEARGANJ,RDF ,RDF,ASS
4708687000,FGLTD02308,DIV475814,EDD SEORAHI,IDF,IDF,ASS
4711467000,FGLTD02718,DIV475613,EDD NAUTANWA,RDF,RDF,ASS
4713791376,FGLTD03118,DIV475814,EDD SEORAHI,IDF,IDF,ASS
4714537000,PUFGL00168,DIV435731,"EDD GULHARIYA BAZAR,GORAKHPUR",RDF ,OK,MU
4715057521,PUFGL00364,DIV435722,"EDD SAHJANWA,GORAKHPUR",RDF ,OK,MU
4717865000,PUFGL00894,DIV475611,EDD II ANANDNAGAR,RDF ,OK,MU
4718183547,FGLTD01244,DIV435722,"EDD SAHJANWA,GORAKHPUR",RDF ,OK,MU
4719077000,FGLTD03393,DIV475814,EDD SEORAHI,IDF ,IDF,ASS
4720217000,FGLTD01189,DIV475813,"EDD KASYA, KUSHINAGAR",RDF ,OK,CEIL
4720675000,FGLTD01661,DIV475814,EDD SEORAHI,IDF ,IDF,ASS
4721017281,PUFGL00764,DIV475812,EDD HATA,IDF ,IDF,ASS
4721207000,PUFGL00843,DIV475814,EDD SEORAHI,IDF,IDF,ASS
4721277000,FGLTD02738,DIV435733,EDD CAMPIEARGANJ,IDF ,IDF,ASS
4721917976,FGLTD02577,DIV435713,"EUDD MOHADDIPUR,GORAKHPUR",RDF ,OK,MU
4722267000,PUFGL00230,DIV435733,EDD CAMPIEARGANJ,RDF ,OK,MU
4722457000,FGLTD02308,DIV475814,EDD SEORAHI,IDF,IDF,ASS
4723108000,FGLTD02755,DIV475811,EDD PADRAUNA,IDF,IDF,ASS
4724642595,FGLTD02238,DIV475932,EDD DEORIA,RDF ,RDF,ASS
4725276347,PUFGL01060,DIV475613,EDD NAUTANWA,RDF ,RDF,ASS
4725556000,PUFGL00246,DIV435733,EDD CAMPIEARGANJ,RDF ,P,PROV
4726277000,FGLTD03004,DIV475812,EDD HATA,IDF ,IDF,ASS
4726756000,FGLTD03294,DIV475814,EDD SEORAHI,IDF ,IDF,ASS
4727008000,PUFGL00784,DIV475812,EDD HATA,RDF ,OK,MU
4727077000,FGLTD02471,DIV475814,EDD SEORAHI,IDF ,IDF,ASS
4729650800,FGLTD02540,DIV435731,"EDD GULHARIYA BAZAR,GORAKHPUR",RDF ,OK,MU
4730496000,FGLTD03204,DIV475813,"EDD KASYA, KUSHINAGAR",RDF ,RDF,ASS
4734575000,FGLTD02308,DIV475814,EDD SEORAHI,IDF ,IDF,ASS
4735208000,FGLTD02197,DIV435731,"EDD GULHARIYA BAZAR,GORAKHPUR",RDF ,RDF,ASS
4735637762,FGLTD01258,DIV475932,EDD DEORIA,RDF ,OK,MU
4735936000,PUFGL00587,DIV475934,EDD SALEMPUR,RDF,RDF,ASS
4737608000,FGLTD01592,DIV475812,EDD HATA,IDF ,IDF,ASS
4737736860,PUFGL01038,DIV475613,EDD NAUTANWA,RDF ,RDF,CEIL
4739956000,PUFGL00526,DIV475934,EDD SALEMPUR,RDF ,RDF,ASS
4740277000,FGLTD02483,DIV475812,EDD HATA,IDF ,IDF,ASS
4740436538,FGLTD01584,DIV475613,EDD NAUTANWA,RDF ,OK,MU
4741175000,PUFGL00739,DIV475812,EDD HATA,RDF ,P,PROV
4743187000,PUFGL00876,DIV475611,EDD II ANANDNAGAR,RDF,RDF,ASS
4744350856,FGLTD01592,DIV475812,EDD HATA,IDF ,IDF,ASS
4744696000,FGLTD03165,DIV435731,"EDD GULHARIYA BAZAR,GORAKHPUR",RDF ,OK,MU
4745837524,PUFGL00622,DIV475935,EDD GAURI BAZAR,RDF,BR,MU
4746087013,PUFGL00639,DIV475935,EDD GAURI BAZAR,RDF ,RDF,ASS
4746187000,PUFGL00507,DIV475932,EDD DEORIA,RDF,RDF,ASS
4748086000,PUFGL00844,DIV475814,EDD SEORAHI,IDF,IDF,ASS
4748107000,PUFGL01123,DIV475614,EDD NICHLAUL,RDF ,RDF,ASS
4749382229,PUFGL01017,DIV475612,EDD I MAHARAJGANJ,RDF ,P,PROV
4750936000,PUFGL00487,DIV475932,EDD DEORIA,RDF ,OK,MU
4752227000,FGLTD03294,DIV475814,EDD SEORAHI,IDF ,IDF,ASS
4753159029,PUFGL00562,DIV475934,EDD SALEMPUR,RDF ,RDF,ASS
4753456000,PUFGL00717,DIV475811,EDD PADRAUNA,IDF ,IDF,ASS
4753485000,FGLTD01661,DIV475814,EDD SEORAHI,IDF,IDF,ASS
4754376000,PUFGL00844,DIV475814,EDD SEORAHI,IDF ,IDF,ASS
4758000409,PUFGL00894,DIV475611,EDD II ANANDNAGAR,RDF ,OK,MU
4758796000,FGLTD02474,DIV475814,EDD SEORAHI,IDF ,IDF,ASS
4760070202,FGLTD02305,DIV475814,EDD SEORAHI,IDF ,IDF,ASS
4761785000,PUFGL00592,DIV475934,EDD SALEMPUR,RDF ,RDF,ASS
4762188100,PUFGL00873,DIV475611,EDD II ANANDNAGAR,RDF ,RDF,ASS
4762547000,PUFGL00159,DIV435731,"EDD GULHARIYA BAZAR,GORAKHPUR",RDF ,RDF,ASS
4763167000,PUFGL00695,DIV475811,EDD PADRAUNA,IDF ,IDF,ASS
4763236000,PUFGL00849,DIV475814,EDD SEORAHI,IDF,IDF,ASS
4770939956,FGLTD02460,DIV475932,EDD DEORIA,RDF ,P,PROV
4772927869,PUFGL00731,DIV475812,EDD HATA,IDF ,IDF,ASS
4773507000,PUFGL00585,DIV475934,EDD SALEMPUR,RDF ,RDF,ASS
4773575390,PUFGL00802,DIV475813,"EDD KASYA, KUSHINAGAR",IDF ,IDF,ASS
4775060452,FGLTD02570,DIV435732,EDD CHAURI CHAURA,RDF ,RDF,ASS
4775151046,FGLTD03393,DIV475814,EDD SEORAHI,IDF ,IDF,ASS
4776957000,PUFGL00203,DIV435731,"EDD GULHARIYA BAZAR,GORAKHPUR",RDF ,RDF,ASS
4778440523,FGLTD02017,DIV435722,"EDD SAHJANWA,GORAKHPUR",RDF ,RDF,ASS
4779136000,PUFGL00562,DIV475934,EDD SALEMPUR,RDF ,RDF,ASS
4779208000,FGLTD03125,DIV475813,"EDD KASYA, KUSHINAGAR",IDF ,IDF,ASS
4780765000,FGLTD02982,DIV435733,EDD CAMPIEARGANJ,RDF ,P,PROV
4781616000,PUFGL00929,DIV475612,EDD I MAHARAJGANJ,RDF ,BR,MU
4782230075,FGLTD01579,DIV475611,EDD II ANANDNAGAR,RDF ,OK,MU
4784608000,PUFGL00259,DIV435733,EDD CAMPIEARGANJ,RDF ,P,PROV
4785587000,PUFGL00487,DIV475932,EDD DEORIA,RDF ,OK,MU
4785707000,PUFGL00258,DIV435733,EDD CAMPIEARGANJ,RDF ,OK,MU
4787916000,PUFGL00122,DIV435732,EDD CHAURI CHAURA,RDF ,OK,MU
4788082041,FGLTD01882,DIV435721,EDD KAURIRAM,RDF ,OK,MU
4789485000,PUFGL00886,DIV475611,EDD II ANANDNAGAR,RDF ,P,PROV
4791096000,FGLTD02308,DIV475814,EDD SEORAHI,IDF ,IDF,ASS
4792337000,PUFGL00548,DIV475934,EDD SALEMPUR,RDF ,RDF,ASS
4793263755,FGLTD01584,DIV475613,EDD NAUTANWA,RDF ,OK,MU
4793805470,PUFGL01130,DIV475614,EDD NICHLAUL,RDF ,OK,MU
4793897000,FGLTD03001,DIV475613,EDD NAUTANWA,RDF ,BR,MU
4795986000,PUFGL00987,DIV475612,EDD I MAHARAJGANJ,RDF ,RDF,ASS
4799186000,PUFGL00844,DIV475814,EDD SEORAHI,IDF ,IDF,ASS
4799254142,FGLTD03116,DIV475814,EDD SEORAHI,IDF,IDF,ASS
4800986000,PUFGL00579,DIV475934,EDD SALEMPUR,RDF ,RDF,ASS
4801386000,PUFGL00257,DIV435733,EDD CAMPIEARGANJ,IDF ,IDF,ASS
4801665000,PUFGL00252,DIV435733,EDD CAMPIEARGANJ,RDF ,RDF,ASS
4802215599,PUFGL00838,DIV475813,"EDD KASYA, KUSHINAGAR",RDF ,OK,MU
4802367000,PUFGL00848,DIV475814,EDD SEORAHI,RDF ,RDF,ASS
4803166000,FGLTD02717,DIV475613,EDD NAUTANWA,RDF ,RDF,ASS
4803590954,PUFGL00682,DIV475811,EDD PADRAUNA,RDF ,BR,MU
4805437000,FGLTD02718,DIV475613,EDD NAUTANWA,RDF,RDF,ASS
4806627000,PUFGL00814,DIV475813,"EDD KASYA, KUSHINAGAR",RDF ,RDF,ASS
4809186000,PUFGL00711,DIV475811,EDD PADRAUNA,RDF,RDF,ASS
4809887000,PUFGL00782,DIV475812,EDD HATA,IDF ,IDF,ASS
4810280112,PUFGL00932,DIV475612,EDD I MAHARAJGANJ,RDF ,RDF,ASS
4811546000,PUFGL00811,DIV475813,"EDD KASYA, KUSHINAGAR",RDF ,RDF,ASS
4814127000,PUFGL00359,DIV435721,EDD KAURIRAM,RDF ,P,PROV
4814356000,FGLTD02147,DIV475614,EDD NICHLAUL,RDF ,RDF,ASS
4816416000,PUFGL00802,DIV475813,"EDD KASYA, KUSHINAGAR",RDF ,IDF,ASS
4816523040,FGLTD01968,DIV475812,EDD HATA,IDF ,IDF,ASS
4818336000,PUFGL00783,DIV475812,EDD HATA,RDF ,RDF,ASS
4818641756,FGLTD01283,DIV475935,EDD GAURI BAZAR,RDF ,OK,MU
4818666000,FGLTD01592,DIV475812,EDD HATA,IDF ,IDF,ASS
4818965000,FGLTD03191,DIV475932,EDD DEORIA,RDF ,OK,MU
4819536000,PUFGL00584,DIV475934,EDD SALEMPUR,RDF,RDF,ASS
4820065000,FGLTD02951,DIV475811,EDD PADRAUNA,IDF ,IDF,ASS
4820517000,PUFGL00760,DIV475812,EDD HATA,RDF ,OK,MU
4821585000,PUFGL00587,DIV475934,EDD SALEMPUR,IDF ,IDF,ASS
4822885694,PUFGL00871,DIV475611,EDD II ANANDNAGAR,RDF ,OK,MU
4823104459,FGLTD03125,DIV475813,"EDD KASYA, KUSHINAGAR",RDF ,OK,CEIL
4823547000,PUFGL00587,DIV475934,EDD SALEMPUR,RDF ,RDF,ASS
4823685000,PUFGL00506,DIV475932,EDD DEORIA,RDF ,OK,MU
4824046000,PUFGL00257,DIV435733,EDD CAMPIEARGANJ,IDF,IDF,ASS
4829857000,PUFGL01024,DIV475612,EDD I MAHARAJGANJ,RDF,P,PROV
4830575000,PUFGL00592,DIV475934,EDD SALEMPUR,RDF ,RDF,ASS
4831686000,PUFGL00831,DIV475813,"EDD KASYA, KUSHINAGAR",RDF ,RDF,ASS
4832426000,FGLTD01773,DIV475814,EDD SEORAHI,IDF ,IDF,ASS
4832465000,PUFGL00802,DIV475813,"EDD KASYA, KUSHINAGAR",RDF ,RDF,ASS
4836165000,PUFGL00513,DIV475932,EDD DEORIA,RDF ,OK,MU
4836526000,PUFGL00754,DIV475812,EDD HATA,RDF ,RDF,ASS
4837008000,PUFGL00746,DIV475812,EDD HATA,IDF ,IDF,ASS
4839702388,FGLTD03001,DIV475613,EDD NAUTANWA,RDF ,RDF,ASS
4840993895,FGLTD01661,DIV475814,EDD SEORAHI,IDF ,IDF,ASS
4841518000,FGLTD01592,DIV475812,EDD HATA,IDF ,IDF,ASS
4841737000,PUFGL00203,DIV435731,"EDD GULHARIYA BAZAR,GORAKHPUR",RDF ,OK,CEIL
4842006000,PUFGL00676,DIV475811,EDD PADRAUNA,IDF ,IDF,ASS
4845087000,PUFGL00735,DIV475812,EDD HATA,RDF ,RDF,ASS
4846434309,FGLTD01513,DIV475935,EDD GAURI BAZAR,RDF ,OK,MU
4848526000,PUFGL00745,DIV475812,EDD HATA,IDF ,IDF,ASS
4848575000,FGLTD02305,DIV475814,EDD SEORAHI,IDF ,IDF,ASS
4850056000,PUFGL00865,DIV475611,EDD II ANANDNAGAR,RDF ,OK,MU
4850465000,PUFGL01095,DIV475614,EDD NICHLAUL,RDF ,P,PROV
4850857000,PUFGL00110,DIV435732,EDD CHAURI CHAURA,RDF ,OK,MU
4851503001,FGLTD01815,DIV435711,"EUDD TOWNHALL,GORAKHPUR",RDF ,OK,MU
4852217000,FGLTD02662,DIV475813,"EDD KASYA, KUSHINAGAR",RDF ,P,PROV
4852752073,PUFGL00562,DIV475934,EDD SALEMPUR,RDF ,RDF,ASS
4853647000,FGLTD02239,DIV475935,EDD GAURI BAZAR,RDF ,RDF,ASS
4857765000,FGLTD02474,DIV475814,EDD SEORAHI,IDF ,IDF,ASS
4860943427,PUFGL00830,DIV475813,"EDD KASYA, KUSHINAGAR",RDF ,OK,MU
4861227000,FGLTD01661,DIV475814,EDD SEORAHI,IDF ,IDF,ASS
4863876000,PUFGL00159,DIV435731,"EDD GULHARIYA BAZAR,GORAKHPUR",RDF ,OK,MU
4864707000,PUFGL00252,DIV435733,EDD CAMPIEARGANJ,IDF ,IDF,ASS
4869065000,PUFGL01042,DIV475613,EDD NAUTANWA,RDF ,RDF,ASS
4869408000,PUFGL01051,DIV475613,EDD NAUTANWA,RDF ,RDF,ASS
4869485000,PUFGL00572,DIV475934,EDD SALEMPUR,RDF ,RDF,ASS
4871956000,PUFGL01017,DIV475612,EDD I MAHARAJGANJ,RDF ,RDF,ASS
4871977000,PUFGL00849,DIV475814,EDD SEORAHI,RDF ,OK,MU
4872287000,PUFGL00121,DIV435732,EDD CHAURI CHAURA,RDF ,BR,MU
4872735621,FGLTD01579,DIV475611,EDD II ANANDNAGAR,RDF ,OK,MU
4874120301,FGLTD02471,DIV475814,EDD SEORAHI,IDF ,IDF,ASS
4875487000,FGLTD03120,DIV475813,"EDD KASYA, KUSHINAGAR",RDF ,RDF,ASS
4877097000,FGLTD02612,DIV475812,EDD HATA,RDF ,RDF,ASS
4879497000,FGLTD03289,DIV475814,EDD SEORAHI,IDF ,IDF,ASS
4879722827,PUFGL00596,DIV475934,EDD SALEMPUR,IDF ,IDF,ASS
4880496000,FGLTD02606,DIV475814,EDD SEORAHI,IDF ,IDF,ASS
4883627000,PUFGL01042,DIV475613,EDD NAUTANWA,RDF ,P,PROV
4884775000,FGLTD02850,DIV475811,EDD PADRAUNA,RDF ,RDF,ASS
4886746000,FGLTD01808,DIV475934,EDD SALEMPUR,RDF ,RDF,ASS
4888596000,PUFGL00895,DIV475611,EDD II ANANDNAGAR,RDF ,OK,MU
4889246987,PUFGL00512,DIV475932,EDD DEORIA,RDF ,OK,MU
4889677000,FGLTD01571,DIV475935,EDD GAURI BAZAR,RDF ,RDF,ASS
4889855000,PUFGL00268,DIV435733,EDD CAMPIEARGANJ,RDF ,OK,MU
4890767000,PUFGL00824,DIV475813,"EDD KASYA, KUSHINAGAR",RDF ,OK,CEIL
4891007000,FGLTD01579,DIV475611,EDD II ANANDNAGAR,RDF ,BR,MU
4891487000,FGLTD01594,DIV475812,EDD HATA,IDF ,IDF,ASS
4894862048,PUFGL00496,DIV475932,EDD DEORIA,RDF ,RDF,ASS
4895170795,FGLTD01938,DIV435723,EDD SHIKARIGANJ,RDF ,RDF,ASS
4896877000,FGLTD03289,DIV475814,EDD SEORAHI,IDF ,IDF,ASS
4897847000,PUFGL00512,DIV475932,EDD DEORIA,RDF ,P,PROV
4900374110,PUFGL00704,DIV475811,EDD PADRAUNA,IDF ,IDF,ASS
4900937000,PUFGL00845,DIV475814,EDD SEORAHI,IDF ,IDF,ASS
4902757000,PUFGL00901,DIV475611,EDD II ANANDNAGAR,RDF ,RDF,ASS
4904462548,PUFGL00897,DIV475611,EDD II ANANDNAGAR,RDF ,OK,MU
4904536000,FGLTD03411,DIV475611,EDD II ANANDNAGAR,RDF ,P,PROV
4905017000,PUFGL01123,DIV475614,EDD NICHLAUL,RDF,RDF,ASS
4906576000,FGLTD03316,DIV475932,EDD DEORIA,RDF ,OK,MU
4908018000,PUFGL00862,DIV475611,EDD II ANANDNAGAR,RDF ,RDF,ASS
4908236000,FGLTD02474,DIV475814,EDD SEORAHI,IDF ,IDF,ASS
4909366624,PUFGL00453,DIV475931,EDD BARHAJ,RDF,OK,MU
4910187000,PUFGL00552,DIV475934,EDD SALEMPUR,IDF ,IDF,ASS
4910716000,FGLTD02553,DIV475612,EDD I MAHARAJGANJ,IDF ,IDF,ASS
4912436000,FGLTD02902,DIV475812,EDD HATA,IDF ,IDF,ASS
4913437688,FGLTD03120,DIV475813,"EDD KASYA, KUSHINAGAR",RDF ,RDF,ASS
4913955000,PUFGL00844,DIV475814,EDD SEORAHI,IDF ,IDF,ASS
4915256000,PUFGL00121,DIV435732,EDD CHAURI CHAURA,RDF ,OK,MU
4917596612,FGLTD03099,DIV475932,EDD DEORIA,RDF ,OK,MU
4917786000,PUFGL00868,DIV475611,EDD II ANANDNAGAR,RDF,RDF,ASS
4918307000,PUFGL00837,DIV475813,"EDD KASYA, KUSHINAGAR",RDF ,RDF,ASS
4918576000,FGLTD03157,DIV475614,EDD NICHLAUL,RDF ,OK,MU
4919447000,FGLTD01258,DIV475932,EDD DEORIA,RDF ,RDF,ASS
4919796000,FGLTD03051,DIV475811,EDD PADRAUNA,RDF ,OK,MU
4919946000,PUFGL00884,DIV475611,EDD II ANANDNAGAR,RDF ,OK,MU
4921756000,FGLTD02929,DIV475814,EDD SEORAHI,IDF ,IDF,ASS
4922955000,PUFGL00850,DIV475814,EDD SEORAHI,IDF ,IDF,ASS
4925969469,FGLTD02868,DIV435723,EDD SHIKARIGANJ,RDF ,RDF,ASS
4928107000,PUFGL00598,DIV475934,EDD SALEMPUR,IDF ,IDF,ASS
4929107000,PUFGL01112,DIV475614,EDD NICHLAUL,RDF ,RDF,ASS
4930607000,FGLTD03294,DIV475814,EDD SEORAHI,IDF ,IDF,ASS
4930787000,FGLTD01511,DIV475935,EDD GAURI BAZAR,RDF ,OK,MU
4932737000,FGLTD02189,DIV475934,EDD SALEMPUR,RDF ,RDF,ASS
4932817000,PUFGL00592,DIV475934,EDD SALEMPUR,RDF ,RDF,ASS
4933237000,FGLTD03099,DIV475932,EDD DEORIA,RDF ,RDF,ASS
4933287000,FGLTD01968,DIV475812,EDD HATA,RDF,RDF,ASS
4935173292,FGLTD01508,DIV475935,EDD GAURI BAZAR,RDF ,OK,MU
4936908000,FGLTD02667,DIV475813,"EDD KASYA, KUSHINAGAR",IDF ,IDF,ASS
4938276000,FGLTD01246,DIV435733,EDD CAMPIEARGANJ,RDF ,RDF,ASS
4938687000,PUFGL00843,DIV475814,EDD SEORAHI,IDF ,IDF,ASS
4939427000,PUFGL00427,DIV435722,"EDD SAHJANWA,GORAKHPUR",RDF ,OK,MU
4943633444,PUFGL00488,DIV475932,EDD DEORIA,RDF ,RDF,ASS
4944716000,FGLTD01536,DIV475934,EDD SALEMPUR,RDF,RDF,ASS
4949276000,PUFGL00848,DIV475814,EDD SEORAHI,RDF ,OK,MU
4949411499,PUFGL00763,DIV475812,EDD HATA,IDF,IDF,ASS
4949437000,PUFGL00290,DIV435723,EDD SHIKARIGANJ,RDF ,P,PROV
4949618000,FGLTD03204,DIV475813,"EDD KASYA, KUSHINAGAR",IDF ,IDF,ASS
4951527000,PUFGL00593,DIV475934,EDD SALEMPUR,RDF ,RDF,ASS
4953265000,PUFGL01100,DIV475614,EDD NICHLAUL,RDF ,OK,MU
4953606025,PUFGL00830,DIV475813,"EDD KASYA, KUSHINAGAR",RDF ,OK,MU
4953775000,PUFGL00732,DIV475812,EDD HATA,RDF ,OK,MU
4954085000,FGLTD02667,DIV475813,"EDD KASYA, KUSHINAGAR",RDF ,RDF,ASS
4955165000,PUFGL00357,DIV435721,EDD KAURIRAM,RDF ,P,PROV
4955277000,PUFGL00246,DIV435733,EDD CAMPIEARGANJ,RDF ,OK,MU
4955526000,PUFGL00592,DIV475934,EDD SALEMPUR,RDF ,RDF,ASS
4956076000,FGLTD02081,DIV475812,EDD HATA,RDF ,RDF,ASS
4956267000,PUFGL01218,DIV475935,EDD GAURI BAZAR,RDF ,OK,MU
4956635844,FGLTD01587,DIV475613,EDD NAUTANWA,RDF ,RDF,ASS
4957586000,PUFGL01039,DIV475613,EDD NAUTANWA,RDF ,P,PROV
4958586000,FGLTD02291,DIV475813,"EDD KASYA, KUSHINAGAR",RDF ,RDF,ASS
4958636000,FGLTD02007,DIV435732,EDD CHAURI CHAURA,RDF ,RDF,ASS
4959897000,PUFGL00776,DIV475812,EDD HATA,RDF ,RDF,ASS
4961092366,PUFGL01144,DIV475614,EDD NICHLAUL,RDF ,RDF,ASS
4962860013,PUFGL00108,DIV435732,EDD CHAURI CHAURA,RDF ,OK,MU
4963457000,PUFGL00843,DIV475814,EDD SEORAHI,IDF,IDF,ASS
4963517000,FGLTD01594,DIV475812,EDD HATA,IDF,IDF,ASS
4964712886,PUFGL00481,DIV475932,EDD DEORIA,RDF,RDF,ASS
4965766000,FGLTD01883,DIV435721,EDD KAURIRAM,RDF ,P,PROV
4968575000,PUFGL00995,DIV475612,EDD I MAHARAJGANJ,RDF ,OK,MU
4969086000,FGLTD02667,DIV475813,"EDD KASYA, KUSHINAGAR",RDF ,RDF,ASS
4972277000,FGLTD03090,DIV435733,EDD CAMPIEARGANJ,IDF ,IDF,ASS
4975129076,FGLTD02571,DIV435731,"EDD GULHARIYA BAZAR,GORAKHPUR",IDF ,IDF,ASS
4975347000,PUFGL01047,DIV475613,EDD NAUTANWA,RDF ,P,PROV
4976977000,PUFGL00633,DIV475935,EDD GAURI BAZAR,IDF ,IDF,NULL
4977476000,PUFGL00258,DIV435733,EDD CAMPIEARGANJ,IDF ,IDF,ASS
4978346919,FGLTD03294,DIV475814,EDD SEORAHI,IDF ,IDF,ASS
4978546000,PUFGL01056,DIV475613,EDD NAUTANWA,RDF,RDF,ASS
4980396000,PUFGL00873,DIV475611,EDD II ANANDNAGAR,RDF ,OK,MU
4982177000,FGLTD02197,DIV435731,"EDD GULHARIYA BAZAR,GORAKHPUR",RDF ,RDF,ASS
4982737000,PUFGL00548,DIV475934,EDD SALEMPUR,RDF ,RDF,ASS
4982808000,FGLTD01192,DIV475813,"EDD KASYA, KUSHINAGAR",RDF,OK,CEIL
4984565000,PUFGL00393,DIV435722,"EDD SAHJANWA,GORAKHPUR",RDF ,OK,MU
4984756000,PUFGL00716,DIV475811,EDD PADRAUNA,RDF ,P,PROV
4984783032,PUFGL00875,DIV475611,EDD II ANANDNAGAR,RDF ,OK,MU
4985616000,FGLTD03294,DIV475814,EDD SEORAHI,IDF ,IDF,ASS
4986116000,PUFGL00568,DIV475934,EDD SALEMPUR,RDF ,RDF,ASS
4990708000,FGLTD03004,DIV475812,EDD HATA,IDF,IDF,ASS
4991017609,PUFGL00848,DIV475814,EDD SEORAHI,RDF ,P,PROV
4992587000,FGLTD02438,DIV475611,EDD II ANANDNAGAR,RDF ,OK,MU
4992936319,PUFGL00606,DIV475934,EDD SALEMPUR,RDF ,OK,MU
4993275000,FGLTD02163,DIV435723,EDD SHIKARIGANJ,RDF,P,PROV
4994936000,FGLTD02658,DIV435731,"EDD GULHARIYA BAZAR,GORAKHPUR",RDF ,OK,MU
4994955000,PUFGL00212,DIV435731,"EDD GULHARIYA BAZAR,GORAKHPUR",RDF ,OK,MU
4996126000,FGLTD02540,DIV435731,"EDD GULHARIYA BAZAR,GORAKHPUR",RDF ,RDF,ASS
4997747000,FGLTD02979,DIV435733,EDD CAMPIEARGANJ,RDF ,OK,MU
4997895096,PUFGL00715,DIV475811,EDD PADRAUNA,IDF,IDF,ASS
4999837000,FGLTD02471,DIV475814,EDD SEORAHI,IDF ,IDF,ASS
5000440282,FGLTD03116,DIV475814,EDD SEORAHI,IDF ,IDF,ASS
5000787000,PUFGL00844,DIV475814,EDD SEORAHI,IDF,IDF,ASS
5000967493,FGLTD02737,DIV435733,EDD CAMPIEARGANJ,RDF ,P,PROV
5000997000,PUFGL00775,DIV475812,EDD HATA,RDF ,OK,MU
5004147000,PUFGL00449,DIV475931,EDD BARHAJ,RDF ,RDF,ASS
5006046000,PUFGL00848,DIV475814,EDD SEORAHI,RDF ,RDF,ASS
5006837000,PUFGL00704,DIV475811,EDD PADRAUNA,RDF ,OK,CEIL
5009896000,FGLTD02081,DIV475812,EDD HATA,IDF ,IDF,ASS
5010067000,PUFGL00711,DIV475811,EDD PADRAUNA,RDF ,RDF,ASS
5014150523,PUFGL00564,DIV475934,EDD SALEMPUR,RDF ,RDF,ASS
5014387000,PUFGL00817,DIV475813,"EDD KASYA, KUSHINAGAR",RDF ,RDF,ASS
5015457000,FGLTD01770,DIV475814,EDD SEORAHI,IDF ,IDF,ASS
5017886000,FGLTD02197,DIV435731,"EDD GULHARIYA BAZAR,GORAKHPUR",IDF ,IDF,ASS
5017986000,FGLTD03393,DIV475814,EDD SEORAHI,IDF ,IDF,ASS
5018127000,FGLTD02305,DIV475814,EDD SEORAHI,IDF ,IDF,ASS
5019976000,PUFGL00500,DIV475932,EDD DEORIA,RDF ,RDF,ASS
5022977000,FGLTD03393,DIV475814,EDD SEORAHI,IDF ,IDF,ASS
5023177000,PUFGL00919,DIV475612,EDD I MAHARAJGANJ,RDF,OK,MU
5023851410,PUFGL01125,DIV475614,EDD NICHLAUL,RDF ,RDF,ASS
5026957000,PUFGL01085,DIV475614,EDD NICHLAUL,RDF ,P,PROV
5027211108,FGLTD01191,DIV475813,"EDD KASYA, KUSHINAGAR",RDF ,OK,MU
5027877000,FGLTD01661,DIV475814,EDD SEORAHI,IDF ,IDF,ASS
5030717000,PUFGL00462,DIV475931,EDD BARHAJ,RDF ,RDF,ASS
5031027000,PUFGL00835,DIV475813,"EDD KASYA, KUSHINAGAR",RDF ,OK,MU
5036547000,FGLTD02547,DIV475611,EDD II ANANDNAGAR,RDF ,P,PROV
5039494172,PUFGL00117,DIV435732,EDD CHAURI CHAURA,RDF ,OK,MU
5041526000,FGLTD02305,DIV475814,EDD SEORAHI,IDF ,IDF,ASS
5043877000,FGLTD02547,DIV475611,EDD II ANANDNAGAR,RDF ,OK,MU
5046618085,PUFGL01114,DIV475614,EDD NICHLAUL,RDF ,RDF,ASS
5050485000,PUFGL00687,DIV475811,EDD PADRAUNA,IDF ,IDF,ASS
5053150346,PUFGL00713,DIV475811,EDD PADRAUNA,RDF ,RDF,ASS
5053167000,PUFGL00676,DIV475811,EDD PADRAUNA,RDF ,BR,MU
5054604924,FGLTD01660,DIV475814,EDD SEORAHI,IDF ,IDF,ASS
5055286154,PUFGL00606,DIV475934,EDD SALEMPUR,RDF ,OK,MU
5057318000,PUFGL00893,DIV475611,EDD II ANANDNAGAR,RDF ,OK,MU
5058876000,PUFGL00779,DIV475812,EDD HATA,IDF ,IDF,ASS
5061097000,PUFGL00572,DIV475934,EDD SALEMPUR,RDF ,RDF,ASS
5062342837,PUFGL00877,DIV475611,EDD II ANANDNAGAR,RDF ,RDF,ASS
5065298846,PUFGL00916,DIV475612,EDD I MAHARAJGANJ,RDF ,OK,MU
5066036816,FGLTD02389,DIV475814,EDD SEORAHI,IDF ,IDF,ASS
5066336000,PUFGL00566,DIV475934,EDD SALEMPUR,RDF ,RDF,ASS
5066808000,FGLTD01625,DIV475812,EDD HATA,IDF ,RDF,ASS
5068518000,FGLTD01661,DIV475814,EDD SEORAHI,IDF ,IDF,ASS
5070796000,PUFGL00344,DIV435721,EDD KAURIRAM,RDF ,RDF,ASS
5071317309,PUFGL00790,DIV475812,EDD HATA,RDF ,RDF,ASS
5072193042,PUFGL00806,DIV475813,"EDD KASYA, KUSHINAGAR",RDF ,OK,MU
5072197000,PUFGL01087,DIV475614,EDD NICHLAUL,RDF ,OK,MU
5072855000,PUFGL00184,DIV435731,"EDD GULHARIYA BAZAR,GORAKHPUR",IDF,IDF,ASS
5073647000,FGLTD03118,DIV475814,EDD SEORAHI,IDF ,IDF,ASS
5076289452,PUFGL01031,DIV475613,EDD NAUTANWA,RDF ,OK,MU
5076365000,PUFGL00562,DIV475934,EDD SALEMPUR,RDF ,RDF,ASS
5077687000,PUFGL00246,DIV435733,EDD CAMPIEARGANJ,RDF,OK,MU
5079269435,PUFGL00764,DIV475812,EDD HATA,IDF ,IDF,ASS
5079675000,PUFGL00560,DIV475934,EDD SALEMPUR,IDF ,IDF,ASS
5079767000,PUFGL01051,DIV475613,EDD NAUTANWA,RDF ,RDF,ASS
5080356000,FGLTD02421,DIV475613,EDD NAUTANWA,RDF,P,PROV
5080756000,FGLTD03289,DIV475814,EDD SEORAHI,IDF ,IDF,ASS
5082875000,PUFGL00513,DIV475932,EDD DEORIA,RDF ,P,PROV
5083507000,FGLTD03120,DIV475813,"EDD KASYA, KUSHINAGAR",RDF ,RDF,ASS
5084255403,PUFGL00593,DIV475934,EDD SALEMPUR,RDF ,OK,MU
5084485000,FGLTD01661,DIV475814,EDD SEORAHI,IDF ,IDF,ASS
5085456000,PUFGL01189,DIV475935,EDD GAURI BAZAR,RDF ,OK,MU
5086887000,PUFGL00250,DIV435733,EDD CAMPIEARGANJ,RDF,P,PROV
5087075000,PUFGL00140,DIV435732,EDD CHAURI CHAURA,RDF ,P,PROV
5087439358,FGLTD01876,DIV435714,"EUDD RAPTINAGAR,GORAKHPUR",RDF ,OK,MU
5088067000,FGLTD03411,DIV475611,EDD II ANANDNAGAR,RDF,RDF,ASS
5088527000,FGLTD01968,DIV475812,EDD HATA,RDF ,RDF,ASS
5089386000,PUFGL00474,DIV475932,EDD DEORIA,RDF ,RDF,ASS
5091454000,PUFGL00715,DIV475811,EDD PADRAUNA,IDF ,IDF,ASS
5092485000,PUFGL00723,DIV475811,EDD PADRAUNA,IDF ,IDF,ASS
5092585000,PUFGL00744,DIV475812,EDD HATA,RDF ,RDF,ASS
5093126000,FGLTD02667,DIV475813,"EDD KASYA, KUSHINAGAR",RDF ,RDF,ASS
5093717000,PUFGL00555,DIV475934,EDD SALEMPUR,RDF ,OK,MU
5093936000,FGLTD03337,DIV475811,EDD PADRAUNA,RDF ,OK,MU
5094517000,PUFGL00268,DIV435733,EDD CAMPIEARGANJ,RDF ,OK,MU
5096976000,PUFGL00474,DIV475932,EDD DEORIA,RDF ,RDF,ASS
5097336000,PUFGL00606,DIV475934,EDD SALEMPUR,RDF ,RDF,ASS
5099963100,PUFGL00715,DIV475811,EDD PADRAUNA,IDF,IDF,ASS
5102276000,PUFGL00562,DIV475934,EDD SALEMPUR,RDF,RDF,ASS
5102460007,FGLTD02238,DIV475932,EDD DEORIA,RDF ,RDF,ASS
5103808000,PUFGL00826,DIV475813,"EDD KASYA, KUSHINAGAR",RDF ,RDF,ASS
5105427000,PUFGL00887,DIV475611,EDD II ANANDNAGAR,RDF ,BR,MU
5106686000,FGLTD03358,DIV475935,EDD GAURI BAZAR,RDF ,BR,MU
5108440843,FGLTD03073,DIV435732,EDD CHAURI CHAURA,RDF ,P,PROV
5108646000,FGLTD02695,DIV475811,EDD PADRAUNA,IDF ,IDF,ASS
5110597000,PUFGL00843,DIV475814,EDD SEORAHI,IDF ,IDF,ASS
5112227593,FGLTD01532,DIV475935,EDD GAURI BAZAR,IDF ,IDF,ASS
5113523936,PUFGL00586,DIV475934,EDD SALEMPUR,RDF ,RDF,ASS
5114457000,FGLTD01660,DIV475814,EDD SEORAHI,IDF ,IDF,ASS
5114534238,FGLTD02540,DIV435731,"EDD GULHARIYA BAZAR,GORAKHPUR",RDF ,RDF,ASS
5114565000,PUFGL00618,DIV475935,EDD GAURI BAZAR,RDF ,RDF,ASS
5116987000,PUFGL00512,DIV475932,EDD DEORIA,RDF ,P,PROV
5118117000,FGLTD03165,DIV435731,"EDD GULHARIYA BAZAR,GORAKHPUR",RDF ,OK,MU
5118892948,PUFGL00732,DIV475812,EDD HATA,RDF,P,PROV
5119070472,PUFGL01047,DIV475613,EDD NAUTANWA,RDF ,OK,MU
5119216000,FGLTD01183,DIV475813,"EDD KASYA, KUSHINAGAR",IDF ,IDF,ASS
5119517000,PUFGL00521,DIV475934,EDD SALEMPUR,RDF ,RDF,ASS
5119607000,PUFGL00894,DIV475611,EDD II ANANDNAGAR,RDF ,OK,MU
5121166000,PUFGL01151,DIV475614,EDD NICHLAUL,RDF ,RDF,ASS
5122046000,FGLTD01808,DIV475934,EDD SALEMPUR,RDF ,P,PROV
5122087000,PUFGL00548,DIV475934,EDD SALEMPUR,RDF ,RDF,ASS
5123576000,PUFGL00487,DIV475932,EDD DEORIA,RDF ,OK,CEIL
5123644947,FGLTD02808,DIV475934,EDD SALEMPUR,RDF ,RDF,ASS
5123810217,PUFGL00616,DIV475935,EDD GAURI BAZAR,RDF ,OK,MU
5124656000,PUFGL00837,DIV475813,"EDD KASYA, KUSHINAGAR",RDF ,OK,MU
5125517000,FGLTD02718,DIV475613,EDD NAUTANWA,RDF ,OK,MU
5126607000,PUFGL00543,DIV475934,EDD SALEMPUR,RDF ,RDF,ASS
5128336000,PUFGL00606,DIV475934,EDD SALEMPUR,RDF ,OK,MU
5128797000,PUFGL00987,DIV475612,EDD I MAHARAJGANJ,RDF ,RDF,ASS
5133034144,FGLTD01395,DIV435732,EDD CHAURI CHAURA,RDF ,RDF,ASS
5136804239,PUFGL00592,DIV475934,EDD SALEMPUR,RDF ,RDF,ASS
5137037000,PUFGL00683,DIV475811,EDD PADRAUNA,IDF,IDF,ASS
5137216000,FGLTD02667,DIV475813,"EDD KASYA, KUSHINAGAR",RDF ,RDF,ASS
5137437000,FGLTD02291,DIV475813,"EDD KASYA, KUSHINAGAR",RDF ,RDF,ASS
5137508000,PUFGL01001,DIV475612,EDD I MAHARAJGANJ,RDF ,P,PROV
5137876000,FGLTD03021,DIV475935,EDD GAURI BAZAR,RDF ,OK,MU
5141166000,FGLTD02313,DIV435732,EDD CHAURI CHAURA,RDF ,P,PROV
5141816000,PUFGL00687,DIV475811,EDD PADRAUNA,IDF ,IDF,ASS
5142667836,PUFGL00350,DIV435721,EDD KAURIRAM,RDF ,OK,MU
5144108000,FGLTD02667,DIV475813,"EDD KASYA, KUSHINAGAR",RDF ,RDF,ASS
5144846000,PUFGL00844,DIV475814,EDD SEORAHI,IDF ,IDF,ASS
5145689049,FGLTD03203,DIV475813,"EDD KASYA, KUSHINAGAR",RDF ,RDF,ASS
5146118000,PUFGL00687,DIV475811,EDD PADRAUNA,IDF ,IDF,ASS
5146447000,FGLTD02662,DIV475813,"EDD KASYA, KUSHINAGAR",RDF ,P,PROV
5147717000,FGLTD03398,DIV435722,"EDD SAHJANWA,GORAKHPUR",RDF ,P,PROV
5148045331,PUFGL01118,DIV475614,EDD NICHLAUL,RDF ,OK,CEIL
5148678014,PUFGL00180,DIV435731,"EDD GULHARIYA BAZAR,GORAKHPUR",RDF ,RDF,ASS
5148687000,PUFGL00843,DIV475814,EDD SEORAHI,IDF ,IDF,ASS
5149465000,FGLTD02400,DIV475935,EDD GAURI BAZAR,RDF ,RDF,ASS
5150085000,FGLTD02717,DIV475613,EDD NAUTANWA,RDF ,P,PROV
5153816000,PUFGL00337,DIV435721,EDD KAURIRAM,IDF,IDF,ASS
5155507000,FGLTD02929,DIV475814,EDD SEORAHI,IDF,IDF,ASS
5157186000,PUFGL00844,DIV475814,EDD SEORAHI,IDF ,IDF,ASS
5159227000,PUFGL00594,DIV475934,EDD SALEMPUR,RDF,RDF,ASS
5161207055,FGLTD02747,DIV435732,EDD CHAURI CHAURA,RDF ,BR,MU
5161575085,FGLTD02017,DIV435722,"EDD SAHJANWA,GORAKHPUR",RDF ,OK,MU
5162207000,FGLTD02929,DIV475814,EDD SEORAHI,IDF ,IDF,ASS
5165267000,FGLTD03116,DIV475814,EDD SEORAHI,IDF,IDF,ASS
5165975000,PUFGL00414,DIV435722,"EDD SAHJANWA,GORAKHPUR",RDF ,RDF,ASS
5167695051,PUFGL00890,DIV475611,EDD II ANANDNAGAR,RDF ,OK,MU
5168086000,FGLTD03232,DIV475813,"EDD KASYA, KUSHINAGAR",IDF ,IDF,ASS
5168656000,FGLTD03118,DIV475814,EDD SEORAHI,IDF ,IDF,ASS
5169447000,PUFGL00722,DIV475811,EDD PADRAUNA,RDF ,RDF,ASS
5171085000,FGLTD01582,DIV475613,EDD NAUTANWA,RDF ,OK,MU
5172227000,FGLTD01661,DIV475814,EDD SEORAHI,IDF,IDF,ASS
5172802271,PUFGL00468,DIV475931,EDD BARHAJ,RDF ,OK,MU
5173266000,PUFGL00754,DIV475812,EDD HATA,RDF ,RDF,ASS
5174976000,FGLTD03033,DIV475935,EDD GAURI BAZAR,RDF,RDF,ASS
5175846000,FGLTD01661,DIV475814,EDD SEORAHI,IDF ,IDF,ASS
5178077000,FGLTD02341,DIV475612,EDD I MAHARAJGANJ,RDF ,RDF,ASS
5180087000,PUFGL00868,DIV475611,EDD II ANANDNAGAR,RDF,P,PROV
5181387000,PUFGL00574,DIV475934,EDD SALEMPUR,RDF ,RDF,ASS
5181461049,PUFGL00716,DIV475811,EDD PADRAUNA,RDF ,RDF,ASS
5182363889,FGLTD02147,DIV475614,EDD NICHLAUL,RDF ,RDF,ASS
5182515503,FGLTD03214,DIV475612,EDD I MAHARAJGANJ,RDF ,OK,MU
5187627000,FGLTD03057,DIV475813,"EDD KASYA, KUSHINAGAR",RDF,RDF,ASS
5188365000,FGLTD01660,DIV475814,EDD SEORAHI,IDF ,IDF,ASS
5191915939,PUFGL00224,DIV435731,"EDD GULHARIYA BAZAR,GORAKHPUR",RDF ,RDF,ASS
5191984675,PUFGL00890,DIV475611,EDD II ANANDNAGAR,RDF ,OK,MU
5192695730,PUFGL00126,DIV435732,EDD CHAURI CHAURA,RDF ,RDF,ASS
5193393296,PUFGL00530,DIV475934,EDD SALEMPUR,RDF ,RDF,ASS
5194695354,PUFGL00704,DIV475811,EDD PADRAUNA,RDF ,RDF,ASS
5197357000,PUFGL00547,DIV475934,EDD SALEMPUR,RDF ,RDF,ASS
5198674858,FGLTD02238,DIV475932,EDD DEORIA,RDF ,OK,CEIL
5199077000,FGLTD03116,DIV475814,EDD SEORAHI,IDF ,IDF,ASS
5200503260,PUFGL01000,DIV475612,EDD I MAHARAJGANJ,RDF ,P,PROV
5200646410,PUFGL00158,DIV435731,"EDD GULHARIYA BAZAR,GORAKHPUR",RDF ,OK,MU
5201994278,PUFGL00604,DIV475934,EDD SALEMPUR,RDF ,BR,MU
5202608000,PUFGL00408,DIV435722,"EDD SAHJANWA,GORAKHPUR",RDF ,P,PROV
5202881897,FGLTD02256,DIV435733,EDD CAMPIEARGANJ,RDF ,OK,MU
5202886000,FGLTD02755,DIV475811,EDD PADRAUNA,RDF ,P,PROV
5203042182,FGLTD03309,DIV475614,EDD NICHLAUL,RDF ,OK,MU
5203587000,PUFGL00882,DIV475611,EDD II ANANDNAGAR,RDF ,RDF,ASS
5204465000,PUFGL00814,DIV475813,"EDD KASYA, KUSHINAGAR",RDF,RDF,ASS
5205208000,PUFGL00888,DIV475611,EDD II ANANDNAGAR,RDF ,P,PROV
5207717000,PUFGL00776,DIV475812,EDD HATA,RDF ,RDF,ASS
5208686000,PUFGL00763,DIV475812,EDD HATA,RDF ,OK,MU
5208937000,PUFGL00250,DIV435733,EDD CAMPIEARGANJ,RDF ,P,PROV
5209787000,FGLTD02356,DIV475614,EDD NICHLAUL,RDF ,P,PROV
5210186000,PUFGL00802,DIV475813,"EDD KASYA, KUSHINAGAR",IDF ,IDF,ASS
5211085000,PUFGL01039,DIV475613,EDD NAUTANWA,RDF ,RDF,ASS
5211286000,FGLTD01536,DIV475934,EDD SALEMPUR,RDF ,RDF,ASS
5214817000,PUFGL00838,DIV475813,"EDD KASYA, KUSHINAGAR",RDF ,RDF,ASS
5215376000,FGLTD03393,DIV475814,EDD SEORAHI,IDF ,IDF,ASS
5215946000,FGLTD03114,DIV475814,EDD SEORAHI,IDF ,IDF,ASS
5216708000,FGLTD02701,DIV435732,EDD CHAURI CHAURA,RDF ,OK,CEIL
5217363000,PUFGL00491,DIV475932,EDD DEORIA,RDF ,RDF,ASS
5217697000,PUFGL00790,DIV475812,EDD HATA,RDF ,P,PROV
5220456000,PUFGL01031,DIV475613,EDD NAUTANWA,RDF,OK,CEIL
5220565675,FGLTD02979,DIV435733,EDD CAMPIEARGANJ,RDF ,RDF,ASS
5220867000,PUFGL01214,DIV475935,EDD GAURI BAZAR,RDF ,OK,MU
5222697000,FGLTD02400,DIV475935,EDD GAURI BAZAR,RDF ,P,PROV
5224146000,PUFGL01087,DIV475614,EDD NICHLAUL,RDF ,OK,MU
5225103039,FGLTD01870,DIV435714,"EUDD RAPTINAGAR,GORAKHPUR",RDF ,RDF,ASS
5225442114,PUFGL00290,DIV435723,EDD SHIKARIGANJ,RDF ,RDF,ASS
5226426000,PUFGL00987,DIV475612,EDD I MAHARAJGANJ,RDF ,P,PROV
5227457000,FGLTD03294,DIV475814,EDD SEORAHI,IDF ,IDF,ASS
5227776000,PUFGL00811,DIV475813,"EDD KASYA, KUSHINAGAR",RDF ,RDF,ASS
5232318065,FGLTD01582,DIV475613,EDD NAUTANWA,RDF ,RDF,ASS
5232417000,PUFGL00849,DIV475814,EDD SEORAHI,RDF ,P,PROV
5233166000,PUFGL01063,DIV475613,EDD NAUTANWA,RDF ,OK,CEIL
5233544460,PUFGL00261,DIV435733,EDD CAMPIEARGANJ,IDF ,IDF,ASS
5234475000,PUFGL00704,DIV475811,EDD PADRAUNA,IDF ,RDF,ASS
5234675000,FGLTD02929,DIV475814,EDD SEORAHI,IDF ,IDF,ASS
5236976000,PUFGL00462,DIV475931,EDD BARHAJ,RDF ,OK,MU
5240408000,FGLTD02408,DIV475935,EDD GAURI BAZAR,RDF,RDF,ASS
5241607887,FGLTD03309,DIV475614,EDD NICHLAUL,RDF ,OK,MU
5241908000,FGLTD01283,DIV475935,EDD GAURI BAZAR,RDF ,P,PROV
5243408000,FGLTD03160,DIV475611,EDD II ANANDNAGAR,RDF ,OK,MU
5243439860,FGLTD03294,DIV475814,EDD SEORAHI,IDF ,IDF,ASS
5247676000,FGLTD01968,DIV475812,EDD HATA,RDF,RDF,ASS
5247983146,PUFGL00336,DIV435721,EDD KAURIRAM,RDF ,P,PROV
5248656000,FGLTD03118,DIV475814,EDD SEORAHI,IDF ,IDF,ASS
5248896000,FGLTD01157,DIV475611,EDD II ANANDNAGAR,RDF ,OK,MU
5249146000,FGLTD01962,DIV475812,EDD HATA,IDF ,IDF,ASS
5249465000,FGLTD03390,DIV475811,EDD PADRAUNA,IDF,IDF,ASS
5250197000,PUFGL00115,DIV435732,EDD CHAURI CHAURA,RDF ,OK,MU
5250385000,FGLTD02478,DIV475611,EDD II ANANDNAGAR,RDF ,RDF,ASS
5251107000,PUFGL00790,DIV475812,EDD HATA,RDF ,OK,MU
5252767000,PUFGL01100,DIV475614,EDD NICHLAUL,RDF ,OK,MU
5254377000,FGLTD02246,DIV475932,EDD DEORIA,RDF ,RDF,ASS
5254682341,FGLTD01536,DIV475934,EDD SALEMPUR,RDF ,RDF,ASS
5255507000,FGLTD02929,DIV475814,EDD SEORAHI,IDF ,IDF,ASS
5255887000,PUFGL01064,DIV475613,EDD NAUTANWA,RDF ,OK,MU
5256107000,PUFGL00979,DIV475612,EDD I MAHARAJGANJ,RDF,RDF,ASS
5257226000,FGLTD01188,DIV475813,"EDD KASYA, KUSHINAGAR",RDF,RDF,ASS
5258507000,FGLTD03118,DIV475814,EDD SEORAHI,IDF ,IDF,ASS
5258785000,FGLTD01340,DIV435732,EDD CHAURI CHAURA,RDF ,OK,MU
5259127000,FGLTD01660,DIV475814,EDD SEORAHI,IDF ,IDF,ASS
5259257000,FGLTD01795,DIV475931,EDD BARHAJ,RDF ,RDF,ASS
5259443320,FGLTD02957,DIV475932,EDD DEORIA,RDF ,P,PROV
5259507000,FGLTD03291,DIV475814,EDD SEORAHI,RDF ,P,PROV
5262887000,FGLTD03133,DIV475812,EDD HATA,RDF ,P,PROV
5263537000,PUFGL00620,DIV475935,EDD GAURI BAZAR,RDF ,OK,MU
5263574928,PUFGL00915,DIV475612,EDD I MAHARAJGANJ,RDF ,P,PROV
5265267000,FGLTD01660,DIV475814,EDD SEORAHI,IDF ,IDF,ASS
5266196000,PUFGL00954,DIV475612,EDD I MAHARAJGANJ,RDF ,RDF,ASS
5268270392,FGLTD02178,DIV475934,EDD SALEMPUR,RDF ,RDF,ASS
5268316000,PUFGL00835,DIV475813,"EDD KASYA, KUSHINAGAR",RDF ,RDF,ASS
5270787000,FGLTD03116,DIV475814,EDD SEORAHI,IDF ,IDF,ASS
5272454000,PUFGL00701,DIV475811,EDD PADRAUNA,IDF ,IDF,ASS
5273308000,FGLTD02305,DIV475814,EDD SEORAHI,IDF ,IDF,ASS
5273675000,FGLTD01660,DIV475814,EDD SEORAHI,IDF ,IDF,ASS
5280047000,FGLTD02737,DIV435733,EDD CAMPIEARGANJ,RDF,RDF,ASS
5280198641,PUFGL00606,DIV475934,EDD SALEMPUR,RDF ,OK,MU
5285018000,PUFGL00355,DIV435721,EDD KAURIRAM,RDF ,OK,MU
5286316000,PUFGL00761,DIV475812,EDD HATA,RDF ,OK,MU
5286586000,PUFGL01042,DIV475613,EDD NAUTANWA,RDF ,RDF,ASS
5287267000,FGLTD03289,DIV475814,EDD SEORAHI,IDF ,IDF,ASS
5287537000,PUFGL00687,DIV475811,EDD PADRAUNA,IDF ,IDF,ASS
5288584613,PUFGL00888,DIV475611,EDD II ANANDNAGAR,RDF ,RDF,ASS
5289347000,PUFGL00784,DIV475812,EDD HATA,RDF ,OK,MU
5289696000,PUFGL00414,DIV435722,"EDD SAHJANWA,GORAKHPUR",RDF ,P,PROV
5290626000,FGLTD02256,DIV435733,EDD CAMPIEARGANJ,RDF ,OK,MU
5291944987,PUFGL00687,DIV475811,EDD PADRAUNA,IDF ,IDF,ASS
5297652680,PUFGL01034,DIV475613,EDD NAUTANWA,RDF ,RDF,ASS
5299118000,PUFGL00418,DIV435722,"EDD SAHJANWA,GORAKHPUR",RDF ,OK,MU
5302717000,FGLTD02544,DIV435732,EDD CHAURI CHAURA,RDF ,OK,MU
5304485000,FGLTD03289,DIV475814,EDD SEORAHI,IDF ,IDF,ASS
5305666000,FGLTD01592,DIV475812,EDD HATA,IDF ,IDF,ASS
5306417000,PUFGL00384,DIV435722,"EDD SAHJANWA,GORAKHPUR",RDF ,RDF,ASS
5306516000,PUFGL00865,DIV475611,EDD II ANANDNAGAR,RDF ,RDF,ASS
5311847000,PUFGL00733,DIV475812,EDD HATA,RDF,BR,MU
5314347000,PUFGL01116,DIV475614,EDD NICHLAUL,RDF ,OK,MU
5314977000,FGLTD01661,DIV475814,EDD SEORAHI,IDF ,IDF,ASS
5316118000,FGLTD02308,DIV475814,EDD SEORAHI,IDF ,IDF,ASS
5316137000,PUFGL00756,DIV475812,EDD HATA,RDF ,P,PROV
5317267000,PUFGL00844,DIV475814,EDD SEORAHI,IDF ,IDF,ASS
5318487000,FGLTD01283,DIV475935,EDD GAURI BAZAR,RDF ,RDF,ASS
5318816000,PUFGL00886,DIV475611,EDD II ANANDNAGAR,RDF ,OK,MU
5320285000,FGLTD03411,DIV475611,EDD II ANANDNAGAR,RDF ,RDF,ASS
5321397000,FGLTD02667,DIV475813,"EDD KASYA, KUSHINAGAR",RDF ,RDF,ASS
5321796000,PUFGL00584,DIV475934,EDD SALEMPUR,RDF ,RDF,ASS
5322177000,FGLTD02305,DIV475814,EDD SEORAHI,IDF ,IDF,ASS
5322285000,PUFGL00704,DIV475811,EDD PADRAUNA,IDF ,IDF,ASS
5323947000,PUFGL01151,DIV475614,EDD NICHLAUL,RDF,RDF,ASS
5325308000,FGLTD02305,DIV475814,EDD SEORAHI,IDF ,IDF,ASS
5327457000,FGLTD02474,DIV475814,EDD SEORAHI,IDF ,IDF,ASS
5328426000,FGLTD03114,DIV475814,EDD SEORAHI,IDF ,IDF,ASS
5329057000,FGLTD03393,DIV475814,EDD SEORAHI,IDF,IDF,ASS
5329575000,FGLTD02308,DIV475814,EDD SEORAHI,IDF ,IDF,ASS
5329617000,PUFGL00584,DIV475934,EDD SALEMPUR,RDF ,RDF,ASS
5329830399,PUFGL00837,DIV475813,"EDD KASYA, KUSHINAGAR",RDF ,OK,MU
5329997000,PUFGL01125,DIV475614,EDD NICHLAUL,RDF ,RDF,ASS
5330457000,FGLTD02667,DIV475813,"EDD KASYA, KUSHINAGAR",IDF ,IDF,ASS
5331816000,PUFGL00704,DIV475811,EDD PADRAUNA,IDF ,IDF,ASS
5332937000,PUFGL00597,DIV475934,EDD SALEMPUR,RDF ,BR,MU
5333175000,PUFGL00772,DIV475812,EDD HATA,RDF ,OK,MU
5334463000,PUFGL00489,DIV475932,EDD DEORIA,RDF ,OK,MU
5336800931,FGLTD03284,DIV475813,"EDD KASYA, KUSHINAGAR",IDF ,IDF,ASS
5336932437,PUFGL01136,DIV475614,EDD NICHLAUL,RDF,RDF,ASS
5337265852,FGLTD02299,DIV475812,EDD HATA,RDF ,P,PROV
5337354000,PUFGL00713,DIV475811,EDD PADRAUNA,IDF,IDF,ASS
5337617000,PUFGL00887,DIV475611,EDD II ANANDNAGAR,IDF ,IDF,ASS
5339766000,PUFGL01123,DIV475614,EDD NICHLAUL,RDF,RDF,ASS
5340797000,FGLTD02296,DIV475812,EDD HATA,RDF ,RDF,ASS
5341017000,FGLTD03155,DIV475613,EDD NAUTANWA,RDF ,OK,MU
5341854261,PUFGL01015,DIV475612,EDD I MAHARAJGANJ,RDF ,P,PROV
5343354000,PUFGL00710,DIV475811,EDD PADRAUNA,RDF ,RDF,ASS
5343476000,PUFGL00743,DIV475812,EDD HATA,RDF ,RDF,NULL
5345076000,PUFGL00427,DIV435722,"EDD SAHJANWA,GORAKHPUR",RDF ,OK,MU
5345186000,FGLTD02929,DIV475814,EDD SEORAHI,IDF ,IDF,ASS
5348552196,PUFGL00269,DIV435723,EDD SHIKARIGANJ,RDF ,RDF,ASS
5349060983,FGLTD03157,DIV475614,EDD NICHLAUL,RDF ,OK,MU
5349396000,PUFGL01045,DIV475613,EDD NAUTANWA,RDF ,RDF,ASS
5350406410,PUFGL00876,DIV475611,EDD II ANANDNAGAR,RDF ,OK,MU
5350956136,FGLTD02471,DIV475814,EDD SEORAHI,IDF ,IDF,ASS
5351165000,PUFGL00764,DIV475812,EDD HATA,IDF,IDF,ASS
5355387000,PUFGL01100,DIV475614,EDD NICHLAUL,RDF ,P,PROV
5355537000,FGLTD02717,DIV475613,EDD NAUTANWA,RDF ,RDF,ASS
5356897000,PUFGL00758,DIV475812,EDD HATA,RDF ,OK,MU
5357955000,PUFGL00723,DIV475811,EDD PADRAUNA,RDF ,P,PROV
5359009189,PUFGL00513,DIV475932,EDD DEORIA,RDF ,OK,MU
5361833318,FGLTD03294,DIV475814,EDD SEORAHI,IDF ,IDF,ASS
5361896885,FGLTD02737,DIV435733,EDD CAMPIEARGANJ,RDF ,RDF,ASS
5362865000,FGLTD02929,DIV475814,EDD SEORAHI,IDF ,IDF,ASS
5364467098,FGLTD02238,DIV475932,EDD DEORIA,RDF ,RDF,ASS
5365167000,PUFGL00584,DIV475934,EDD SALEMPUR,RDF ,RDF,ASS
5365208000,PUFGL00335,DIV435721,EDD KAURIRAM,IDF ,IDF,ASS
5366536000,PUFGL00570,DIV475934,EDD SALEMPUR,IDF,IDF,ASS
5366756000,PUFGL01112,DIV475614,EDD NICHLAUL,RDF ,RDF,ASS
5368010268,PUFGL00783,DIV475812,EDD HATA,RDF ,OK,MU
5369666000,PUFGL00716,DIV475811,EDD PADRAUNA,RDF ,OK,MU
5370565000,PUFGL00163,DIV435731,"EDD GULHARIYA BAZAR,GORAKHPUR",RDF ,RDF,ASS
5372342665,FGLTD01244,DIV435722,"EDD SAHJANWA,GORAKHPUR",RDF ,OK,NULL
5373314073,PUFGL00529,DIV475934,EDD SALEMPUR,RDF ,P,PROV
5374899962,FGLTD02843,DIV475611,EDD II ANANDNAGAR,RDF ,OK,MU
5376196000,PUFGL00968,DIV475612,EDD I MAHARAJGANJ,RDF ,RDF,ASS
5376416000,FGLTD01938,DIV435723,EDD SHIKARIGANJ,RDF ,RDF,ASS
5376957000,FGLTD01582,DIV475613,EDD NAUTANWA,RDF ,P,PROV
5377075000,FGLTD02178,DIV475934,EDD SALEMPUR,RDF ,BR,MU
5377797000,PUFGL00330,DIV435721,EDD KAURIRAM,RDF ,OK,MU
5378175000,FGLTD02986,DIV435732,EDD CHAURI CHAURA,RDF ,OK,MU
5380387000,PUFGL00920,DIV475612,EDD I MAHARAJGANJ,RDF ,OK,MU
5386227000,FGLTD03292,DIV475814,EDD SEORAHI,RDF ,OK,MU
5386986000,FGLTD03115,DIV475814,EDD SEORAHI,IDF,IDF,ASS
5387561702,PUFGL00848,DIV475814,EDD SEORAHI,RDF ,OK,MU
5388637000,PUFGL00657,DIV475811,EDD PADRAUNA,IDF ,IDF,ASS
5388787000,PUFGL01103,DIV475614,EDD NICHLAUL,RDF ,OK,CEIL
5389247000,PUFGL00806,DIV475813,"EDD KASYA, KUSHINAGAR",RDF ,IDF,ASS
5393216000,PUFGL01087,DIV475614,EDD NICHLAUL,RDF ,RDF,ASS
5393607000,FGLTD02308,DIV475814,EDD SEORAHI,IDF ,IDF,ASS
5393787000,FGLTD01770,DIV475814,EDD SEORAHI,RDF ,RDF,ASS
5394607000,FGLTD02308,DIV475814,EDD SEORAHI,IDF ,IDF,ASS
5394957000,FGLTD03203,DIV475813,"EDD KASYA, KUSHINAGAR",RDF ,RDF,ASS
5395336000,FGLTD01592,DIV475812,EDD HATA,IDF ,IDF,ASS
5397684293,PUFGL00885,DIV475611,EDD II ANANDNAGAR,RDF ,P,PROV
5397867000,FGLTD02755,DIV475811,EDD PADRAUNA,IDF ,IDF,ASS
5399247000,PUFGL00833,DIV475813,"EDD KASYA, KUSHINAGAR",RDF ,RDF,ASS
5399376000,PUFGL00593,DIV475934,EDD SALEMPUR,RDF ,RDF,ASS
5402827000,FGLTD01534,DIV475935,EDD GAURI BAZAR,RDF ,OK,MU
5403287000,PUFGL00572,DIV475934,EDD SALEMPUR,RDF ,OK,CEIL
5403909959,FGLTD02960,DIV475932,EDD DEORIA,RDF ,OK,MU
5405455736,PUFGL00884,DIV475611,EDD II ANANDNAGAR,RDF ,RDF,ASS
5406987000,FGLTD02123,DIV475612,EDD I MAHARAJGANJ,RDF ,RDF,ASS
5407586000,FGLTD03310,DIV475613,EDD NAUTANWA,RDF ,RDF,ASS
5410026000,FGLTD03207,DIV475812,EDD HATA,IDF ,IDF,ASS
5412207000,FGLTD01188,DIV475813,"EDD KASYA, KUSHINAGAR",RDF ,OK,MU
5415086000,FGLTD02197,DIV435731,"EDD GULHARIYA BAZAR,GORAKHPUR",RDF ,RDF,ASS
5418047000,PUFGL01017,DIV475612,EDD I MAHARAJGANJ,RDF ,P,PROV
5421218000,FGLTD03294,DIV475814,EDD SEORAHI,IDF ,IDF,ASS
5421412585,PUFGL00571,DIV475934,EDD SALEMPUR,RDF ,P,PROV
5424117000,PUFGL00803,DIV475813,"EDD KASYA, KUSHINAGAR",RDF ,RDF,ASS
5424537000,PUFGL01039,DIV475613,EDD NAUTANWA,RDF ,OK,MU
5424621269,PUFGL00739,DIV475812,EDD HATA,RDF ,P,PROV
5425206880,FGLTD01509,DIV475935,EDD GAURI BAZAR,RDF ,RDF,ASS
5427779731,PUFGL00203,DIV435731,"EDD GULHARIYA BAZAR,GORAKHPUR",RDF ,RDF,ASS
5428108000,PUFGL00515,DIV475932,EDD DEORIA,RDF ,P,PROV
5428205939,FGLTD02787,DIV475935,EDD GAURI BAZAR,RDF ,RDF,ASS
5428536000,PUFGL00790,DIV475812,EDD HATA,RDF ,RDF,ASS
5429101284,FGLTD02219,DIV435731,"EDD GULHARIYA BAZAR,GORAKHPUR",RDF ,OK,MU
5431097000,FGLTD01276,DIV475614,EDD NICHLAUL,RDF ,RDF,ASS
5438127000,FGLTD01661,DIV475814,EDD SEORAHI,IDF ,IDF,ASS
5438229728,PUFGL00790,DIV475812,EDD HATA,RDF ,OK,MU
5438817000,PUFGL00803,DIV475813,"EDD KASYA, KUSHINAGAR",RDF,RDF,ASS
5439147000,FGLTD01157,DIV475611,EDD II ANANDNAGAR,RDF ,P,PROV
5439208000,FGLTD03125,DIV475813,"EDD KASYA, KUSHINAGAR",IDF ,IDF,ASS
5439716000,PUFGL01044,DIV475613,EDD NAUTANWA,RDF,P,PROV
5440067000,PUFGL00719,DIV475811,EDD PADRAUNA,RDF ,RDF,ASS
5441146000,FGLTD03118,DIV475814,EDD SEORAHI,IDF ,IDF,ASS
5445137000,PUFGL00893,DIV475611,EDD II ANANDNAGAR,RDF ,OK,MU
5446096000,FGLTD01805,DIV475934,EDD SALEMPUR,RDF ,OK,MU
5446847000,FGLTD02460,DIV475932,EDD DEORIA,RDF ,P,PROV
5447306872,PUFGL00481,DIV475932,EDD DEORIA,RDF ,OK,MU
5447567000,PUFGL01060,DIV475613,EDD NAUTANWA,RDF ,RDF,ASS
5449026000,FGLTD02471,DIV475814,EDD SEORAHI,IDF ,IDF,ASS
5451956000,PUFGL00993,DIV475612,EDD I MAHARAJGANJ,RDF ,RDF,ASS
5452336000,FGLTD02123,DIV475612,EDD I MAHARAJGANJ,RDF ,RDF,ASS
5454377000,PUFGL01132,DIV475614,EDD NICHLAUL,RDF,OK,CEIL
5455955000,FGLTD02305,DIV475814,EDD SEORAHI,IDF ,IDF,ASS
5456666000,PUFGL01061,DIV475613,EDD NAUTANWA,RDF ,P,PROV
5457196000,PUFGL00980,DIV475612,EDD I MAHARAJGANJ,RDF ,RDF,ASS
5458265000,PUFGL00732,DIV475812,EDD HATA,RDF ,RDF,ASS
5461308000,PUFGL01015,DIV475612,EDD I MAHARAJGANJ,RDF ,OK,MU
5462166000,PUFGL01058,DIV475613,EDD NAUTANWA,RDF ,RDF,ASS
5462308000,FGLTD02474,DIV475814,EDD SEORAHI,IDF,IDF,ASS
5465400144,FGLTD03071,DIV435733,EDD CAMPIEARGANJ,RDF ,BR,MU
5465442206,PUFGL01034,DIV475613,EDD NAUTANWA,RDF ,OK,MU
5466402447,PUFGL00833,DIV475813,"EDD KASYA, KUSHINAGAR",RDF ,RDF,ASS
5466931634,PUFGL00427,DIV435722,"EDD SAHJANWA,GORAKHPUR",RDF ,BR,MU
5469836000,PUFGL00823,DIV475813,"EDD KASYA, KUSHINAGAR",RDF ,RDF,ASS
5470247000,PUFGL00764,DIV475812,EDD HATA,IDF ,IDF,ASS
5470617000,PUFGL00574,DIV475934,EDD SALEMPUR,RDF ,RDF,ASS
5470880199,PUFGL00719,DIV475811,EDD PADRAUNA,IDF ,IDF,ASS
5471337000,PUFGL00555,DIV475934,EDD SALEMPUR,IDF ,IDF,ASS
5472175000,FGLTD03239,DIV475812,EDD HATA,RDF ,OK,MU
5475218000,PUFGL00768,DIV475812,EDD HATA,RDF ,RDF,ASS
5475597000,FGLTD02305,DIV475814,EDD SEORAHI,IDF ,IDF,ASS
5475647000,PUFGL00164,DIV435731,"EDD GULHARIYA BAZAR,GORAKHPUR",RDF ,P,PROV
5476987000,PUFGL00995,DIV475612,EDD I MAHARAJGANJ,RDF ,OK,MU
5479317000,FGLTD01519,DIV475935,EDD GAURI BAZAR,RDF ,OK,MU
5479396000,PUFGL00811,DIV475813,"EDD KASYA, KUSHINAGAR",RDF ,RDF,ASS
5479696000,PUFGL00521,DIV475934,EDD SALEMPUR,RDF ,RDF,ASS
5480265000,PUFGL00968,DIV475612,EDD I MAHARAJGANJ,RDF ,RDF,ASS
5480587000,FGLTD02755,DIV475811,EDD PADRAUNA,RDF ,BR,MU
5481934444,FGLTD01808,DIV475934,EDD SALEMPUR,RDF ,RDF,ASS
5482045939,PUFGL00539,DIV475934,EDD SALEMPUR,RDF ,OK,MU
5482796000,PUFGL00249,DIV435733,EDD CAMPIEARGANJ,RDF ,RDF,ASS
5484856000,FGLTD03004,DIV475812,EDD HATA,IDF ,IDF,ASS
5488707000,PUFGL00344,DIV435721,EDD KAURIRAM,RDF ,RDF,ASS
5489017000,PUFGL01031,DIV475613,EDD NAUTANWA,RDF ,OK,MU
5489565000,PUFGL01192,DIV475932,EDD DEORIA,RDF ,RDF,ASS
5490167000,PUFGL00676,DIV475811,EDD PADRAUNA,RDF ,RDF,ASS
5490655996,PUFGL00704,DIV475811,EDD PADRAUNA,IDF ,IDF,ASS
5493746000,PUFGL00249,DIV435733,EDD CAMPIEARGANJ,RDF ,RDF,ASS
5497346000,PUFGL00530,DIV475934,EDD SALEMPUR,RDF ,RDF,ASS
5498369629,FGLTD02083,DIV475812,EDD HATA,RDF ,P,PROV
5498939428,PUFGL00858,DIV475611,EDD II ANANDNAGAR,RDF ,OK,MU
5501208000,PUFGL00204,DIV435731,"EDD GULHARIYA BAZAR,GORAKHPUR",IDF ,IDF,ASS
5504718000,FGLTD02667,DIV475813,"EDD KASYA, KUSHINAGAR",RDF ,RDF,ASS
5505265000,PUFGL00570,DIV475934,EDD SALEMPUR,RDF ,RDF,ASS
5505527000,FGLTD02189,DIV475934,EDD SALEMPUR,RDF ,RDF,ASS
5508607171,FGLTD03033,DIV475935,EDD GAURI BAZAR,RDF ,OK,MU
5508776000,FGLTD02471,DIV475814,EDD SEORAHI,IDF ,IDF,ASS
5509226000,PUFGL00674,DIV475811,EDD PADRAUNA,IDF ,IDF,ASS
5509343898,FGLTD02356,DIV475614,EDD NICHLAUL,RDF ,P,PROV
5510517000,PUFGL00585,DIV475934,EDD SALEMPUR,IDF ,IDF,ASS
5514234464,PUFGL00069,DIV435713,"EUDD MOHADDIPUR,GORAKHPUR",RDF ,P,PROV
5514456000,PUFGL00816,DIV475813,"EDD KASYA, KUSHINAGAR",RDF ,RDF,ASS
5519457735,FGLTD03297,DIV475812,EDD HATA,IDF ,OK,MU
5521407000,FGLTD03344,DIV475813,"EDD KASYA, KUSHINAGAR",RDF ,RDF,ASS
5523838313,PUFGL00589,DIV475934,EDD SALEMPUR,RDF ,OK,MU
5524950084,PUFGL00606,DIV475934,EDD SALEMPUR,RDF ,OK,MU
5526118157,PUFGL00845,DIV475814,EDD SEORAHI,RDF ,P,PROV
5527776000,FGLTD03122,DIV475813,"EDD KASYA, KUSHINAGAR",RDF ,RDF,ASS
5528436000,PUFGL00339,DIV435721,EDD KAURIRAM,RDF ,P,PROV
5532375000,FGLTD03236,DIV475812,EDD HATA,RDF,P,PROV
5532937000,FGLTD01808,DIV475934,EDD SALEMPUR,RDF ,RDF,ASS
5533737000,PUFGL00572,DIV475934,EDD SALEMPUR,RDF ,RDF,ASS
5534575000,FGLTD02929,DIV475814,EDD SEORAHI,IDF ,IDF,ASS
5535776000,FGLTD02313,DIV435732,EDD CHAURI CHAURA,RDF ,OK,MU
5536977000,FGLTD03394,DIV475814,EDD SEORAHI,IDF ,IDF,ASS
5537196000,FGLTD02957,DIV475932,EDD DEORIA,RDF ,RDF,ASS
5539022237,PUFGL00388,DIV435722,"EDD SAHJANWA,GORAKHPUR",RDF ,P,PROV
5539526000,FGLTD03239,DIV475812,EDD HATA,IDF ,IDF,ASS
5540937000,FGLTD02474,DIV475814,EDD SEORAHI,IDF ,IDF,ASS
5541085000,FGLTD02471,DIV475814,EDD SEORAHI,IDF ,IDF,ASS
5541625690,FGLTD02695,DIV475811,EDD PADRAUNA,IDF ,IDF,ASS
5541747000,FGLTD02606,DIV475814,EDD SEORAHI,IDF ,IDF,ASS
5541856000,PUFGL00885,DIV475611,EDD II ANANDNAGAR,RDF ,OK,MU
5544917000,FGLTD03113,DIV475811,EDD PADRAUNA,RDF ,RDF,ASS
5545786000,PUFGL00376,DIV435722,"EDD SAHJANWA,GORAKHPUR",RDF ,BR,MU
5547556000,PUFGL00159,DIV435731,"EDD GULHARIYA BAZAR,GORAKHPUR",RDF,RDF,ASS
5547940176,FGLTD02651,DIV475613,EDD NAUTANWA,RDF ,RDF,ASS
5548426000,PUFGL00844,DIV475814,EDD SEORAHI,IDF,IDF,ASS
5548896000,FGLTD01630,DIV475812,EDD HATA,RDF ,RDF,ASS
5551487000,PUFGL01206,DIV475935,EDD GAURI BAZAR,RDF ,BR,MU
5555087000,FGLTD01246,DIV435733,EDD CAMPIEARGANJ,RDF,OK,MU
5555837000,FGLTD02929,DIV475814,EDD SEORAHI,IDF ,IDF,ASS
5555996000,PUFGL00135,DIV435732,EDD CHAURI CHAURA,RDF ,OK,MU
5556269391,PUFGL01116,DIV475614,EDD NICHLAUL,RDF ,OK,MU
5556347000,PUFGL00773,DIV475812,EDD HATA,RDF ,P,PROV
5557122000,FGLTD01827,DIV435712,"EUDD SRI GORAKHNATH,GORAKHPUR",RDF ,OK,MU
5557596000,PUFGL00436,DIV435722,"EDD SAHJANWA,GORAKHPUR",RDF ,OK,MU
5558086000,PUFGL00844,DIV475814,EDD SEORAHI,IDF ,IDF,ASS
5558647000,PUFGL00719,DIV475811,EDD PADRAUNA,IDF ,IDF,ASS
5559137000,FGLTD02918,DIV435733,EDD CAMPIEARGANJ,RDF ,RDF,ASS
5560440765,PUFGL00885,DIV475611,EDD II ANANDNAGAR,RDF ,OK,MU
5560587000,FGLTD02695,DIV475811,EDD PADRAUNA,IDF ,IDF,ASS
5561217000,PUFGL00876,DIV475611,EDD II ANANDNAGAR,RDF ,OK,CEIL
5561887000,PUFGL00744,DIV475812,EDD HATA,RDF ,RDF,ASS
5562336000,PUFGL00965,DIV475612,EDD I MAHARAJGANJ,RDF ,RDF,ASS
5562986000,FGLTD03393,DIV475814,EDD SEORAHI,IDF ,IDF,ASS
5563125485,PUFGL00264,DIV435733,EDD CAMPIEARGANJ,RDF ,RDF,ASS
5565192542,FGLTD01191,DIV475813,"EDD KASYA, KUSHINAGAR",RDF ,OK,MU
5566086000,PUFGL00552,DIV475934,EDD SALEMPUR,IDF,IDF,ASS
5566480066,FGLTD03283,DIV475813,"EDD KASYA, KUSHINAGAR",RDF ,RDF,ASS
5567266000,PUFGL00618,DIV475935,EDD GAURI BAZAR,RDF ,BR,MU
5567836000,PUFGL00803,DIV475813,"EDD KASYA, KUSHINAGAR",RDF ,IDF,ASS
5568687524,PUFGL00860,DIV475611,EDD II ANANDNAGAR,RDF ,OK,MU
5569354000,PUFGL00709,DIV475811,EDD PADRAUNA,IDF,IDF,ASS
5569837000,FGLTD03292,DIV475814,EDD SEORAHI,IDF ,IDF,ASS
5571417000,FGLTD02929,DIV475814,EDD SEORAHI,IDF ,IDF,ASS
5575426000,PUFGL00848,DIV475814,EDD SEORAHI,RDF ,RDF,ASS
5575666000,FGLTD03310,DIV475613,EDD NAUTANWA,RDF ,RDF,ASS
5576417000,FGLTD02471,DIV475814,EDD SEORAHI,IDF,IDF,ASS
5577877000,FGLTD02929,DIV475814,EDD SEORAHI,IDF ,IDF,ASS
5578246000,PUFGL01200,DIV475932,EDD DEORIA,RDF,RDF,ASS
5580716000,FGLTD02474,DIV475814,EDD SEORAHI,IDF ,IDF,ASS
5581175000,PUFGL00768,DIV475812,EDD HATA,RDF,RDF,ASS
5581597000,FGLTD03116,DIV475814,EDD SEORAHI,IDF ,IDF,ASS
5583086000,PUFGL00595,DIV475934,EDD SALEMPUR,RDF ,RDF,ASS
5587183184,FGLTD03116,DIV475814,EDD SEORAHI,IDF ,IDF,ASS
5589057000,FGLTD02667,DIV475813,"EDD KASYA, KUSHINAGAR",RDF ,RDF,ASS
5589577000,PUFGL00202,DIV435731,"EDD GULHARIYA BAZAR,GORAKHPUR",RDF,P,PROV
5590526000,PUFGL00654,DIV475811,EDD PADRAUNA,RDF ,RDF,ASS
5591896000,FGLTD03294,DIV475814,EDD SEORAHI,IDF ,IDF,ASS
5593213943,PUFGL01201,DIV475932,EDD DEORIA,RDF ,RDF,ASS
5593441235,PUFGL00507,DIV475932,EDD DEORIA,RDF ,OK,MU
5594116000,PUFGL00790,DIV475812,EDD HATA,RDF ,RDF,ASS
5594346137,PUFGL00267,DIV435733,EDD CAMPIEARGANJ,RDF ,P,PROV
5594560652,FGLTD02291,DIV475813,"EDD KASYA, KUSHINAGAR",RDF ,RDF,ASS
5595820212,PUFGL01144,DIV475614,EDD NICHLAUL,RDF ,OK,MU
5596324701,FGLTD03357,DIV475934,EDD SALEMPUR,RDF ,OK,MU
5597337000,PUFGL00865,DIV475611,EDD II ANANDNAGAR,RDF ,OK,MU
5599236000,PUFGL00194,DIV435731,"EDD GULHARIYA BAZAR,GORAKHPUR",RDF ,RDF,ASS
5602085000,FGLTD03057,DIV475813,"EDD KASYA, KUSHINAGAR",RDF ,OK,MU
5604697000,PUFGL00893,DIV475611,EDD II ANANDNAGAR,RDF ,OK,MU
5605372257,FGLTD01592,DIV475812,EDD HATA,IDF ,IDF,ASS
5607291144,FGLTD02667,DIV475813,"EDD KASYA, KUSHINAGAR",RDF,RDF,ASS
5610485000,FGLTD01612,DIV475811,EDD PADRAUNA,IDF,IDF,ASS
5612597000,PUFGL00844,DIV475814,EDD SEORAHI,IDF ,IDF,ASS
5612710822,PUFGL00552,DIV475934,EDD SALEMPUR,IDF ,IDF,ASS
5613024700,FGLTD02738,DIV435733,EDD CAMPIEARGANJ,RDF ,OK,MU
5613177000,FGLTD03393,DIV475814,EDD SEORAHI,IDF ,IDF,ASS
5615736000,FGLTD03203,DIV475813,"EDD KASYA, KUSHINAGAR",RDF ,OK,MU
5615912000,FGLTD02577,DIV435713,"EUDD MOHADDIPUR,GORAKHPUR",RDF ,OK,MU
5616727000,PUFGL00806,DIV475813,"EDD KASYA, KUSHINAGAR",RDF ,OK,MU
5617389043,FGLTD03284,DIV475813,"EDD KASYA, KUSHINAGAR",IDF ,IDF,ASS
5617708000,PUFGL01054,DIV475613,EDD NAUTANWA,RDF ,RDF,ASS
5618767000,PUFGL01046,DIV475613,EDD NAUTANWA,RDF ,RDF,ASS
5618946000,PUFGL00736,DIV475812,EDD HATA,RDF ,RDF,ASS
5619425807,PUFGL00838,DIV475813,"EDD KASYA, KUSHINAGAR",RDF ,RDF,ASS
5622267000,PUFGL00268,DIV435733,EDD CAMPIEARGANJ,RDF ,OK,MU
5624137000,PUFGL00606,DIV475934,EDD SALEMPUR,RDF ,RDF,ASS
5624476000,FGLTD02483,DIV475812,EDD HATA,IDF ,IDF,ASS
5625237000,PUFGL00890,DIV475611,EDD II ANANDNAGAR,RDF ,P,PROV
5626118000,FGLTD02308,DIV475814,EDD SEORAHI,IDF ,IDF,ASS
5626861538,FGLTD03410,DIV475611,EDD II ANANDNAGAR,RDF ,OK,MU
5627008000,PUFGL00782,DIV475812,EDD HATA,RDF ,OK,MU
5627096000,PUFGL00728,DIV475812,EDD HATA,IDF ,IDF,ASS
5628140965,FGLTD03071,DIV435733,EDD CAMPIEARGANJ,RDF ,RDF,ASS
5632646000,FGLTD03229,DIV475813,"EDD KASYA, KUSHINAGAR",RDF ,RDF,ASS
5632737000,PUFGL00220,DIV435731,"EDD GULHARIYA BAZAR,GORAKHPUR",RDF ,RDF,ASS
5632887000,FGLTD01808,DIV475934,EDD SALEMPUR,RDF ,OK,MU
5633037000,PUFGL00180,DIV435731,"EDD GULHARIYA BAZAR,GORAKHPUR",RDF ,OK,MU
5634116000,PUFGL01039,DIV475613,EDD NAUTANWA,RDF ,RDF,ASS
5634567000,PUFGL01087,DIV475614,EDD NICHLAUL,RDF ,RDF,ASS
5634635539,PUFGL01213,DIV475935,EDD GAURI BAZAR,RDF ,OK,MU
5638218000,FGLTD01881,DIV435721,EDD KAURIRAM,RDF ,OK,MU
5639578662,PUFGL01017,DIV475612,EDD I MAHARAJGANJ,RDF ,RDF,ASS
5639669620,PUFGL00389,DIV435722,"EDD SAHJANWA,GORAKHPUR",RDF ,RDF,ASS
5639812867,PUFGL00609,DIV475935,EDD GAURI BAZAR,RDF ,OK,MU
5641102245,PUFGL00506,DIV475932,EDD DEORIA,RDF ,RDF,ASS
5642608000,PUFGL00548,DIV475934,EDD SALEMPUR,RDF ,RDF,ASS
5643177000,PUFGL00919,DIV475612,EDD I MAHARAJGANJ,RDF ,P,PROV
5644585000,PUFGL00250,DIV435733,EDD CAMPIEARGANJ,RDF ,OK,MU
5649185000,FGLTD03284,DIV475813,"EDD KASYA, KUSHINAGAR",IDF ,RDF,ASS
5649226000,FGLTD01612,DIV475811,EDD PADRAUNA,IDF ,IDF,ASS
5650087000,FGLTD01968,DIV475812,EDD HATA,IDF ,IDF,ASS
5650979852,FGLTD02590,DIV475934,EDD SALEMPUR,RDF ,BR,MU
5651037000,FGLTD02305,DIV475814,EDD SEORAHI,IDF ,IDF,ASS
5651188207,FGLTD03110,DIV435713,"EUDD MOHADDIPUR,GORAKHPUR",RDF ,OK,MU
5651380708,PUFGL00682,DIV475811,EDD PADRAUNA,RDF ,P,PROV
5651747000,FGLTD02471,DIV475814,EDD SEORAHI,IDF,IDF,ASS
5652097000,FGLTD03001,DIV475613,EDD NAUTANWA,RDF ,OK,MU
5653979170,FGLTD01514,DIV475935,EDD GAURI BAZAR,RDF ,OK,CEIL
5654117000,PUFGL00837,DIV475813,"EDD KASYA, KUSHINAGAR",RDF ,OK,MU
5654607000,FGLTD03394,DIV475814,EDD SEORAHI,IDF,IDF,ASS
5655287000,PUFGL00132,DIV435732,EDD CHAURI CHAURA,RDF ,RDF,ASS
5656465000,PUFGL01047,DIV475613,EDD NAUTANWA,RDF ,RDF,ASS
5657836000,PUFGL00830,DIV475813,"EDD KASYA, KUSHINAGAR",RDF,RDF,ASS
5658418000,PUFGL00552,DIV475934,EDD SALEMPUR,IDF ,IDF,ASS
5659787000,PUFGL01211,DIV475935,EDD GAURI BAZAR,RDF ,RDF,ASS
5660597000,PUFGL00843,DIV475814,EDD SEORAHI,IDF ,IDF,ASS
5661277000,PUFGL00764,DIV475812,EDD HATA,IDF ,IDF,ASS
5662208000,PUFGL00548,DIV475934,EDD SALEMPUR,RDF ,RDF,ASS
5664366000,FGLTD02753,DIV475811,EDD PADRAUNA,IDF ,IDF,ASS
5664385000,FGLTD01192,DIV475813,"EDD KASYA, KUSHINAGAR",RDF ,RDF,ASS
5664716000,PUFGL00862,DIV475611,EDD II ANANDNAGAR,RDF ,BR,MU
5664897000,PUFGL00572,DIV475934,EDD SALEMPUR,RDF ,RDF,ASS
5665656000,FGLTD02667,DIV475813,"EDD KASYA, KUSHINAGAR",IDF,IDF,ASS
5665902578,FGLTD02651,DIV475613,EDD NAUTANWA,RDF ,OK,MU
5666297000,FGLTD02612,DIV475812,EDD HATA,RDF ,OK,MU
5667775000,PUFGL00592,DIV475934,EDD SALEMPUR,RDF ,RDF,ASS
5667868336,PUFGL00704,DIV475811,EDD PADRAUNA,IDF ,IDF,ASS
5668686000,FGLTD02951,DIV475811,EDD PADRAUNA,RDF ,RDF,ASS
5669408000,FGLTD02612,DIV475812,EDD HATA,RDF ,BR,MU
5669897000,FGLTD02902,DIV475812,EDD HATA,IDF ,IDF,ASS
5672236000,FGLTD01661,DIV475814,EDD SEORAHI,IDF ,IDF,ASS
5676877000,FGLTD02474,DIV475814,EDD SEORAHI,IDF,IDF,ASS
5677924084,PUFGL00374,DIV435722,"EDD SAHJANWA,GORAKHPUR",RDF ,RDF,ASS
5679497000,FGLTD02471,DIV475814,EDD SEORAHI,IDF ,IDF,ASS
5679537000,PUFGL00674,DIV475811,EDD PADRAUNA,IDF ,IDF,ASS
5681096650,PUFGL00593,DIV475934,EDD SALEMPUR,RDF ,RDF,ASS
5682896000,FGLTD02305,DIV475814,EDD SEORAHI,IDF ,IDF,ASS
5682955000,FGLTD03393,DIV475814,EDD SEORAHI,IDF ,IDF,ASS
5686396000,FGLTD03262,DIV475934,EDD SALEMPUR,RDF ,IDF,ASS
5690006000,FGLTD03118,DIV475814,EDD SEORAHI,IDF ,IDF,ASS
5690077000,PUFGL00569,DIV475934,EDD SALEMPUR,RDF ,RDF,ASS
5690375000,PUFGL00699,DIV475811,EDD PADRAUNA,IDF ,IDF,ASS
5690767000,PUFGL00833,DIV475813,"EDD KASYA, KUSHINAGAR",RDF ,RDF,ASS
5691518000,PUFGL00414,DIV435722,"EDD SAHJANWA,GORAKHPUR",RDF ,RDF,ASS
5691756000,FGLTD03393,DIV475814,EDD SEORAHI,IDF ,IDF,ASS
5692766000,FGLTD01557,DIV475932,EDD DEORIA,RDF ,P,PROV
5693582149,FGLTD02471,DIV475814,EDD SEORAHI,IDF ,IDF,ASS
5693647000,FGLTD02929,DIV475814,EDD SEORAHI,IDF ,IDF,ASS
5695507000,PUFGL00843,DIV475814,EDD SEORAHI,IDF ,IDF,ASS
5696157000,FGLTD02083,DIV475812,EDD HATA,RDF ,P,PROV
5701017000,PUFGL01043,DIV475613,EDD NAUTANWA,RDF ,RDF,ASS
5701239496,PUFGL00246,DIV435733,EDD CAMPIEARGANJ,RDF ,OK,MU
5702527965,PUFGL00623,DIV475935,EDD GAURI BAZAR,RDF ,OK,MU
5702787000,PUFGL00687,DIV475811,EDD PADRAUNA,IDF,IDF,ASS
5702811887,PUFGL00777,DIV475812,EDD HATA,RDF,RDF,ASS
5705485000,FGLTD03393,DIV475814,EDD SEORAHI,IDF ,IDF,ASS
5706147000,FGLTD03241,DIV475812,EDD HATA,IDF ,IDF,ASS
5706795642,FGLTD02400,DIV475935,EDD GAURI BAZAR,RDF ,RDF,ASS
5707166000,FGLTD02667,DIV475813,"EDD KASYA, KUSHINAGAR",IDF ,IDF,ASS
5707457000,FGLTD02308,DIV475814,EDD SEORAHI,IDF ,IDF,ASS
5710377000,FGLTD02460,DIV475932,EDD DEORIA,RDF ,P,PROV
5710426000,PUFGL00839,DIV475813,"EDD KASYA, KUSHINAGAR",RDF ,OK,CEIL
5712246000,PUFGL01035,DIV475613,EDD NAUTANWA,RDF ,P,PROV
5718256000,PUFGL00997,DIV475612,EDD I MAHARAJGANJ,RDF ,OK,MU
5718261142,PUFGL01046,DIV475613,EDD NAUTANWA,RDF,P,PROV
5718536000,FGLTD02982,DIV435733,EDD CAMPIEARGANJ,RDF ,RDF,ASS
5721207000,PUFGL00843,DIV475814,EDD SEORAHI,IDF ,IDF,ASS
5721859958,PUFGL00901,DIV475611,EDD II ANANDNAGAR,RDF ,RDF,ASS
5722624467,PUFGL01039,DIV475613,EDD NAUTANWA,RDF ,OK,MU
5724685000,PUFGL00476,DIV475932,EDD DEORIA,RDF ,OK,CEIL
5727090140,FGLTD02755,DIV475811,EDD PADRAUNA,IDF ,IDF,ASS
5727718868,PUFGL00893,DIV475611,EDD II ANANDNAGAR,RDF ,OK,MU
5727836000,PUFGL00388,DIV435722,"EDD SAHJANWA,GORAKHPUR",RDF ,BR,MU
5727975000,PUFGL00416,DIV435722,"EDD SAHJANWA,GORAKHPUR",RDF ,OK,MU
5729893613,PUFGL01192,DIV475932,EDD DEORIA,RDF ,RDF,ASS
5729957000,PUFGL01032,DIV475613,EDD NAUTANWA,RDF,RDF,ASS
5730517000,PUFGL00763,DIV475812,EDD HATA,RDF ,OK,MU
5732426000,PUFGL00844,DIV475814,EDD SEORAHI,IDF ,IDF,ASS
5733397000,FGLTD01642,DIV475813,"EDD KASYA, KUSHINAGAR",RDF ,P,PROV
5739575000,FGLTD02929,DIV475814,EDD SEORAHI,IDF ,IDF,ASS
5741118000,FGLTD02929,DIV475814,EDD SEORAHI,IDF,IDF,ASS
5741418000,PUFGL00893,DIV475611,EDD II ANANDNAGAR,RDF ,RDF,ASS
5745389945,FGLTD02747,DIV435732,EDD CHAURI CHAURA,RDF ,BR,MU
5745446000,PUFGL00922,DIV475612,EDD I MAHARAJGANJ,RDF ,RDF,ASS
5746385000,FGLTD02918,DIV435733,EDD CAMPIEARGANJ,RDF ,BR,MU
5746647000,PUFGL00687,DIV475811,EDD PADRAUNA,IDF ,IDF,ASS
5747030713,FGLTD01630,DIV475812,EDD HATA,RDF ,OK,MU
5749010835,FGLTD02676,DIV475611,EDD II ANANDNAGAR,RDF ,P,PROV
5750497000,PUFGL00188,DIV435731,"EDD GULHARIYA BAZAR,GORAKHPUR",RDF ,RDF,ASS
5751245925,FGLTD01642,DIV475813,"EDD KASYA, KUSHINAGAR",RDF ,OK,MU
5752006000,FGLTD03294,DIV475814,EDD SEORAHI,IDF ,IDF,ASS
5752975000,PUFGL00744,DIV475812,EDD HATA,RDF ,RDF,ASS
5753997000,PUFGL01125,DIV475614,EDD NICHLAUL,RDF ,RDF,ASS
5755955000,PUFGL00711,DIV475811,EDD PADRAUNA,IDF ,IDF,ASS
5758796000,FGLTD02929,DIV475814,EDD SEORAHI,IDF ,IDF,ASS
5759476000,PUFGL00733,DIV475812,EDD HATA,IDF ,IDF,ASS
5759608000,PUFGL00877,DIV475611,EDD II ANANDNAGAR,RDF ,OK,MU
5759675736,FGLTD02775,DIV435713,"EUDD MOHADDIPUR,GORAKHPUR",RDF ,RDF,ASS
5762547000,FGLTD02657,DIV435731,"EDD GULHARIYA BAZAR,GORAKHPUR",RDF ,RDF,ASS
5763997000,PUFGL01123,DIV475614,EDD NICHLAUL,RDF,RDF,ASS
5764118000,FGLTD01661,DIV475814,EDD SEORAHI,RDF ,RDF,ASS
5766147000,FGLTD02943,DIV475812,EDD HATA,RDF ,P,PROV
5766218000,FGLTD01968,DIV475812,EDD HATA,RDF ,IDF,ASS
5768457000,FGLTD03289,DIV475814,EDD SEORAHI,IDF ,IDF,ASS
5769607000,PUFGL00884,DIV475611,EDD II ANANDNAGAR,RDF ,RDF,ASS
5771006000,PUFGL00162,DIV435731,"EDD GULHARIYA BAZAR,GORAKHPUR",RDF ,P,PROV
5774056000,FGLTD02256,DIV435733,EDD CAMPIEARGANJ,RDF ,BR,MU
5774731037,PUFGL00185,DIV435731,"EDD GULHARIYA BAZAR,GORAKHPUR",RDF ,RDF,ASS
5775946000,PUFGL00555,DIV475934,EDD SALEMPUR,RDF ,P,PROV
5776817000,FGLTD01180,DIV475813,"EDD KASYA, KUSHINAGAR",IDF ,IDF,ASS
5778037000,PUFGL00844,DIV475814,EDD SEORAHI,IDF ,IDF,ASS
5778176000,PUFGL00661,DIV475811,EDD PADRAUNA,RDF ,BR,MU
5779136000,FGLTD02189,DIV475934,EDD SALEMPUR,RDF ,RDF,ASS
5781896000,PUFGL00683,DIV475811,EDD PADRAUNA,IDF,IDF,ASS
5782437920,FGLTD02929,DIV475814,EDD SEORAHI,IDF ,IDF,ASS
5782567000,FGLTD02147,DIV475614,EDD NICHLAUL,RDF ,OK,MU
5783353501,FGLTD02744,DIV435732,EDD CHAURI CHAURA,RDF ,OK,MU
5784716000,PUFGL00764,DIV475812,EDD HATA,IDF ,IDF,ASS
5786476000,PUFGL00250,DIV435733,EDD CAMPIEARGANJ,RDF ,BR,MU
5790446000,FGLTD02083,DIV475812,EDD HATA,RDF ,P,PROV
5790587000,FGLTD03393,DIV475814,EDD SEORAHI,IDF ,IDF,ASS
5791096000,FGLTD02929,DIV475814,EDD SEORAHI,IDF ,IDF,ASS
5791967777,PUFGL00168,DIV435731,"EDD GULHARIYA BAZAR,GORAKHPUR",RDF ,OK,MU
5791986000,FGLTD02667,DIV475813,"EDD KASYA, KUSHINAGAR",RDF ,RDF,ASS
5792737000,PUFGL00412,DIV435722,"EDD SAHJANWA,GORAKHPUR",RDF ,P,PROV
5792876000,PUFGL01116,DIV475614,EDD NICHLAUL,RDF ,P,PROV
5793387000,FGLTD01191,DIV475813,"EDD KASYA, KUSHINAGAR",RDF ,RDF,ASS
5795127000,FGLTD02979,DIV435733,EDD CAMPIEARGANJ,RDF ,OK,MU
5797397000,PUFGL00683,DIV475811,EDD PADRAUNA,IDF ,IDF,ASS
5798354000,PUFGL00715,DIV475811,EDD PADRAUNA,IDF,IDF,ASS
5799217000,PUFGL00584,DIV475934,EDD SALEMPUR,RDF ,RDF,ASS
5801107000,PUFGL00548,DIV475934,EDD SALEMPUR,RDF ,RDF,ASS
5802426000,FGLTD02667,DIV475813,"EDD KASYA, KUSHINAGAR",IDF ,IDF,ASS
5802976000,PUFGL01189,DIV475935,EDD GAURI BAZAR,RDF ,OK,MU
5807296000,PUFGL00261,DIV435733,EDD CAMPIEARGANJ,RDF ,RDF,ASS
5807396000,PUFGL00922,DIV475612,EDD I MAHARAJGANJ,IDF ,IDF,ASS
5807756000,PUFGL00543,DIV475934,EDD SALEMPUR,IDF ,IDF,ASS
5808818596,PUFGL00887,DIV475611,EDD II ANANDNAGAR,RDF ,OK,MU
5810365000,PUFGL00758,DIV475812,EDD HATA,RDF ,OK,MU
5811107000,FGLTD01808,DIV475934,EDD SALEMPUR,IDF ,IDF,ASS
5811847000,PUFGL00257,DIV435733,EDD CAMPIEARGANJ,IDF ,IDF,ASS
5812027000,FGLTD03057,DIV475813,"EDD KASYA, KUSHINAGAR",RDF ,RDF,ASS
5813316000,PUFGL00637,DIV475935,EDD GAURI BAZAR,RDF ,OK,MU
5816983796,PUFGL00164,DIV435731,"EDD GULHARIYA BAZAR,GORAKHPUR",RDF ,RDF,ASS
5818827000,FGLTD02755,DIV475811,EDD PADRAUNA,IDF ,IDF,ASS
5830217000,FGLTD03122,DIV475813,"EDD KASYA, KUSHINAGAR",RDF ,RDF,ASS
5830227000,FGLTD01660,DIV475814,EDD SEORAHI,IDF ,IDF,ASS
5831955000,PUFGL00848,DIV475814,EDD SEORAHI,RDF ,P,PROV
5832147000,PUFGL01113,DIV475614,EDD NICHLAUL,RDF ,OK,MU
5833297000,FGLTD03001,DIV475613,EDD NAUTANWA,RDF,RDF,ASS
5833866000,PUFGL00264,DIV435733,EDD CAMPIEARGANJ,RDF ,OK,MU
5835258531,FGLTD03351,DIV475932,EDD DEORIA,RDF ,OK,MU
5836096000,PUFGL00744,DIV475812,EDD HATA,RDF,RDF,ASS
5837757243,PUFGL00108,DIV435732,EDD CHAURI CHAURA,RDF ,OK,CEIL
5839237000,PUFGL00920,DIV475612,EDD I MAHARAJGANJ,RDF ,RDF,ASS
5840789700,PUFGL01144,DIV475614,EDD NICHLAUL,RDF ,RDF,ASS
5841911787,FGLTD03096,DIV435732,EDD CHAURI CHAURA,RDF ,OK,CEIL
5842817000,PUFGL01046,DIV475613,EDD NAUTANWA,RDF ,RDF,ASS
5843657274,PUFGL00327,DIV435721,EDD KAURIRAM,RDF ,RDF,ASS
5843824211,FGLTD01815,DIV435711,"EUDD TOWNHALL,GORAKHPUR",RDF ,RDF,ASS
5845236000,PUFGL00843,DIV475814,EDD SEORAHI,IDF ,IDF,ASS
5848482963,FGLTD02667,DIV475813,"EDD KASYA, KUSHINAGAR",RDF ,RDF,ASS
5849357681,FGLTD03294,DIV475814,EDD SEORAHI,IDF ,IDF,ASS
5849827000,FGLTD02658,DIV435731,"EDD GULHARIYA BAZAR,GORAKHPUR",RDF ,OK,MU
5850585000,PUFGL00728,DIV475812,EDD HATA,RDF ,RDF,ASS
5852856000,PUFGL00257,DIV435733,EDD CAMPIEARGANJ,IDF ,IDF,ASS
5853976000,FGLTD01188,DIV475813,"EDD KASYA, KUSHINAGAR",RDF ,OK,MU
5854326000,PUFGL00552,DIV475934,EDD SALEMPUR,IDF ,IDF,ASS
5856265000,PUFGL00530,DIV475934,EDD SALEMPUR,RDF ,RDF,ASS
5858518000,FGLTD02471,DIV475814,EDD SEORAHI,IDF ,IDF,ASS
5859097936,PUFGL01039,DIV475613,EDD NAUTANWA,RDF,RDF,ASS
5863209084,FGLTD02587,DIV475611,EDD II ANANDNAGAR,RDF ,RDF,ASS
5864308000,FGLTD02305,DIV475814,EDD SEORAHI,IDF ,IDF,ASS
5864537000,PUFGL00204,DIV435731,"EDD GULHARIYA BAZAR,GORAKHPUR",IDF ,IDF,ASS
5864996000,PUFGL00759,DIV475812,EDD HATA,RDF ,OK,MU
5865886000,PUFGL00573,DIV475934,EDD SALEMPUR,RDF ,RDF,ASS
5866097000,PUFGL00756,DIV475812,EDD HATA,RDF ,OK,MU
5867887000,PUFGL00257,DIV435733,EDD CAMPIEARGANJ,IDF ,IDF,ASS
5868138648,FGLTD03122,DIV475813,"EDD KASYA, KUSHINAGAR",IDF ,IDF,ASS
5869476000,FGLTD02296,DIV475812,EDD HATA,RDF ,RDF,ASS
5869786000,FGLTD03012,DIV475811,EDD PADRAUNA,RDF,P,PROV
5870928552,PUFGL00883,DIV475611,EDD II ANANDNAGAR,RDF ,OK,MU
5873771141,PUFGL00350,DIV435721,EDD KAURIRAM,RDF ,P,PROV
5875987000,FGLTD01557,DIV475932,EDD DEORIA,RDF ,OK,MU
5878467000,FGLTD01258,DIV475932,EDD DEORIA,RDF ,OK,MU
5878856984,FGLTD03170,DIV435731,"EDD GULHARIYA BAZAR,GORAKHPUR",RDF ,OK,CEIL
5880285000,PUFGL00462,DIV475931,EDD BARHAJ,RDF ,RDF,ASS
5880417000,PUFGL00676,DIV475811,EDD PADRAUNA,RDF,BR,MU
5880597000,FGLTD03116,DIV475814,EDD SEORAHI,IDF ,IDF,ASS
5881827000,FGLTD03013,DIV475811,EDD PADRAUNA,IDF ,IDF,ASS
5883529611,PUFGL00837,DIV475813,"EDD KASYA, KUSHINAGAR",RDF ,OK,MU
5883627000,FGLTD03221,DIV475613,EDD NAUTANWA,RDF ,P,PROV
5884385000,FGLTD03230,DIV475813,"EDD KASYA, KUSHINAGAR",RDF ,RDF,ASS
5884990931,FGLTD03049,DIV475814,EDD SEORAHI,IDF ,IDF,ASS
5886318000,FGLTD02460,DIV475932,EDD DEORIA,RDF ,OK,MU
5886426000,FGLTD02929,DIV475814,EDD SEORAHI,IDF ,IDF,ASS
5886569813,PUFGL01017,DIV475612,EDD I MAHARAJGANJ,RDF ,RDF,ASS
5886877000,FGLTD02471,DIV475814,EDD SEORAHI,IDF,IDF,ASS
5888265000,PUFGL00121,DIV435732,EDD CHAURI CHAURA,RDF ,BR,MU
5891146000,FGLTD02471,DIV475814,EDD SEORAHI,IDF ,IDF,ASS
5893457000,FGLTD02305,DIV475814,EDD SEORAHI,IDF ,IDF,ASS
5893751657,PUFGL01209,DIV475935,EDD GAURI BAZAR,RDF ,OK,MU
5894528343,FGLTD03321,DIV475812,EDD HATA,RDF ,BR,MU
5895354906,PUFGL00715,DIV475811,EDD PADRAUNA,RDF ,RDF,ASS
5896518000,PUFGL01060,DIV475613,EDD NAUTANWA,RDF ,RDF,ASS
5897837000,FGLTD02341,DIV475612,EDD I MAHARAJGANJ,RDF ,RDF,ASS
5898185000,PUFGL00826,DIV475813,"EDD KASYA, KUSHINAGAR",RDF ,RDF,ASS
5898368750,PUFGL00513,DIV475932,EDD DEORIA,RDF ,P,PROV
5899157000,FGLTD03128,DIV475813,"EDD KASYA, KUSHINAGAR",RDF ,OK,MU
5899708000,FGLTD01191,DIV475813,"EDD KASYA, KUSHINAGAR",RDF ,OK,MU
5899737000,PUFGL00837,DIV475813,"EDD KASYA, KUSHINAGAR",RDF ,P,PROV
5900286000,PUFGL00844,DIV475814,EDD SEORAHI,IDF,IDF,ASS
5902375000,PUFGL00704,DIV475811,EDD PADRAUNA,IDF ,IDF,ASS
5903146000,FGLTD02606,DIV475814,EDD SEORAHI,IDF ,IDF,ASS
5903767000,FGLTD02667,DIV475813,"EDD KASYA, KUSHINAGAR",RDF ,RDF,ASS
5904966000,PUFGL01082,DIV475613,EDD NAUTANWA,RDF ,OK,MU
5907376000,PUFGL00716,DIV475811,EDD PADRAUNA,RDF,TDMR,MU
5907436000,PUFGL01000,DIV475612,EDD I MAHARAJGANJ,RDF ,P,PROV
5908385000,PUFGL00844,DIV475814,EDD SEORAHI,IDF ,IDF,ASS
5908764243,PUFGL00706,DIV475811,EDD PADRAUNA,IDF ,IDF,ASS
5909517064,FGLTD01258,DIV475932,EDD DEORIA,RDF ,OK,MU
5911677000,PUFGL00758,DIV475812,EDD HATA,RDF ,OK,MU
5912246000,PUFGL01063,DIV475613,EDD NAUTANWA,RDF,RDF,ASS
5912537000,PUFGL00806,DIV475813,"EDD KASYA, KUSHINAGAR",RDF ,OK,MU
5912856000,FGLTD02178,DIV475934,EDD SALEMPUR,RDF ,RDF,ASS
5913646000,PUFGL00835,DIV475813,"EDD KASYA, KUSHINAGAR",RDF,IDF,ASS
5916776000,PUFGL01039,DIV475613,EDD NAUTANWA,RDF,RDF,ASS
5919002817,FGLTD02667,DIV475813,"EDD KASYA, KUSHINAGAR",RDF ,RDF,ASS
5920636000,PUFGL00566,DIV475934,EDD SALEMPUR,RDF,RDF,ASS
5921227000,FGLTD01511,DIV475935,EDD GAURI BAZAR,RDF ,RDF,ASS
5921630151,PUFGL00709,DIV475811,EDD PADRAUNA,IDF ,IDF,ASS
5926115690,PUFGL00704,DIV475811,EDD PADRAUNA,IDF ,IDF,ASS
5926296000,FGLTD01536,DIV475934,EDD SALEMPUR,RDF ,RDF,ASS
5926556000,FGLTD03390,DIV475811,EDD PADRAUNA,IDF,IDF,ASS
5928666000,FGLTD03004,DIV475812,EDD HATA,IDF ,IDF,ASS
5930267000,FGLTD01244,DIV435722,"EDD SAHJANWA,GORAKHPUR",RDF ,OK,MU
5930336000,FGLTD02123,DIV475612,EDD I MAHARAJGANJ,RDF ,RDF,ASS
5930487000,PUFGL01136,DIV475614,EDD NICHLAUL,RDF ,RDF,ASS
5930607000,FGLTD02474,DIV475814,EDD SEORAHI,IDF ,IDF,ASS
5931146526,FGLTD02667,DIV475813,"EDD KASYA, KUSHINAGAR",RDF ,RDF,ASS
5931308000,FGLTD03049,DIV475814,EDD SEORAHI,IDF ,IDF,ASS
5932807000,PUFGL01017,DIV475612,EDD I MAHARAJGANJ,RDF ,OK,MU
5934301277,PUFGL00833,DIV475813,"EDD KASYA, KUSHINAGAR",RDF ,OK,MU
5934866000,PUFGL00731,DIV475812,EDD HATA,RDF ,OK,MU
5936886000,FGLTD02676,DIV475611,EDD II ANANDNAGAR,RDF ,OK,MU
5938192719,PUFGL00117,DIV435732,EDD CHAURI CHAURA,RDF ,P,PROV
5940078650,PUFGL00626,DIV475935,EDD GAURI BAZAR,RDF,RDF,ASS
5940256000,PUFGL00790,DIV475812,EDD HATA,RDF ,RDF,ASS
5944354000,PUFGL00701,DIV475811,EDD PADRAUNA,IDF,IDF,ASS
5944634656,FGLTD03390,DIV475811,EDD PADRAUNA,IDF ,IDF,ASS
5945956000,FGLTD03316,DIV475932,EDD DEORIA,RDF ,RDF,ASS
5946618000,PUFGL00744,DIV475812,EDD HATA,RDF ,RDF,ASS
5947248216,PUFGL00366,DIV435722,"EDD SAHJANWA,GORAKHPUR",RDF ,OK,MU
5947476000,FGLTD03004,DIV475812,EDD HATA,IDF ,IDF,ASS
5949007000,PUFGL00539,DIV475934,EDD SALEMPUR,RDF ,RDF,ASS
5950239622,FGLTD02667,DIV475813,"EDD KASYA, KUSHINAGAR",IDF ,IDF,ASS
5951121694,FGLTD03292,DIV475814,EDD SEORAHI,RDF ,OK,MU
5951857000,PUFGL00777,DIV475812,EDD HATA,RDF ,P,PROV
5952385000,PUFGL00543,DIV475934,EDD SALEMPUR,RDF ,RDF,ASS
5953173626,PUFGL00530,DIV475934,EDD SALEMPUR,RDF ,RDF,ASS
5954585000,FGLTD01966,DIV475812,EDD HATA,RDF ,RDF,ASS
5956275000,FGLTD01998,DIV475935,EDD GAURI BAZAR,RDF ,RDF,ASS
5957587000,FGLTD03390,DIV475811,EDD PADRAUNA,IDF ,IDF,ASS
5958324143,PUFGL01054,DIV475613,EDD NAUTANWA,RDF ,RDF,ASS
5959875000,PUFGL00246,DIV435733,EDD CAMPIEARGANJ,RDF ,BR,MU
5960596000,PUFGL00687,DIV475811,EDD PADRAUNA,IDF ,IDF,ASS
5962675000,FGLTD02471,DIV475814,EDD SEORAHI,IDF ,IDF,ASS
5964097000,PUFGL00566,DIV475934,EDD SALEMPUR,RDF ,RDF,ASS
5964346109,PUFGL00561,DIV475934,EDD SALEMPUR,RDF ,RDF,ASS
5964585000,PUFGL00252,DIV435733,EDD CAMPIEARGANJ,RDF ,RDF,ASS
5965216448,PUFGL00193,DIV435731,"EDD GULHARIYA BAZAR,GORAKHPUR",RDF ,P,PROV
5965457000,FGLTD01661,DIV475814,EDD SEORAHI,IDF ,IDF,ASS
5968267000,FGLTD02308,DIV475814,EDD SEORAHI,IDF ,IDF,ASS
5968644315,FGLTD01246,DIV435733,EDD CAMPIEARGANJ,RDF ,BR,MU
5969397000,PUFGL00676,DIV475811,EDD PADRAUNA,IDF ,IDF,ASS
5970975000,PUFGL00548,DIV475934,EDD SALEMPUR,RDF ,RDF,ASS
5971787000,FGLTD02305,DIV475814,EDD SEORAHI,IDF ,IDF,ASS
5972839709,FGLTD02308,DIV475814,EDD SEORAHI,IDF ,IDF,ASS
5973008000,PUFGL01044,DIV475613,EDD NAUTANWA,RDF ,P,PROV
5976576000,PUFGL01012,DIV475612,EDD I MAHARAJGANJ,RDF ,RDF,ASS
5978418000,PUFGL00547,DIV475934,EDD SALEMPUR,RDF ,RDF,ASS
5978752880,PUFGL00539,DIV475934,EDD SALEMPUR,RDF ,OK,MU
5978796000,FGLTD03116,DIV475814,EDD SEORAHI,IDF ,IDF,ASS
5979607000,PUFGL00886,DIV475611,EDD II ANANDNAGAR,RDF ,OK,MU
5980385000,PUFGL00552,DIV475934,EDD SALEMPUR,RDF ,RDF,ASS
5981085000,PUFGL00843,DIV475814,EDD SEORAHI,IDF ,IDF,ASS
5982156000,PUFGL00361,DIV435721,EDD KAURIRAM,RDF,RDF,ASS
5982246000,FGLTD02256,DIV435733,EDD CAMPIEARGANJ,RDF ,OK,MU
5982896000,FGLTD02305,DIV475814,EDD SEORAHI,IDF,IDF,ASS
5983697000,PUFGL00532,DIV475934,EDD SALEMPUR,IDF ,IDF,ASS
5983966000,PUFGL00564,DIV475934,EDD SALEMPUR,RDF ,RDF,ASS
5984385000,PUFGL00839,DIV475813,"EDD KASYA, KUSHINAGAR",RDF ,OK,MU
5984447000,FGLTD02668,DIV475813,"EDD KASYA, KUSHINAGAR",RDF ,RDF,ASS
5984517000,FGLTD02908,DIV435733,EDD CAMPIEARGANJ,RDF ,RDF,ASS
5984796000,FGLTD02784,DIV435733,EDD CAMPIEARGANJ,RDF,BR,MU
5985616000,FGLTD02929,DIV475814,EDD SEORAHI,IDF ,IDF,ASS
5987597000,FGLTD02753,DIV475811,EDD PADRAUNA,IDF ,IDF,ASS
5988597000,FGLTD02305,DIV475814,EDD SEORAHI,IDF ,IDF,ASS
5989556000,PUFGL00565,DIV475934,EDD SALEMPUR,RDF ,RDF,ASS
5989936000,FGLTD02533,DIV435721,EDD KAURIRAM,RDF ,RDF,ASS
5990567000,PUFGL00992,DIV475612,EDD I MAHARAJGANJ,RDF ,RDF,ASS
5990667000,PUFGL00782,DIV475812,EDD HATA,RDF ,OK,MU
5991487000,PUFGL00209,DIV435731,"EDD GULHARIYA BAZAR,GORAKHPUR",RDF,P,PROV
5992857000,PUFGL00891,DIV475611,EDD II ANANDNAGAR,RDF ,OK,MU
5994927000,PUFGL00543,DIV475934,EDD SALEMPUR,RDF ,RDF,ASS
5995936000,PUFGL00548,DIV475934,EDD SALEMPUR,RDF ,RDF,ASS
5997156000,PUFGL01100,DIV475614,EDD NICHLAUL,RDF ,OK,MU
5997475000,PUFGL00437,DIV435722,"EDD SAHJANWA,GORAKHPUR",RDF,OK,MU
5997746000,PUFGL00353,DIV435721,EDD KAURIRAM,RDF ,OK,MU
5999635342,FGLTD03097,DIV435732,EDD CHAURI CHAURA,RDF ,OK,MU
5999957000,FGLTD03006,DIV475811,EDD PADRAUNA,RDF ,RDF,ASS
6001886000,FGLTD02979,DIV435733,EDD CAMPIEARGANJ,RDF ,OK,MU
6002955000,PUFGL00932,DIV475612,EDD I MAHARAJGANJ,RDF ,RDF,ASS
6004487000,FGLTD02483,DIV475812,EDD HATA,RDF ,OK,MU
6006373363,PUFGL01035,DIV475613,EDD NAUTANWA,RDF ,RDF,ASS
6009017000,PUFGL01055,DIV475613,EDD NAUTANWA,RDF,P,PROV
6009618000,PUFGL00661,DIV475811,EDD PADRAUNA,RDF ,RDF,ASS
6009629563,FGLTD02929,DIV475814,EDD SEORAHI,IDF ,IDF,ASS
6009716000,FGLTD03220,DIV475613,EDD NAUTANWA,RDF ,RDF,ASS
6009896000,PUFGL00732,DIV475812,EDD HATA,IDF ,IDF,ASS
6009967000,FGLTD03165,DIV435731,"EDD GULHARIYA BAZAR,GORAKHPUR",RDF ,OK,MU
6012139185,PUFGL00332,DIV435721,EDD KAURIRAM,RDF ,OK,MU
6013118000,PUFGL00620,DIV475935,EDD GAURI BAZAR,RDF ,BR,MU
6014246000,FGLTD03012,DIV475811,EDD PADRAUNA,RDF ,OK,MU
6014556000,FGLTD01258,DIV475932,EDD DEORIA,RDF ,OK,MU
6014675468,FGLTD02356,DIV475614,EDD NICHLAUL,RDF ,P,PROV
6017297000,FGLTD03390,DIV475811,EDD PADRAUNA,IDF ,IDF,ASS
6018107000,PUFGL01125,DIV475614,EDD NICHLAUL,RDF ,OK,MU
6018118000,FGLTD01770,DIV475814,EDD SEORAHI,RDF ,RDF,ASS
6018333497,PUFGL00764,DIV475812,EDD HATA,IDF ,IDF,ASS
6018677000,FGLTD03033,DIV475935,EDD GAURI BAZAR,RDF ,RDF,ASS
6018754633,FGLTD01968,DIV475812,EDD HATA,RDF ,IDF,ASS
6019216000,FGLTD02667,DIV475813,"EDD KASYA, KUSHINAGAR",IDF ,IDF,ASS
6019431869,FGLTD01815,DIV435711,"EUDD TOWNHALL,GORAKHPUR",RDF ,OK,MU
6020367000,FGLTD01661,DIV475814,EDD SEORAHI,IDF ,IDF,ASS
6020812000,FGLTD01871,DIV435714,"EUDD RAPTINAGAR,GORAKHPUR",RDF ,OK,MU
6021027000,FGLTD03203,DIV475813,"EDD KASYA, KUSHINAGAR",RDF ,RDF,ASS
6022765000,PUFGL00836,DIV475813,"EDD KASYA, KUSHINAGAR",RDF ,RDF,ASS
6024387000,PUFGL00807,DIV475813,"EDD KASYA, KUSHINAGAR",RDF ,OK,MU
6024867971,PUFGL00504,DIV475932,EDD DEORIA,RDF ,OK,MU
6026346000,PUFGL01113,DIV475614,EDD NICHLAUL,RDF ,OK,MU
6027236786,PUFGL01063,DIV475613,EDD NAUTANWA,RDF ,OK,MU
6028087000,FGLTD03004,DIV475812,EDD HATA,IDF ,IDF,ASS
6028147000,PUFGL00760,DIV475812,EDD HATA,RDF ,P,PROV
6030697000,PUFGL01112,DIV475614,EDD NICHLAUL,RDF ,RDF,ASS
6032156000,FGLTD03099,DIV475932,EDD DEORIA,RDF ,RDF,ASS
6032677000,FGLTD01177,DIV475812,EDD HATA,IDF ,IDF,ASS
6033266000,FGLTD01546,DIV475935,EDD GAURI BAZAR,RDF,RDF,ASS
6033717000,FGLTD02701,DIV435732,EDD CHAURI CHAURA,RDF ,OK,MU
6034357000,PUFGL00180,DIV435731,"EDD GULHARIYA BAZAR,GORAKHPUR",RDF ,RDF,ASS
6035064846,FGLTD03294,DIV475814,EDD SEORAHI,IDF ,IDF,ASS
6036039940,FGLTD03193,DIV475935,EDD GAURI BAZAR,RDF,RDF,ASS
6037476000,PUFGL00764,DIV475812,EDD HATA,IDF ,IDF,ASS
6037976018,PUFGL00731,DIV475812,EDD HATA,RDF ,OK,MU
6038116000,PUFGL00777,DIV475812,EDD HATA,RDF ,P,PROV
6039458293,PUFGL00427,DIV435722,"EDD SAHJANWA,GORAKHPUR",RDF ,OK,MU
6041247000,FGLTD01592,DIV475812,EDD HATA,IDF ,IDF,ASS
6042597000,PUFGL00844,DIV475814,EDD SEORAHI,IDF ,IDF,ASS
6042927000,FGLTD02533,DIV435721,EDD KAURIRAM,RDF ,P,PROV
6043475000,FGLTD01612,DIV475811,EDD PADRAUNA,IDF ,IDF,ASS
6047385000,PUFGL00252,DIV435733,EDD CAMPIEARGANJ,IDF ,IDF,ASS
6048107000,PUFGL00584,DIV475934,EDD SALEMPUR,RDF ,BR,MU
6050567000,FGLTD03410,DIV475611,EDD II ANANDNAGAR,RDF ,P,PROV
6050966000,FGLTD02007,DIV435732,EDD CHAURI CHAURA,RDF ,RDF,ASS
6050996000,PUFGL00362,DIV435721,EDD KAURIRAM,RDF ,RDF,ASS
6051026543,PUFGL00530,DIV475934,EDD SALEMPUR,RDF ,OK,MU
6051547003,PUFGL01136,DIV475614,EDD NICHLAUL,RDF ,RDF,ASS
6052096000,PUFGL01100,DIV475614,EDD NICHLAUL,RDF ,P,PROV
6053567619,PUFGL00739,DIV475812,EDD HATA,RDF ,RDF,ASS
6055417000,FGLTD03393,DIV475814,EDD SEORAHI,IDF ,IDF,ASS
6055507000,FGLTD02474,DIV475814,EDD SEORAHI,IDF ,IDF,ASS
6055596000,PUFGL00633,DIV475935,EDD GAURI BAZAR,RDF,RDF,ASS
6057516000,PUFGL00326,DIV435721,EDD KAURIRAM,RDF ,RDF,ASS
6057685000,FGLTD01244,DIV435722,"EDD SAHJANWA,GORAKHPUR",RDF ,BR,MU
6058578111,PUFGL00261,DIV435733,EDD CAMPIEARGANJ,IDF ,IDF,ASS
6058757000,FGLTD01966,DIV475812,EDD HATA,IDF ,IDF,ASS
6058875000,PUFGL00457,DIV475931,EDD BARHAJ,RDF ,P,PROV
6059007604,FGLTD03393,DIV475814,EDD SEORAHI,IDF ,IDF,ASS
6060365000,PUFGL00121,DIV435732,EDD CHAURI CHAURA,RDF ,RDF,ASS
6060375000,PUFGL00674,DIV475811,EDD PADRAUNA,IDF ,IDF,ASS
6060818000,PUFGL00259,DIV435733,EDD CAMPIEARGANJ,RDF ,P,PROV
6061346000,PUFGL01017,DIV475612,EDD I MAHARAJGANJ,RDF ,P,PROV
6061366000,FGLTD03284,DIV475813,"EDD KASYA, KUSHINAGAR",IDF ,IDF,ASS
6061386000,PUFGL00764,DIV475812,EDD HATA,IDF ,IDF,ASS
6062587000,FGLTD01188,DIV475813,"EDD KASYA, KUSHINAGAR",RDF ,OK,MU
6063636000,FGLTD02371,DIV435722,"EDD SAHJANWA,GORAKHPUR",RDF ,RDF,ASS
6063746000,FGLTD02850,DIV475811,EDD PADRAUNA,RDF ,P,PROV
6066085000,PUFGL00836,DIV475813,"EDD KASYA, KUSHINAGAR",RDF ,RDF,ASS
6066347000,FGLTD01244,DIV435722,"EDD SAHJANWA,GORAKHPUR",RDF ,RDF,ASS
6067897000,PUFGL00870,DIV475611,EDD II ANANDNAGAR,RDF ,OK,MU
6069118000,PUFGL00848,DIV475814,EDD SEORAHI,RDF ,RDF,ASS
6070257000,FGLTD02667,DIV475813,"EDD KASYA, KUSHINAGAR",RDF ,RDF,ASS
6070708000,PUFGL00132,DIV435732,EDD CHAURI CHAURA,RDF,P,PROV
6071322763,FGLTD03001,DIV475613,EDD NAUTANWA,RDF ,RDF,ASS
6071518000,FGLTD01592,DIV475812,EDD HATA,IDF ,IDF,ASS
6073177000,PUFGL00711,DIV475811,EDD PADRAUNA,RDF ,RDF,ASS
6073647000,FGLTD03118,DIV475814,EDD SEORAHI,IDF ,IDF,ASS
6073955000,PUFGL00121,DIV435732,EDD CHAURI CHAURA,RDF ,OK,MU
6075586000,PUFGL00572,DIV475934,EDD SALEMPUR,RDF ,RDF,ASS
6078156000,PUFGL01130,DIV475614,EDD NICHLAUL,RDF ,OK,MU
6079167000,PUFGL00596,DIV475934,EDD SALEMPUR,RDF ,RDF,ASS
6079787000,PUFGL00437,DIV435722,"EDD SAHJANWA,GORAKHPUR",RDF ,RDF,ASS
6082096000,FGLTD02178,DIV475934,EDD SALEMPUR,RDF ,BR,MU
6082369575,FGLTD01630,DIV475812,EDD HATA,RDF ,P,PROV
6083205757,PUFGL00427,DIV435722,"EDD SAHJANWA,GORAKHPUR",RDF ,OK,MU
6083357000,FGLTD01808,DIV475934,EDD SALEMPUR,RDF ,OK,MU
6086947000,PUFGL00768,DIV475812,EDD HATA,RDF ,OK,MU
6087636000,PUFGL00536,DIV475934,EDD SALEMPUR,RDF,RDF,ASS
6089594859,PUFGL01010,DIV475612,EDD I MAHARAJGANJ,RDF ,P,PROV
6090392102,PUFGL00507,DIV475932,EDD DEORIA,RDF ,OK,CEIL
6091217000,PUFGL00882,DIV475611,EDD II ANANDNAGAR,RDF ,OK,MU
6092087000,PUFGL00257,DIV435733,EDD CAMPIEARGANJ,IDF,IDF,ASS
6093797000,PUFGL01024,DIV475612,EDD I MAHARAJGANJ,RDF ,OK,MU
6094327000,PUFGL00764,DIV475812,EDD HATA,IDF ,IDF,ASS
6095907000,FGLTD01968,DIV475812,EDD HATA,RDF ,RDF,ASS
6097022000,FGLTD01871,DIV435714,"EUDD RAPTINAGAR,GORAKHPUR",RDF ,OK,MU
6102354000,PUFGL00706,DIV475811,EDD PADRAUNA,IDF ,IDF,ASS
6103997000,PUFGL01130,DIV475614,EDD NICHLAUL,RDF ,OK,MU
6105177000,FGLTD03294,DIV475814,EDD SEORAHI,IDF ,IDF,ASS
6105783345,PUFGL00868,DIV475611,EDD II ANANDNAGAR,RDF ,RDF,ASS
6108020676,FGLTD03384,DIV435723,EDD SHIKARIGANJ,RDF ,P,PROV
6108536000,PUFGL00791,DIV475812,EDD HATA,RDF ,OK,MU
6108739447,PUFGL00848,DIV475814,EDD SEORAHI,RDF ,P,PROV
6109018000,PUFGL00555,DIV475934,EDD SALEMPUR,RDF ,OK,CEIL
6109254152,FGLTD02139,DIV475613,EDD NAUTANWA,RDF ,RDF,ASS
6112177000,PUFGL00848,DIV475814,EDD SEORAHI,RDF ,RDF,ASS
6113577000,PUFGL00844,DIV475814,EDD SEORAHI,IDF,IDF,ASS
6115385000,FGLTD03122,DIV475813,"EDD KASYA, KUSHINAGAR",RDF ,RDF,ASS
6116936000,PUFGL00555,DIV475934,EDD SALEMPUR,RDF ,OK,MU
6118177000,FGLTD02547,DIV475611,EDD II ANANDNAGAR,RDF ,RDF,ASS
6119444593,FGLTD01584,DIV475613,EDD NAUTANWA,RDF ,RDF,ASS
6121847000,PUFGL00783,DIV475812,EDD HATA,RDF ,P,PROV
6122888724,FGLTD01258,DIV475932,EDD DEORIA,RDF ,OK,MU
6123527000,PUFGL00790,DIV475812,EDD HATA,RDF ,RDF,ASS
6124297000,FGLTD02081,DIV475812,EDD HATA,IDF ,RDF,ASS
6124986000,FGLTD02471,DIV475814,EDD SEORAHI,IDF ,IDF,ASS
6126547000,FGLTD02197,DIV435731,"EDD GULHARIYA BAZAR,GORAKHPUR",RDF,RDF,ASS
6130556542,FGLTD01815,DIV435711,"EUDD TOWNHALL,GORAKHPUR",RDF ,OK,MU
6130818000,FGLTD03351,DIV475932,EDD DEORIA,RDF ,OK,MU
6131037000,FGLTD03393,DIV475814,EDD SEORAHI,IDF ,IDF,ASS
6136037000,PUFGL00971,DIV475612,EDD I MAHARAJGANJ,IDF,IDF,ASS
6136916000,PUFGL00521,DIV475934,EDD SALEMPUR,RDF ,RDF,ASS
6137857000,FGLTD01264,DIV475612,EDD I MAHARAJGANJ,RDF,RDF,ASS
6138096000,PUFGL00886,DIV475611,EDD II ANANDNAGAR,RDF ,OK,MU
6139916410,FGLTD03006,DIV475811,EDD PADRAUNA,IDF ,RDF,CEIL
6141417000,FGLTD01661,DIV475814,EDD SEORAHI,IDF ,IDF,ASS
6147497000,PUFGL00835,DIV475813,"EDD KASYA, KUSHINAGAR",RDF,RDF,ASS
6148075000,PUFGL00790,DIV475812,EDD HATA,RDF ,RDF,ASS
6148616000,FGLTD02123,DIV475612,EDD I MAHARAJGANJ,RDF ,RDF,ASS
6150557728,PUFGL00850,DIV475814,EDD SEORAHI,IDF ,RDF,NULL
6150757000,FGLTD02123,DIV475612,EDD I MAHARAJGANJ,RDF ,RDF,ASS
6151067000,PUFGL00683,DIV475811,EDD PADRAUNA,RDF ,P,PROV
6151354000,PUFGL00701,DIV475811,EDD PADRAUNA,IDF ,IDF,ASS
6151467000,PUFGL00764,DIV475812,EDD HATA,IDF ,IDF,ASS
6152196620,PUFGL00507,DIV475932,EDD DEORIA,RDF ,OK,MU
6157168647,PUFGL00184,DIV435731,"EDD GULHARIYA BAZAR,GORAKHPUR",RDF ,OK,MU
6158376000,FGLTD03292,DIV475814,EDD SEORAHI,RDF,OK,CEIL
6158947000,PUFGL00764,DIV475812,EDD HATA,IDF ,IDF,ASS
6159917000,PUFGL00721,DIV475811,EDD PADRAUNA,RDF ,RDF,ASS
6160837000,PUFGL00253,DIV435733,EDD CAMPIEARGANJ,RDF ,OK,MU
6161750857,FGLTD02007,DIV435732,EDD CHAURI CHAURA,RDF ,BR,MU
6162587000,FGLTD01183,DIV475813,"EDD KASYA, KUSHINAGAR",RDF,RDF,ASS
6162616000,FGLTD03118,DIV475814,EDD SEORAHI,IDF ,IDF,ASS
6162997618,PUFGL00451,DIV475931,EDD BARHAJ,RDF ,OK,MU
6164385000,PUFGL00246,DIV435733,EDD CAMPIEARGANJ,RDF ,P,PROV
6165267000,FGLTD02929,DIV475814,EDD SEORAHI,IDF ,IDF,ASS
6165525086,FGLTD01770,DIV475814,EDD SEORAHI,RDF ,RDF,ASS
6167656000,FGLTD01671,DIV475814,EDD SEORAHI,IDF ,IDF,ASS
6168656000,FGLTD03116,DIV475814,EDD SEORAHI,IDF ,IDF,ASS
6168797000,FGLTD01244,DIV435722,"EDD SAHJANWA,GORAKHPUR",RDF ,OK,MU
6168987000,PUFGL00894,DIV475611,EDD II ANANDNAGAR,RDF ,OK,MU
6169747000,FGLTD02139,DIV475613,EDD NAUTANWA,RDF,OK,MU
6170083688,PUFGL00258,DIV435733,EDD CAMPIEARGANJ,RDF ,RDF,ASS
6170617000,PUFGL00506,DIV475932,EDD DEORIA,RDF ,RDF,ASS
6173137407,PUFGL00707,DIV475811,EDD PADRAUNA,RDF ,RDF,ASS
6173146000,PUFGL00844,DIV475814,EDD SEORAHI,IDF ,IDF,ASS
6174069444,FGLTD01244,DIV435722,"EDD SAHJANWA,GORAKHPUR",RDF ,OK,MU
6175308000,PUFGL00704,DIV475811,EDD PADRAUNA,IDF ,IDF,ASS
6175416000,FGLTD01188,DIV475813,"EDD KASYA, KUSHINAGAR",RDF ,P,PROV
6178796000,FGLTD02929,DIV475814,EDD SEORAHI,IDF ,IDF,ASS
6179937000,PUFGL00261,DIV435733,EDD CAMPIEARGANJ,IDF ,IDF,ASS
6180786000,FGLTD03193,DIV475935,EDD GAURI BAZAR,RDF ,OK,CEIL
6181784079,FGLTD03220,DIV475613,EDD NAUTANWA,RDF ,RDF,ASS
6183518000,PUFGL00987,DIV475612,EDD I MAHARAJGANJ,RDF ,P,PROV
6183775000,FGLTD01968,DIV475812,EDD HATA,RDF ,RDF,ASS
6184726000,PUFGL01091,DIV475614,EDD NICHLAUL,RDF,RDF,ASS
6184987000,PUFGL00476,DIV475932,EDD DEORIA,IDF ,IDF,ASS
6186280538,FGLTD01808,DIV475934,EDD SALEMPUR,RDF ,RDF,ASS
6186794801,FGLTD03348,DIV475932,EDD DEORIA,RDF ,RDF,ASS
6187477000,PUFGL01126,DIV475614,EDD NICHLAUL,RDF ,RDF,ASS
6187768212,PUFGL00790,DIV475812,EDD HATA,RDF ,OK,MU
6188086000,FGLTD03061,DIV475813,"EDD KASYA, KUSHINAGAR",RDF ,RDF,ASS
6188977000,PUFGL00617,DIV475935,EDD GAURI BAZAR,RDF ,RDF,ASS
6189575000,FGLTD02471,DIV475814,EDD SEORAHI,IDF ,IDF,ASS
6190118000,PUFGL00259,DIV435733,EDD CAMPIEARGANJ,RDF ,RDF,ASS
6191366000,PUFGL00824,DIV475813,"EDD KASYA, KUSHINAGAR",RDF ,BR,MU
6192067000,FGLTD02400,DIV475935,EDD GAURI BAZAR,RDF,RDF,ASS
6192236000,PUFGL00246,DIV435733,EDD CAMPIEARGANJ,IDF,IDF,ASS
6192787000,FGLTD02929,DIV475814,EDD SEORAHI,IDF ,IDF,ASS
6195476000,PUFGL00764,DIV475812,EDD HATA,IDF ,IDF,ASS
6197768190,FGLTD02438,DIV475611,EDD II ANANDNAGAR,RDF ,P,PROV
6198176000,PUFGL00687,DIV475811,EDD PADRAUNA,IDF ,IDF,ASS
6199299480,PUFGL00593,DIV475934,EDD SALEMPUR,RDF ,RDF,ASS
6200675000,FGLTD01661,DIV475814,EDD SEORAHI,IDF ,IDF,ASS
6200677000,PUFGL01032,DIV475613,EDD NAUTANWA,RDF,RDF,ASS
6201408000,FGLTD02147,DIV475614,EDD NICHLAUL,RDF ,RDF,ASS
6202816000,PUFGL00782,DIV475812,EDD HATA,IDF ,IDF,ASS
6204076000,PUFGL01047,DIV475613,EDD NAUTANWA,RDF ,P,PROV
6204708000,PUFGL01151,DIV475614,EDD NICHLAUL,RDF,RDF,ASS
6205757000,PUFGL00548,DIV475934,EDD SALEMPUR,RDF ,RDF,ASS
6206501653,FGLTD02943,DIV475812,EDD HATA,IDF,IDF,ASS
6206726020,FGLTD02431,DIV435713,"EUDD MOHADDIPUR,GORAKHPUR",RDF ,OK,MU
6207285000,PUFGL00587,DIV475934,EDD SALEMPUR,RDF,RDF,ASS
6207627000,FGLTD01188,DIV475813,"EDD KASYA, KUSHINAGAR",RDF ,RDF,ASS
6210075000,PUFGL00868,DIV475611,EDD II ANANDNAGAR,RDF ,RDF,ASS
6213246671,FGLTD02929,DIV475814,EDD SEORAHI,IDF,IDF,ASS
6213675000,FGLTD02471,DIV475814,EDD SEORAHI,IDF ,IDF,ASS
6216108000,FGLTD03125,DIV475813,"EDD KASYA, KUSHINAGAR",IDF ,IDF,ASS
6218126000,FGLTD01968,DIV475812,EDD HATA,RDF ,RDF,ASS
6218851373,PUFGL00919,DIV475612,EDD I MAHARAJGANJ,RDF ,OK,MU
6221618000,PUFGL00830,DIV475813,"EDD KASYA, KUSHINAGAR",RDF ,RDF,ASS
6221716000,PUFGL01087,DIV475614,EDD NICHLAUL,RDF ,RDF,ASS
6222085000,FGLTD02305,DIV475814,EDD SEORAHI,IDF ,IDF,ASS
6224756000,FGLTD01248,DIV475811,EDD PADRAUNA,IDF,IDF,ASS
6225227000,FGLTD02929,DIV475814,EDD SEORAHI,IDF ,IDF,ASS
6226108000,FGLTD03344,DIV475813,"EDD KASYA, KUSHINAGAR",RDF,RDF,ASS
6229127000,PUFGL00843,DIV475814,EDD SEORAHI,IDF ,IDF,ASS
6229385000,FGLTD02929,DIV475814,EDD SEORAHI,IDF ,IDF,ASS
6232266797,PUFGL00848,DIV475814,EDD SEORAHI,RDF ,RDF,ASS
6233933400,PUFGL00621,DIV475935,EDD GAURI BAZAR,RDF ,BR,MU
6234107000,FGLTD01968,DIV475812,EDD HATA,RDF ,RDF,ASS
6234465000,PUFGL00836,DIV475813,"EDD KASYA, KUSHINAGAR",RDF ,OK,MU
6235027000,PUFGL00279,DIV435723,EDD SHIKARIGANJ,RDF,P,PROV
6236527000,FGLTD01592,DIV475812,EDD HATA,IDF ,IDF,ASS
6239396000,FGLTD02139,DIV475613,EDD NAUTANWA,RDF ,RDF,ASS
6241667000,FGLTD02008,DIV435732,EDD CHAURI CHAURA,RDF ,OK,MU
6242366173,PUFGL00790,DIV475812,EDD HATA,RDF ,OK,MU
6242646000,FGLTD02503,DIV475935,EDD GAURI BAZAR,RDF ,RDF,ASS
6242767611,PUFGL01048,DIV475613,EDD NAUTANWA,RDF ,P,PROV
6243287000,PUFGL00572,DIV475934,EDD SALEMPUR,RDF,RDF,ASS
6244608000,PUFGL01063,DIV475613,EDD NAUTANWA,RDF ,OK,MU
6246667000,PUFGL00995,DIV475612,EDD I MAHARAJGANJ,RDF ,P,PROV
6246907000,PUFGL00374,DIV435722,"EDD SAHJANWA,GORAKHPUR",RDF ,BR,MU
6247247000,FGLTD01582,DIV475613,EDD NAUTANWA,RDF,RDF,ASS
6247507000,PUFGL00843,DIV475814,EDD SEORAHI,IDF,IDF,ASS
6247808000,PUFGL00635,DIV475935,EDD GAURI BAZAR,RDF ,P,PROV
6248781516,PUFGL00951,DIV475612,EDD I MAHARAJGANJ,RDF ,RDF,ASS
6249397000,FGLTD03101,DIV475932,EDD DEORIA,RDF ,RDF,ASS
6249677000,PUFGL00811,DIV475813,"EDD KASYA, KUSHINAGAR",RDF ,BR,MU
6252397000,FGLTD01189,DIV475813,"EDD KASYA, KUSHINAGAR",RDF ,OK,MU
6252656698,PUFGL00863,DIV475611,EDD II ANANDNAGAR,RDF ,OK,MU
6253267000,PUFGL00848,DIV475814,EDD SEORAHI,IDF ,IDF,ASS
6253826202,PUFGL00749,DIV475812,EDD HATA,RDF ,BR,MU
6255670282,FGLTD02571,DIV435731,"EDD GULHARIYA BAZAR,GORAKHPUR",RDF ,OK,MU
6256148106,FGLTD01661,DIV475814,EDD SEORAHI,IDF ,IDF,ASS
6257065000,PUFGL00877,DIV475611,EDD II ANANDNAGAR,RDF ,P,PROV
6258877000,PUFGL00635,DIV475935,EDD GAURI BAZAR,RDF ,OK,MU
6259284173,PUFGL00251,DIV435733,EDD CAMPIEARGANJ,RDF ,OK,MU
6261096000,PUFGL00844,DIV475814,EDD SEORAHI,IDF ,IDF,ASS
6261546000,PUFGL00811,DIV475813,"EDD KASYA, KUSHINAGAR",RDF ,RDF,ASS
6262685000,PUFGL00476,DIV475932,EDD DEORIA,RDF ,RDF,ASS
6263246000,FGLTD03297,DIV475812,EDD HATA,RDF ,RDF,ASS
6264446000,FGLTD03004,DIV475812,EDD HATA,IDF ,IDF,ASS
6265406879,PUFGL00837,DIV475813,"EDD KASYA, KUSHINAGAR",RDF ,P,PROV
6266097000,PUFGL00893,DIV475611,EDD II ANANDNAGAR,RDF ,RDF,ASS
6266776000,FGLTD02471,DIV475814,EDD SEORAHI,IDF ,IDF,ASS
6267008000,FGLTD03229,DIV475813,"EDD KASYA, KUSHINAGAR",RDF ,RDF,ASS
6268877000,PUFGL00622,DIV475935,EDD GAURI BAZAR,RDF ,OK,MU
6269378372,PUFGL00751,DIV475812,EDD HATA,RDF ,OK,MU
6270087000,PUFGL00584,DIV475934,EDD SALEMPUR,IDF ,IDF,ASS
6270186000,PUFGL00844,DIV475814,EDD SEORAHI,IDF,IDF,ASS
6270296000,FGLTD01549,DIV475932,EDD DEORIA,RDF ,RDF,ASS
6271165000,FGLTD01246,DIV435733,EDD CAMPIEARGANJ,RDF ,OK,MU
6272005907,PUFGL00250,DIV435733,EDD CAMPIEARGANJ,RDF ,P,PROV
6274381875,PUFGL01132,DIV475614,EDD NICHLAUL,RDF ,OK,MU
6275354000,PUFGL00709,DIV475811,EDD PADRAUNA,IDF ,IDF,ASS
6275932426,PUFGL00251,DIV435733,EDD CAMPIEARGANJ,RDF,RDF,ASS
6277162183,PUFGL00547,DIV475934,EDD SALEMPUR,IDF ,IDF,ASS
6280357000,FGLTD03191,DIV475932,EDD DEORIA,RDF ,RDF,ASS
6283665000,PUFGL00194,DIV435731,"EDD GULHARIYA BAZAR,GORAKHPUR",RDF ,RDF,ASS
6284987000,PUFGL00932,DIV475612,EDD I MAHARAJGANJ,RDF ,RDF,ASS
6285507000,PUFGL00843,DIV475814,EDD SEORAHI,IDF ,IDF,ASS
6287247000,PUFGL00817,DIV475813,"EDD KASYA, KUSHINAGAR",IDF ,IDF,ASS
6289157000,PUFGL00699,DIV475811,EDD PADRAUNA,RDF ,RDF,ASS
6289216000,FGLTD03230,DIV475813,"EDD KASYA, KUSHINAGAR",RDF ,RDF,ASS
6291697000,PUFGL00894,DIV475611,EDD II ANANDNAGAR,RDF ,OK,MU
6291871504,FGLTD02701,DIV435732,EDD CHAURI CHAURA,RDF ,BR,MU
6292266000,PUFGL00390,DIV435722,"EDD SAHJANWA,GORAKHPUR",RDF ,RDF,ASS
6292447000,PUFGL00833,DIV475813,"EDD KASYA, KUSHINAGAR",RDF ,OK,MU
6293675000,FGLTD01661,DIV475814,EDD SEORAHI,IDF ,IDF,ASS
6299026000,PUFGL00290,DIV435723,EDD SHIKARIGANJ,RDF ,RDF,ASS
6299857000,PUFGL00103,DIV435732,EDD CHAURI CHAURA,RDF ,OK,MU
6300465000,FGLTD01191,DIV475813,"EDD KASYA, KUSHINAGAR",RDF ,OK,MU
6300607370,FGLTD02353,DIV475614,EDD NICHLAUL,RDF ,RDF,ASS
6300800357,PUFGL01040,DIV475613,EDD NAUTANWA,RDF ,RDF,ASS
6300947000,PUFGL00474,DIV475932,EDD DEORIA,RDF ,RDF,ASS
6301661941,FGLTD01661,DIV475814,EDD SEORAHI,IDF ,IDF,ASS
6304087000,FGLTD02296,DIV475812,EDD HATA,RDF ,P,PROV
6306475000,PUFGL00592,DIV475934,EDD SALEMPUR,RDF ,RDF,ASS
6307946000,PUFGL01211,DIV475935,EDD GAURI BAZAR,RDF ,BR,MU
6308440751,PUFGL00633,DIV475935,EDD GAURI BAZAR,IDF ,IDF,ASS
6309171879,PUFGL00250,DIV435733,EDD CAMPIEARGANJ,RDF ,P,PROV
6309736000,FGLTD03001,DIV475613,EDD NAUTANWA,RDF ,RDF,ASS
6309908000,FGLTD03191,DIV475932,EDD DEORIA,RDF ,RDF,ASS
6312557614,FGLTD02308,DIV475814,EDD SEORAHI,IDF ,IDF,ASS
6313366000,FGLTD02438,DIV475611,EDD II ANANDNAGAR,RDF ,P,PROV
6313426000,FGLTD01671,DIV475814,EDD SEORAHI,IDF ,IDF,ASS
6314287000,PUFGL00790,DIV475812,EDD HATA,RDF ,RDF,ASS
6315128925,FGLTD02308,DIV475814,EDD SEORAHI,IDF ,IDF,ASS
6316849756,PUFGL00507,DIV475932,EDD DEORIA,RDF ,RDF,ASS
6318186000,PUFGL00723,DIV475811,EDD PADRAUNA,RDF ,RDF,ASS
6318696000,FGLTD02197,DIV435731,"EDD GULHARIYA BAZAR,GORAKHPUR",RDF ,RDF,ASS
6318776000,FGLTD01189,DIV475813,"EDD KASYA, KUSHINAGAR",RDF ,OK,MU
6322236000,PUFGL00259,DIV435733,EDD CAMPIEARGANJ,RDF ,RDF,ASS
6322526000,FGLTD02239,DIV475935,EDD GAURI BAZAR,IDF ,IDF,ASS
6322756000,PUFGL00704,DIV475811,EDD PADRAUNA,IDF ,IDF,ASS
6325077000,PUFGL00844,DIV475814,EDD SEORAHI,IDF ,IDF,ASS
6325585000,PUFGL00760,DIV475812,EDD HATA,IDF ,IDF,ASS
6325647000,PUFGL00850,DIV475814,EDD SEORAHI,RDF ,OK,MU
6326964113,FGLTD02422,DIV435711,"EUDD TOWNHALL,GORAKHPUR",RDF ,OK,MU
6328775000,PUFGL00593,DIV475934,EDD SALEMPUR,RDF ,RDF,ASS
6329432650,PUFGL00712,DIV475811,EDD PADRAUNA,RDF ,RDF,ASS
6329575000,FGLTD02929,DIV475814,EDD SEORAHI,IDF ,IDF,ASS
6330957000,PUFGL00811,DIV475813,"EDD KASYA, KUSHINAGAR",RDF ,RDF,ASS
6333308000,PUFGL00633,DIV475935,EDD GAURI BAZAR,RDF,RDF,ASS
6334018000,PUFGL00570,DIV475934,EDD SALEMPUR,RDF,RDF,ASS
6334186000,FGLTD02308,DIV475814,EDD SEORAHI,IDF ,IDF,ASS
6334436000,FGLTD01968,DIV475812,EDD HATA,RDF ,RDF,ASS
6334585000,FGLTD02256,DIV435733,EDD CAMPIEARGANJ,RDF ,OK,MU
6336255001,PUFGL00843,DIV475814,EDD SEORAHI,RDF ,RDF,ASS
6338343973,PUFGL00830,DIV475813,"EDD KASYA, KUSHINAGAR",RDF ,OK,MU
6339324582,PUFGL01201,DIV475932,EDD DEORIA,RDF ,OK,MU
6340586000,FGLTD03096,DIV435732,EDD CHAURI CHAURA,RDF ,OK,MU
6342828414,FGLTD01283,DIV475935,EDD GAURI BAZAR,RDF ,OK,MU
6344308000,PUFGL00987,DIV475612,EDD I MAHARAJGANJ,RDF ,P,PROV
6346226000,FGLTD03057,DIV475813,"EDD KASYA, KUSHINAGAR",RDF ,RDF,ASS
6346476000,PUFGL00251,DIV435733,EDD CAMPIEARGANJ,RDF ,RDF,ASS
6347637051,PUFGL00416,DIV435722,"EDD SAHJANWA,GORAKHPUR",RDF ,OK,MU
6348345075,FGLTD03057,DIV475813,"EDD KASYA, KUSHINAGAR",RDF ,OK,MU
6349476000,FGLTD03090,DIV435733,EDD CAMPIEARGANJ,RDF ,OK,MU
6350446000,FGLTD01968,DIV475812,EDD HATA,RDF ,RDF,ASS
6351611026,PUFGL00250,DIV435733,EDD CAMPIEARGANJ,RDF ,P,PROV
6353108000,PUFGL00376,DIV435722,"EDD SAHJANWA,GORAKHPUR",RDF ,P,PROV
6354547000,PUFGL00572,DIV475934,EDD SALEMPUR,RDF ,RDF,ASS
6355486815,FGLTD02238,DIV475932,EDD DEORIA,RDF ,RDF,ASS
6355618000,FGLTD01584,DIV475613,EDD NAUTANWA,RDF ,OK,MU
6356647000,FGLTD02929,DIV475814,EDD SEORAHI,IDF ,IDF,ASS
6357326309,PUFGL00880,DIV475611,EDD II ANANDNAGAR,RDF ,P,PROV
6361316000,FGLTD03202,DIV475813,"EDD KASYA, KUSHINAGAR",RDF ,RDF,ASS
6362316000,PUFGL01036,DIV475613,EDD NAUTANWA,RDF ,RDF,ASS
6362575000,PUFGL00552,DIV475934,EDD SALEMPUR,IDF ,IDF,ASS
6362754459,PUFGL00394,DIV435722,"EDD SAHJANWA,GORAKHPUR",RDF ,RDF,ASS
6362865000,FGLTD02929,DIV475814,EDD SEORAHI,IDF ,IDF,ASS
6363426000,PUFGL00844,DIV475814,EDD SEORAHI,IDF ,IDF,ASS
6367507000,FGLTD01661,DIV475814,EDD SEORAHI,IDF,IDF,ASS
6368346000,PUFGL00575,DIV475934,EDD SALEMPUR,RDF ,RDF,ASS
6368617000,PUFGL01117,DIV475614,EDD NICHLAUL,RDF,OK,MU
6369808000,PUFGL00162,DIV435731,"EDD GULHARIYA BAZAR,GORAKHPUR",RDF,P,PROV
6370946000,PUFGL00704,DIV475811,EDD PADRAUNA,IDF ,IDF,ASS
6373118000,FGLTD03393,DIV475814,EDD SEORAHI,IDF ,IDF,ASS
6373307000,PUFGL00199,DIV435731,"EDD GULHARIYA BAZAR,GORAKHPUR",RDF ,P,PROV
6375197000,PUFGL00843,DIV475814,EDD SEORAHI,IDF ,IDF,ASS
6375912000,FGLTD02431,DIV435713,"EUDD MOHADDIPUR,GORAKHPUR",RDF ,OK,MU
6376796000,PUFGL00844,DIV475814,EDD SEORAHI,IDF ,IDF,ASS
6376913624,PUFGL00844,DIV475814,EDD SEORAHI,IDF ,IDF,ASS
6377565000,PUFGL00875,DIV475611,EDD II ANANDNAGAR,RDF ,OK,MU
6378208000,PUFGL00173,DIV435731,"EDD GULHARIYA BAZAR,GORAKHPUR",RDF ,OK,MU
6387716000,PUFGL00258,DIV435733,EDD CAMPIEARGANJ,IDF,IDF,ASS
6387808515,FGLTD02471,DIV475814,EDD SEORAHI,IDF ,IDF,ASS
6388945907,FGLTD02422,DIV435711,"EUDD TOWNHALL,GORAKHPUR",RDF ,OK,MU
6390167877,PUFGL01124,DIV475614,EDD NICHLAUL,RDF ,OK,MU
6391956000,FGLTD01557,DIV475932,EDD DEORIA,RDF,RDF,ASS
6394185000,FGLTD03193,DIV475935,EDD GAURI BAZAR,IDF ,IDF,ASS
6395154075,FGLTD02139,DIV475613,EDD NAUTANWA,RDF ,OK,MU
6396686000,FGLTD03133,DIV475812,EDD HATA,RDF ,OK,MU
6397275000,FGLTD01582,DIV475613,EDD NAUTANWA,RDF ,P,PROV
6398996252,PUFGL00706,DIV475811,EDD PADRAUNA,IDF ,IDF,ASS
6401956000,PUFGL00555,DIV475934,EDD SALEMPUR,RDF,OK,MU
6403357000,PUFGL00572,DIV475934,EDD SALEMPUR,RDF ,RDF,ASS
6404018000,PUFGL00203,DIV435731,"EDD GULHARIYA BAZAR,GORAKHPUR",RDF ,RDF,ASS
6404456000,PUFGL00806,DIV475813,"EDD KASYA, KUSHINAGAR",IDF ,IDF,ASS
6404469202,PUFGL00491,DIV475932,EDD DEORIA,RDF ,OK,MU
6404976000,FGLTD03122,DIV475813,"EDD KASYA, KUSHINAGAR",RDF ,RDF,ASS
6405012526,PUFGL00428,DIV435722,"EDD SAHJANWA,GORAKHPUR",RDF ,OK,MU
6405946000,PUFGL00916,DIV475612,EDD I MAHARAJGANJ,RDF ,RDF,ASS
6408385000,PUFGL00110,DIV435732,EDD CHAURI CHAURA,RDF ,OK,MU
6408496304,FGLTD02544,DIV435732,EDD CHAURI CHAURA,RDF ,OK,MU
6408908000,FGLTD02695,DIV475811,EDD PADRAUNA,IDF ,IDF,ASS
6410107000,PUFGL00584,DIV475934,EDD SALEMPUR,RDF,RDF,ASS
6410254548,FGLTD01844,DIV435712,"EUDD SRI GORAKHNATH,GORAKHPUR",RDF ,OK,MU
6410477000,PUFGL01046,DIV475613,EDD NAUTANWA,RDF ,P,PROV
6411344377,FGLTD02305,DIV475814,EDD SEORAHI,IDF ,IDF,ASS
6412426000,FGLTD02308,DIV475814,EDD SEORAHI,IDF ,IDF,ASS
6414597000,FGLTD02929,DIV475814,EDD SEORAHI,IDF ,IDF,ASS
6415966000,FGLTD03204,DIV475813,"EDD KASYA, KUSHINAGAR",IDF ,IDF,ASS
6416787588,PUFGL00761,DIV475812,EDD HATA,RDF ,P,PROV
6417417000,FGLTD01244,DIV435722,"EDD SAHJANWA,GORAKHPUR",RDF ,OK,MU
6417465000,PUFGL01040,DIV475613,EDD NAUTANWA,RDF ,OK,MU
6418608000,PUFGL00790,DIV475812,EDD HATA,RDF ,OK,CEIL
6420447000,PUFGL01210,DIV475935,EDD GAURI BAZAR,RDF ,OK,CEIL
6420517000,PUFGL00540,DIV475934,EDD SALEMPUR,RDF ,RDF,ASS
6423775000,FGLTD03090,DIV435733,EDD CAMPIEARGANJ,RDF ,RDF,ASS
6426031664,PUFGL00920,DIV475612,EDD I MAHARAJGANJ,RDF ,OK,MU
6426693698,PUFGL00592,DIV475934,EDD SALEMPUR,RDF ,RDF,ASS
6427267000,FGLTD02929,DIV475814,EDD SEORAHI,IDF ,IDF,ASS
6427510241,PUFGL00427,DIV435722,"EDD SAHJANWA,GORAKHPUR",RDF ,OK,MU
6431597000,PUFGL01019,DIV475612,EDD I MAHARAJGANJ,RDF ,P,PROV
6432618825,PUFGL00492,DIV475932,EDD DEORIA,RDF,RDF,ASS
6432876141,PUFGL00507,DIV475932,EDD DEORIA,RDF ,OK,MU
6433085000,FGLTD02662,DIV475813,"EDD KASYA, KUSHINAGAR",RDF ,P,PROV
6434837567,FGLTD02474,DIV475814,EDD SEORAHI,IDF ,IDF,ASS
6434845050,PUFGL01048,DIV475613,EDD NAUTANWA,RDF ,P,PROV
6436046000,FGLTD01514,DIV475935,EDD GAURI BAZAR,RDF ,RDF,ASS
6436236000,FGLTD02314,DIV435732,EDD CHAURI CHAURA,RDF ,OK,MU
6437137000,PUFGL00757,DIV475812,EDD HATA,IDF ,RDF,ASS
6437221744,FGLTD01671,DIV475814,EDD SEORAHI,RDF ,P,PROV
6438037000,FGLTD01770,DIV475814,EDD SEORAHI,IDF ,IDF,ASS
6439777000,FGLTD03398,DIV435722,"EDD SAHJANWA,GORAKHPUR",RDF ,P,PROV
6440507000,PUFGL00901,DIV475611,EDD II ANANDNAGAR,RDF ,RDF,ASS
6440946000,FGLTD01661,DIV475814,EDD SEORAHI,IDF ,IDF,ASS
6443007000,PUFGL00506,DIV475932,EDD DEORIA,RDF,RDF,ASS
6443017359,FGLTD02586,DIV475611,EDD II ANANDNAGAR,RDF ,OK,MU
6443046000,FGLTD03232,DIV475813,"EDD KASYA, KUSHINAGAR",RDF ,RDF,ASS
6444065000,FGLTD01592,DIV475812,EDD HATA,IDF,IDF,ASS
6444247000,FGLTD02147,DIV475614,EDD NICHLAUL,RDF ,RDF,ASS
6447247000,PUFGL01031,DIV475613,EDD NAUTANWA,RDF ,RDF,ASS
6448007000,PUFGL00592,DIV475934,EDD SALEMPUR,RDF ,RDF,ASS
6449376000,PUFGL00552,DIV475934,EDD SALEMPUR,IDF ,IDF,ASS
6450380865,FGLTD01867,DIV435713,"EUDD MOHADDIPUR,GORAKHPUR",RDF ,OK,MU
6450975000,PUFGL00584,DIV475934,EDD SALEMPUR,RDF ,OK,MU
6451267000,FGLTD03122,DIV475813,"EDD KASYA, KUSHINAGAR",RDF ,RDF,ASS
6452986000,FGLTD03118,DIV475814,EDD SEORAHI,IDF ,IDF,ASS
6454785000,PUFGL00887,DIV475611,EDD II ANANDNAGAR,RDF ,OK,MU
6455855000,PUFGL00161,DIV435731,"EDD GULHARIYA BAZAR,GORAKHPUR",RDF ,RDF,ASS
6458865578,PUFGL00162,DIV435731,"EDD GULHARIYA BAZAR,GORAKHPUR",RDF ,OK,MU
6461363000,PUFGL00491,DIV475932,EDD DEORIA,RDF ,RDF,ASS
6462446000,FGLTD03411,DIV475611,EDD II ANANDNAGAR,RDF ,P,PROV
6464118000,FGLTD02793,DIV475935,EDD GAURI BAZAR,RDF ,RDF,ASS
6464866000,PUFGL00117,DIV435732,EDD CHAURI CHAURA,RDF ,RDF,ASS
6464936000,PUFGL00194,DIV435731,"EDD GULHARIYA BAZAR,GORAKHPUR",RDF ,RDF,ASS
6465186000,PUFGL00844,DIV475814,EDD SEORAHI,IDF ,IDF,ASS
6466857000,PUFGL01138,DIV475614,EDD NICHLAUL,RDF ,OK,MU
6466897000,PUFGL00587,DIV475934,EDD SALEMPUR,RDF ,RDF,ASS
6467087162,PUFGL00839,DIV475813,"EDD KASYA, KUSHINAGAR",RDF ,RDF,ASS
6467555668,PUFGL00398,DIV435722,"EDD SAHJANWA,GORAKHPUR",RDF ,BR,MU
6467822561,FGLTD03033,DIV475935,EDD GAURI BAZAR,RDF ,BR,MU
6468486000,PUFGL00761,DIV475812,EDD HATA,RDF ,OK,MU
6469556772,PUFGL00732,DIV475812,EDD HATA,RDF ,OK,MU
6470276000,PUFGL00163,DIV435731,"EDD GULHARIYA BAZAR,GORAKHPUR",RDF,RDF,ASS
6470836000,PUFGL00648,DIV475935,EDD GAURI BAZAR,IDF ,IDF,ASS
6471337000,PUFGL00548,DIV475934,EDD SALEMPUR,RDF ,RDF,ASS
6471822722,PUFGL00657,DIV475811,EDD PADRAUNA,IDF ,IDF,ASS
6472711211,PUFGL00135,DIV435732,EDD CHAURI CHAURA,RDF ,OK,MU
6473691098,FGLTD02738,DIV435733,EDD CAMPIEARGANJ,IDF,IDF,ASS
6475017000,FGLTD01188,DIV475813,"EDD KASYA, KUSHINAGAR",RDF ,RDF,ASS
6475037000,PUFGL00723,DIV475811,EDD PADRAUNA,RDF ,RDF,ASS
6480627000,PUFGL00110,DIV435732,EDD CHAURI CHAURA,RDF ,RDF,ASS
6481056000,FGLTD01883,DIV435721,EDD KAURIRAM,RDF ,P,PROV
6482245411,PUFGL00194,DIV435731,"EDD GULHARIYA BAZAR,GORAKHPUR",RDF ,RDF,ASS
6483076000,PUFGL00773,DIV475812,EDD HATA,RDF ,OK,MU
6483785470,PUFGL00847,DIV475814,EDD SEORAHI,RDF ,RDF,ASS
6483916000,PUFGL00552,DIV475934,EDD SALEMPUR,RDF ,RDF,ASS
6484018000,PUFGL00352,DIV435721,EDD KAURIRAM,RDF ,OK,MU
6485627000,FGLTD03284,DIV475813,"EDD KASYA, KUSHINAGAR",RDF ,RDF,ASS
6487147000,PUFGL00729,DIV475812,EDD HATA,RDF ,OK,MU
6489287000,FGLTD02016,DIV435722,"EDD SAHJANWA,GORAKHPUR",RDF ,RDF,ASS
6489986000,PUFGL00185,DIV435731,"EDD GULHARIYA BAZAR,GORAKHPUR",RDF ,P,PROV
6491391684,PUFGL00113,DIV435732,EDD CHAURI CHAURA,RDF ,OK,MU
6491516000,PUFGL00159,DIV435731,"EDD GULHARIYA BAZAR,GORAKHPUR",RDF ,OK,MU
6492901570,FGLTD02577,DIV435713,"EUDD MOHADDIPUR,GORAKHPUR",RDF ,RDF,ASS
6493967000,PUFGL00474,DIV475932,EDD DEORIA,RDF ,RDF,ASS
6495165000,FGLTD02808,DIV475934,EDD SALEMPUR,RDF ,RDF,ASS
6495297000,PUFGL00654,DIV475811,EDD PADRAUNA,IDF ,IDF,ASS
6495508000,PUFGL00868,DIV475611,EDD II ANANDNAGAR,RDF ,RDF,ASS
6495557000,PUFGL00548,DIV475934,EDD SALEMPUR,RDF ,RDF,ASS
6497937000,FGLTD02299,DIV475812,EDD HATA,RDF ,P,PROV
6501346000,PUFGL00965,DIV475612,EDD I MAHARAJGANJ,RDF ,RDF,ASS
6501390561,PUFGL00252,DIV435733,EDD CAMPIEARGANJ,RDF ,RDF,ASS
6502865000,FGLTD01773,DIV475814,EDD SEORAHI,RDF ,P,PROV
6504565000,FGLTD03167,DIV435731,"EDD GULHARIYA BAZAR,GORAKHPUR",RDF ,OK,MU
6508057000,FGLTD01587,DIV475613,EDD NAUTANWA,RDF,RDF,ASS
6509317000,FGLTD02305,DIV475814,EDD SEORAHI,IDF ,IDF,ASS
6512096000,FGLTD02638,DIV475814,EDD SEORAHI,IDF ,IDF,ASS
6514597000,FGLTD02929,DIV475814,EDD SEORAHI,IDF ,IDF,ASS
6517348010,PUFGL00704,DIV475811,EDD PADRAUNA,IDF ,IDF,ASS
6517516000,PUFGL00552,DIV475934,EDD SALEMPUR,RDF,RDF,ASS
6518756000,PUFGL00597,DIV475934,EDD SALEMPUR,RDF ,BR,MU
6518946266,PUFGL00901,DIV475611,EDD II ANANDNAGAR,RDF ,RDF,ASS
6520127000,PUFGL00579,DIV475934,EDD SALEMPUR,RDF ,RDF,ASS
6520749842,FGLTD03220,DIV475613,EDD NAUTANWA,RDF ,RDF,ASS
6522408000,PUFGL00589,DIV475934,EDD SALEMPUR,RDF ,RDF,ASS
6525227339,PUFGL00830,DIV475813,"EDD KASYA, KUSHINAGAR",RDF ,OK,MU
6526718000,FGLTD03284,DIV475813,"EDD KASYA, KUSHINAGAR",IDF ,RDF,ASS
6527407000,PUFGL00358,DIV435721,EDD KAURIRAM,RDF ,P,PROV
6529357000,PUFGL00427,DIV435722,"EDD SAHJANWA,GORAKHPUR",RDF ,OK,MU
6530192858,PUFGL00878,DIV475611,EDD II ANANDNAGAR,RDF ,OK,MU
6530307000,PUFGL01039,DIV475613,EDD NAUTANWA,RDF,RDF,ASS
6531228141,FGLTD01244,DIV435722,"EDD SAHJANWA,GORAKHPUR",RDF ,P,PROV
6532220737,PUFGL00844,DIV475814,EDD SEORAHI,IDF,IDF,ASS
6535136000,PUFGL00555,DIV475934,EDD SALEMPUR,RDF ,RDF,ASS
6536527000,PUFGL00882,DIV475611,EDD II ANANDNAGAR,RDF ,OK,MU
6536756000,FGLTD02503,DIV475935,EDD GAURI BAZAR,RDF ,OK,MU
6537024128,FGLTD02570,DIV435732,EDD CHAURI CHAURA,RDF ,BR,MU
6538385000,PUFGL00844,DIV475814,EDD SEORAHI,IDF ,IDF,ASS
6539761593,PUFGL00894,DIV475611,EDD II ANANDNAGAR,RDF ,OK,MU
6541417000,PUFGL00704,DIV475811,EDD PADRAUNA,IDF ,IDF,ASS
6545419691,FGLTD02379,DIV475811,EDD PADRAUNA,IDF ,IDF,ASS
6545560340,FGLTD01661,DIV475814,EDD SEORAHI,IDF,IDF,ASS
6546337000,PUFGL00570,DIV475934,EDD SALEMPUR,RDF ,RDF,ASS
6548787000,PUFGL00633,DIV475935,EDD GAURI BAZAR,IDF ,IDF,NULL
6549556000,PUFGL00522,DIV475934,EDD SALEMPUR,IDF ,IDF,ASS
6549667000,PUFGL01034,DIV475613,EDD NAUTANWA,RDF ,P,PROV
6549955000,FGLTD02929,DIV475814,EDD SEORAHI,IDF ,IDF,ASS
6550275000,FGLTD03230,DIV475813,"EDD KASYA, KUSHINAGAR",RDF ,RDF,ASS
6551547000,PUFGL00674,DIV475811,EDD PADRAUNA,RDF ,RDF,ASS
6552817000,FGLTD02126,DIV475612,EDD I MAHARAJGANJ,RDF,RDF,ASS
6554226000,PUFGL00826,DIV475813,"EDD KASYA, KUSHINAGAR",IDF ,IDF,ASS
6561536000,FGLTD03327,DIV475614,EDD NICHLAUL,RDF ,P,PROV
6562147000,PUFGL00885,DIV475611,EDD II ANANDNAGAR,RDF ,RDF,ASS
6563454000,PUFGL00701,DIV475811,EDD PADRAUNA,RDF,OK,MU
6565765000,FGLTD02305,DIV475814,EDD SEORAHI,IDF ,IDF,ASS
6565787000,FGLTD02305,DIV475814,EDD SEORAHI,IDF ,IDF,ASS
6567573157,FGLTD02667,DIV475813,"EDD KASYA, KUSHINAGAR",IDF,IDF,ASS
6568756021,PUFGL00850,DIV475814,EDD SEORAHI,IDF ,IDF,ASS
6571367000,FGLTD03208,DIV475814,EDD SEORAHI,RDF,RDF,ASS
6571874680,PUFGL00486,DIV475932,EDD DEORIA,RDF ,P,PROV
6572906833,PUFGL00919,DIV475612,EDD I MAHARAJGANJ,RDF ,OK,MU
6573046931,PUFGL00729,DIV475812,EDD HATA,IDF ,IDF,ASS
6574707000,FGLTD02296,DIV475812,EDD HATA,RDF ,RDF,ASS
6575038716,PUFGL00763,DIV475812,EDD HATA,RDF ,OK,MU
6575665000,PUFGL00566,DIV475934,EDD SALEMPUR,RDF,RDF,ASS
6577804092,PUFGL00476,DIV475932,EDD DEORIA,RDF ,P,PROV
6578596000,PUFGL00868,DIV475611,EDD II ANANDNAGAR,RDF ,OK,MU
6579500468,PUFGL00617,DIV475935,EDD GAURI BAZAR,RDF ,BR,MU
6580046000,PUFGL00416,DIV435722,"EDD SAHJANWA,GORAKHPUR",RDF ,P,PROV
6581027788,PUFGL00552,DIV475934,EDD SALEMPUR,RDF ,RDF,ASS
6581757000,PUFGL00507,DIV475932,EDD DEORIA,RDF,RDF,ASS
6584065000,PUFGL00779,DIV475812,EDD HATA,RDF ,OK,MU
6584736114,PUFGL01039,DIV475613,EDD NAUTANWA,RDF ,OK,MU
6586495862,PUFGL00514,DIV475932,EDD DEORIA,RDF ,RDF,ASS
6586807000,PUFGL00364,DIV435722,"EDD SAHJANWA,GORAKHPUR",RDF ,RDF,ASS
6589285000,PUFGL00383,DIV435722,"EDD SAHJANWA,GORAKHPUR",RDF ,OK,MU
6595165000,PUFGL00592,DIV475934,EDD SALEMPUR,RDF ,RDF,ASS
6595216000,PUFGL00552,DIV475934,EDD SALEMPUR,IDF ,IDF,ASS
6597126000,FGLTD01582,DIV475613,EDD NAUTANWA,RDF ,OK,MU
6603008000,PUFGL01064,DIV475613,EDD NAUTANWA,RDF ,RDF,ASS
6604354000,PUFGL00705,DIV475811,EDD PADRAUNA,RDF,RDF,ASS
6604847000,FGLTD03198,DIV475934,EDD SALEMPUR,RDF ,RDF,ASS
6606497000,PUFGL00339,DIV435721,EDD KAURIRAM,IDF,IDF,ASS
6610211802,FGLTD03004,DIV475812,EDD HATA,IDF ,IDF,ASS
6610336000,FGLTD03003,DIV475612,EDD I MAHARAJGANJ,IDF,IDF,ASS
6611696000,PUFGL00506,DIV475932,EDD DEORIA,RDF ,OK,MU
6612118000,PUFGL00933,DIV475612,EDD I MAHARAJGANJ,RDF ,RDF,ASS
6613017000,PUFGL01082,DIV475613,EDD NAUTANWA,RDF,RDF,ASS
6613686000,FGLTD03229,DIV475813,"EDD KASYA, KUSHINAGAR",RDF ,RDF,ASS
6614387000,FGLTD02489,DIV475814,EDD SEORAHI,IDF ,IDF,ASS
6614538528,PUFGL00489,DIV475932,EDD DEORIA,RDF ,RDF,NULL
6617317000,FGLTD01773,DIV475814,EDD SEORAHI,IDF ,IDF,ASS
6618409036,FGLTD02471,DIV475814,EDD SEORAHI,IDF ,IDF,ASS
6621216000,PUFGL01017,DIV475612,EDD I MAHARAJGANJ,RDF ,BR,MU
6621366000,PUFGL00826,DIV475813,"EDD KASYA, KUSHINAGAR",RDF ,OK,MU
6621846000,FGLTD02533,DIV435721,EDD KAURIRAM,RDF,RDF,ASS
6621988263,PUFGL00993,DIV475612,EDD I MAHARAJGANJ,RDF ,P,PROV
6623396541,PUFGL01209,DIV475935,EDD GAURI BAZAR,RDF ,OK,MU
6623718000,FGLTD01189,DIV475813,"EDD KASYA, KUSHINAGAR",RDF ,OK,MU
6627916000,PUFGL00562,DIV475934,EDD SALEMPUR,RDF ,RDF,ASS
6627967954,FGLTD01987,DIV435723,EDD SHIKARIGANJ,RDF ,RDF,ASS
6627975000,PUFGL00416,DIV435722,"EDD SAHJANWA,GORAKHPUR",RDF,P,PROV
6628866000,PUFGL00778,DIV475812,EDD HATA,IDF ,IDF,ASS
6629202009,FGLTD02929,DIV475814,EDD SEORAHI,IDF ,IDF,ASS
6631366000,PUFGL00837,DIV475813,"EDD KASYA, KUSHINAGAR",RDF ,OK,MU
6632673088,PUFGL00359,DIV435721,EDD KAURIRAM,RDF ,OK,MU
6632775000,FGLTD01968,DIV475812,EDD HATA,IDF ,IDF,ASS
6632886000,PUFGL00679,DIV475811,EDD PADRAUNA,IDF ,IDF,ASS
6633937000,PUFGL00865,DIV475611,EDD II ANANDNAGAR,RDF ,OK,MU
6634887000,PUFGL00251,DIV435733,EDD CAMPIEARGANJ,RDF ,P,PROV
6638334186,PUFGL01017,DIV475612,EDD I MAHARAJGANJ,RDF ,P,PROV
6642803493,FGLTD03004,DIV475812,EDD HATA,IDF ,IDF,ASS
6643936000,FGLTD03390,DIV475811,EDD PADRAUNA,IDF ,IDF,ASS
6644046000,PUFGL00848,DIV475814,EDD SEORAHI,IDF ,IDF,ASS
6646157000,FGLTD01582,DIV475613,EDD NAUTANWA,RDF ,P,PROV
6646409049,FGLTD01873,DIV435714,"EUDD RAPTINAGAR,GORAKHPUR",RDF ,OK,MU
6648086000,FGLTD02929,DIV475814,EDD SEORAHI,IDF ,IDF,ASS
6648208000,PUFGL00837,DIV475813,"EDD KASYA, KUSHINAGAR",RDF ,RDF,ASS
6650096920,PUFGL00732,DIV475812,EDD HATA,RDF ,BR,MU
6651685000,PUFGL00901,DIV475611,EDD II ANANDNAGAR,RDF ,RDF,ASS
6655166000,FGLTD03120,DIV475813,"EDD KASYA, KUSHINAGAR",RDF ,RDF,ASS
6656997000,FGLTD03061,DIV475813,"EDD KASYA, KUSHINAGAR",RDF ,RDF,ASS
6657206276,FGLTD02483,DIV475812,EDD HATA,IDF ,IDF,ASS
6658126000,PUFGL00384,DIV435722,"EDD SAHJANWA,GORAKHPUR",RDF ,P,PROV
6658365000,PUFGL00108,DIV435732,EDD CHAURI CHAURA,RDF ,OK,MU
6658418000,PUFGL00592,DIV475934,EDD SALEMPUR,RDF,RDF,ASS
6659877000,FGLTD03393,DIV475814,EDD SEORAHI,IDF ,IDF,ASS
6660733683,PUFGL00719,DIV475811,EDD PADRAUNA,RDF ,P,PROV
6660775000,PUFGL00873,DIV475611,EDD II ANANDNAGAR,RDF ,OK,MU
6660837000,FGLTD01661,DIV475814,EDD SEORAHI,IDF,IDF,ASS
6661785000,PUFGL00589,DIV475934,EDD SALEMPUR,RDF ,RDF,ASS
6663167000,PUFGL00683,DIV475811,EDD PADRAUNA,IDF ,IDF,ASS
6663965000,FGLTD02149,DIV435732,EDD CHAURI CHAURA,RDF ,RDF,ASS
6665456000,PUFGL01189,DIV475935,EDD GAURI BAZAR,RDF ,RDF,ASS
6666316820,PUFGL00606,DIV475934,EDD SALEMPUR,RDF ,OK,MU
6667336000,PUFGL00539,DIV475934,EDD SALEMPUR,RDF ,OK,MU
6667947000,FGLTD02612,DIV475812,EDD HATA,RDF ,OK,MU
6668685000,PUFGL00552,DIV475934,EDD SALEMPUR,RDF ,RDF,ASS
6671006000,FGLTD03165,DIV435731,"EDD GULHARIYA BAZAR,GORAKHPUR",RDF ,OK,MU
6671165000,FGLTD01966,DIV475812,EDD HATA,IDF ,IDF,ASS
6671354000,PUFGL00706,DIV475811,EDD PADRAUNA,IDF,IDF,ASS
6672487000,FGLTD01630,DIV475812,EDD HATA,RDF ,OK,MU
6674317000,FGLTD02978,DIV435733,EDD CAMPIEARGANJ,RDF ,P,PROV
6675697000,PUFGL00736,DIV475812,EDD HATA,RDF ,P,PROV
6676877000,FGLTD02929,DIV475814,EDD SEORAHI,IDF,IDF,ASS
6682567000,FGLTD03327,DIV475614,EDD NICHLAUL,RDF,TDMR,MU
6686841324,FGLTD02918,DIV435733,EDD CAMPIEARGANJ,RDF ,P,PROV
6688636000,PUFGL01053,DIV475613,EDD NAUTANWA,RDF ,RDF,ASS
6688865000,FGLTD02025,DIV475934,EDD SALEMPUR,RDF ,RDF,ASS
6692336000,FGLTD02305,DIV475814,EDD SEORAHI,IDF ,IDF,ASS
6693240444,FGLTD03390,DIV475811,EDD PADRAUNA,IDF ,IDF,ASS
6693637000,FGLTD02667,DIV475813,"EDD KASYA, KUSHINAGAR",RDF ,RDF,ASS
6693876000,FGLTD03170,DIV435731,"EDD GULHARIYA BAZAR,GORAKHPUR",RDF ,P,PROV
6694357000,PUFGL00575,DIV475934,EDD SALEMPUR,RDF ,RDF,ASS
6695886000,FGLTD02540,DIV435731,"EDD GULHARIYA BAZAR,GORAKHPUR",RDF ,RDF,ASS
6696157000,FGLTD03236,DIV475812,EDD HATA,RDF ,OK,MU
6699465000,PUFGL00736,DIV475812,EDD HATA,RDF ,OK,MU
6699595198,PUFGL00568,DIV475934,EDD SALEMPUR,RDF ,OK,MU
6700776000,PUFGL00883,DIV475611,EDD II ANANDNAGAR,RDF ,OK,MU
6701534332,FGLTD03203,DIV475813,"EDD KASYA, KUSHINAGAR",IDF ,IDF,ASS
6702486000,PUFGL00863,DIV475611,EDD II ANANDNAGAR,RDF ,OK,MU
6702896000,FGLTD02606,DIV475814,EDD SEORAHI,IDF ,IDF,ASS
6703827000,FGLTD01511,DIV475935,EDD GAURI BAZAR,RDF ,OK,MU
6707457000,FGLTD02308,DIV475814,EDD SEORAHI,IDF ,IDF,ASS
6720956000,PUFGL00919,DIV475612,EDD I MAHARAJGANJ,RDF ,OK,CEIL
6721227000,FGLTD02305,DIV475814,EDD SEORAHI,IDF ,IDF,ASS
6721277000,FGLTD02738,DIV435733,EDD CAMPIEARGANJ,IDF,IDF,ASS
6723776000,PUFGL00555,DIV475934,EDD SALEMPUR,RDF ,OK,MU
6724647000,FGLTD03116,DIV475814,EDD SEORAHI,IDF ,IDF,ASS
6725917000,PUFGL00824,DIV475813,"EDD KASYA, KUSHINAGAR",RDF ,RDF,ASS
6727708000,PUFGL01040,DIV475613,EDD NAUTANWA,RDF ,OK,MU
6731056000,FGLTD03237,DIV475812,EDD HATA,IDF,IDF,ASS
6731604653,PUFGL01060,DIV475613,EDD NAUTANWA,RDF ,OK,MU
6733007000,PUFGL00366,DIV435722,"EDD SAHJANWA,GORAKHPUR",RDF ,P,PROV
6733087000,FGLTD01625,DIV475812,EDD HATA,RDF ,P,PROV
6733308000,FGLTD03118,DIV475814,EDD SEORAHI,IDF ,IDF,ASS
6734785000,PUFGL00777,DIV475812,EDD HATA,RDF ,P,PROV
6735407000,PUFGL00682,DIV475811,EDD PADRAUNA,RDF ,RDF,CEIL
6735847000,PUFGL00491,DIV475932,EDD DEORIA,RDF ,OK,MU
6738585912,PUFGL00562,DIV475934,EDD SALEMPUR,RDF ,OK,MU
6739063284,PUFGL00865,DIV475611,EDD II ANANDNAGAR,RDF ,OK,MU
6743811221,PUFGL00891,DIV475611,EDD II ANANDNAGAR,RDF ,OK,MU
6744303144,FGLTD03388,DIV435722,"EDD SAHJANWA,GORAKHPUR",RDF ,P,PROV
6745608000,PUFGL00790,DIV475812,EDD HATA,RDF ,OK,MU
6745636000,FGLTD02544,DIV435732,EDD CHAURI CHAURA,RDF ,OK,MU
6748816000,FGLTD03411,DIV475611,EDD II ANANDNAGAR,RDF ,OK,MU
6753112000,FGLTD01837,DIV435712,"EUDD SRI GORAKHNATH,GORAKHPUR",RDF ,OK,MU
6754776000,PUFGL00109,DIV435732,EDD CHAURI CHAURA,RDF ,P,PROV
6756386000,FGLTD03316,DIV475932,EDD DEORIA,RDF ,RDF,ASS
6756987000,FGLTD02246,DIV475932,EDD DEORIA,RDF ,OK,MU
6760073091,FGLTD02672,DIV475813,"EDD KASYA, KUSHINAGAR",RDF ,RDF,ASS
6760585000,FGLTD03241,DIV475812,EDD HATA,IDF ,IDF,ASS
6760776000,PUFGL00919,DIV475612,EDD I MAHARAJGANJ,RDF ,OK,MU
6760812289,PUFGL00838,DIV475813,"EDD KASYA, KUSHINAGAR",IDF ,IDF,ASS
6762686000,FGLTD03125,DIV475813,"EDD KASYA, KUSHINAGAR",IDF ,IDF,ASS
6764708000,PUFGL01138,DIV475614,EDD NICHLAUL,RDF ,OK,MU
6765627000,PUFGL00844,DIV475814,EDD SEORAHI,IDF,IDF,ASS
6766415712,FGLTD02571,DIV435731,"EDD GULHARIYA BAZAR,GORAKHPUR",RDF ,RDF,ASS
6766454108,FGLTD02929,DIV475814,EDD SEORAHI,IDF ,IDF,ASS
6768175000,FGLTD01582,DIV475613,EDD NAUTANWA,RDF ,OK,MU
6770608000,PUFGL00860,DIV475611,EDD II ANANDNAGAR,RDF ,RDF,ASS
6771865000,PUFGL00915,DIV475612,EDD I MAHARAJGANJ,RDF ,OK,MU
6771936000,PUFGL00451,DIV475931,EDD BARHAJ,RDF,P,PROV
6773497000,PUFGL00894,DIV475611,EDD II ANANDNAGAR,RDF,OK,MU
6774507000,FGLTD02978,DIV435733,EDD CAMPIEARGANJ,RDF ,RDF,ASS
6776746000,PUFGL00184,DIV435731,"EDD GULHARIYA BAZAR,GORAKHPUR",IDF ,IDF,ASS
6777667000,PUFGL00584,DIV475934,EDD SALEMPUR,RDF ,RDF,ASS
6777827000,PUFGL00507,DIV475932,EDD DEORIA,RDF ,OK,MU
6778354846,PUFGL00547,DIV475934,EDD SALEMPUR,RDF ,RDF,ASS
6780607000,FGLTD01660,DIV475814,EDD SEORAHI,IDF ,IDF,ASS
6781065000,PUFGL00570,DIV475934,EDD SALEMPUR,RDF ,RDF,ASS
6781437000,PUFGL00108,DIV435732,EDD CHAURI CHAURA,RDF ,OK,MU
6781585000,FGLTD02737,DIV435733,EDD CAMPIEARGANJ,RDF ,RDF,ASS
6782997511,FGLTD03033,DIV475935,EDD GAURI BAZAR,RDF ,OK,MU
6783083133,FGLTD03292,DIV475814,EDD SEORAHI,IDF ,IDF,ASS
6783508000,PUFGL00552,DIV475934,EDD SALEMPUR,RDF ,RDF,ASS
6783666000,PUFGL00257,DIV435733,EDD CAMPIEARGANJ,IDF ,IDF,ASS
6783744688,FGLTD03057,DIV475813,"EDD KASYA, KUSHINAGAR",RDF ,OK,MU
6785116000,FGLTD01968,DIV475812,EDD HATA,RDF,RDF,ASS
6785856000,PUFGL01051,DIV475613,EDD NAUTANWA,IDF,IDF,ASS
6787696000,PUFGL00876,DIV475611,EDD II ANANDNAGAR,RDF,RDF,ASS
6789537000,FGLTD02219,DIV435731,"EDD GULHARIYA BAZAR,GORAKHPUR",RDF ,OK,MU
6790927000,PUFGL00180,DIV435731,"EDD GULHARIYA BAZAR,GORAKHPUR",RDF ,RDF,ASS
6795457000,PUFGL00848,DIV475814,EDD SEORAHI,IDF,IDF,ASS
6797097000,PUFGL00764,DIV475812,EDD HATA,IDF ,IDF,ASS
6798116000,FGLTD02296,DIV475812,EDD HATA,RDF ,P,PROV
6799085000,PUFGL00779,DIV475812,EDD HATA,RDF ,OK,MU
6799777000,PUFGL00362,DIV435721,EDD KAURIRAM,RDF ,P,PROV
6799836000,PUFGL00295,DIV435723,EDD SHIKARIGANJ,RDF ,RDF,ASS
6800630110,FGLTD01582,DIV475613,EDD NAUTANWA,RDF ,OK,MU
6802254736,FGLTD02025,DIV475934,EDD SALEMPUR,RDF ,RDF,ASS
6802827000,FGLTD03013,DIV475811,EDD PADRAUNA,IDF ,IDF,ASS
6804294311,FGLTD01180,DIV475813,"EDD KASYA, KUSHINAGAR",IDF ,IDF,ASS
6804845898,FGLTD02612,DIV475812,EDD HATA,RDF ,P,PROV
6806827000,FGLTD01258,DIV475932,EDD DEORIA,RDF ,OK,CEIL
6807935968,FGLTD02359,DIV475614,EDD NICHLAUL,RDF ,OK,MU
6809396000,PUFGL00946,DIV475612,EDD I MAHARAJGANJ,RDF ,RDF,ASS
6809637324,FGLTD01671,DIV475814,EDD SEORAHI,IDF ,IDF,ASS
6809747000,FGLTD01584,DIV475613,EDD NAUTANWA,RDF ,RDF,ASS
6813586000,PUFGL00979,DIV475612,EDD I MAHARAJGANJ,RDF ,P,PROV
6815236000,PUFGL00848,DIV475814,EDD SEORAHI,IDF,IDF,ASS
6815746000,FGLTD02460,DIV475932,EDD DEORIA,RDF ,P,PROV
6816594969,FGLTD02139,DIV475613,EDD NAUTANWA,RDF ,RDF,ASS
6816716000,PUFGL00887,DIV475611,EDD II ANANDNAGAR,RDF ,OK,MU
6816916000,PUFGL00739,DIV475812,EDD HATA,RDF ,RDF,ASS
6817175000,FGLTD02821,DIV475614,EDD NICHLAUL,RDF ,OK,MU
6818096000,FGLTD03207,DIV475812,EDD HATA,RDF ,P,PROV
6818565000,FGLTD03344,DIV475813,"EDD KASYA, KUSHINAGAR",RDF ,RDF,ASS
6819341877,PUFGL00330,DIV435721,EDD KAURIRAM,RDF ,P,PROV
6820256000,PUFGL00583,DIV475934,EDD SALEMPUR,IDF ,IDF,ASS
6820577000,PUFGL01113,DIV475614,EDD NICHLAUL,RDF ,RDF,ASS
6823718000,PUFGL00639,DIV475935,EDD GAURI BAZAR,RDF,RDF,ASS
6824817000,PUFGL00848,DIV475814,EDD SEORAHI,RDF ,RDF,ASS
6826165111,PUFGL00604,DIV475934,EDD SALEMPUR,RDF ,RDF,ASS
6827587000,PUFGL00681,DIV475811,EDD PADRAUNA,IDF ,IDF,ASS
6828660045,FGLTD03390,DIV475811,EDD PADRAUNA,IDF,IDF,ASS
6830217000,FGLTD03203,DIV475813,"EDD KASYA, KUSHINAGAR",RDF ,RDF,ASS
6831097000,PUFGL00562,DIV475934,EDD SALEMPUR,RDF,RDF,ASS
6833656000,FGLTD03139,DIV435722,"EDD SAHJANWA,GORAKHPUR",RDF ,RDF,ASS
6834756000,PUFGL00368,DIV435722,"EDD SAHJANWA,GORAKHPUR",RDF ,OK,MU
6835507000,FGLTD03122,DIV475813,"EDD KASYA, KUSHINAGAR",IDF ,IDF,ASS
6835693273,PUFGL00587,DIV475934,EDD SALEMPUR,RDF ,OK,MU
6838556000,PUFGL00336,DIV435721,EDD KAURIRAM,RDF ,P,PROV
6839686000,FGLTD02408,DIV475935,EDD GAURI BAZAR,RDF ,OK,MU
6840736000,FGLTD01186,DIV475813,"EDD KASYA, KUSHINAGAR",IDF ,IDF,ASS
6842646000,PUFGL00806,DIV475813,"EDD KASYA, KUSHINAGAR",RDF ,OK,MU
6842916000,PUFGL00427,DIV435722,"EDD SAHJANWA,GORAKHPUR",RDF ,OK,MU
6843668110,FGLTD02913,DIV475813,"EDD KASYA, KUSHINAGAR",RDF ,OK,MU
6843897000,FGLTD03310,DIV475613,EDD NAUTANWA,RDF ,RDF,ASS
6845696750,PUFGL00262,DIV435733,EDD CAMPIEARGANJ,RDF ,P,PROV
6845796000,PUFGL00250,DIV435733,EDD CAMPIEARGANJ,RDF ,P,PROV
6846397000,PUFGL00462,DIV475931,EDD BARHAJ,RDF ,RDF,ASS
6847657000,PUFGL00474,DIV475932,EDD DEORIA,RDF,RDF,ASS
6847956000,PUFGL01103,DIV475614,EDD NICHLAUL,RDF ,RDF,ASS
6848518000,FGLTD03118,DIV475814,EDD SEORAHI,IDF ,IDF,ASS
6849287000,PUFGL01000,DIV475612,EDD I MAHARAJGANJ,RDF ,P,PROV
6849296000,PUFGL00790,DIV475812,EDD HATA,RDF ,OK,MU
6849317000,FGLTD03116,DIV475814,EDD SEORAHI,IDF,IDF,ASS
6850865000,FGLTD02929,DIV475814,EDD SEORAHI,IDF ,IDF,ASS
6851193321,FGLTD01815,DIV435711,"EUDD TOWNHALL,GORAKHPUR",RDF ,OK,MU
6852376000,FGLTD02929,DIV475814,EDD SEORAHI,IDF ,IDF,ASS
6852454000,PUFGL00703,DIV475811,EDD PADRAUNA,RDF ,P,PROV
6852937000,FGLTD01540,DIV475934,EDD SALEMPUR,RDF ,RDF,ASS
6854916000,PUFGL00586,DIV475934,EDD SALEMPUR,RDF ,P,PROV
6855747000,PUFGL00901,DIV475611,EDD II ANANDNAGAR,RDF ,RDF,ASS
6856575000,PUFGL00844,DIV475814,EDD SEORAHI,IDF ,IDF,ASS
6857565000,PUFGL00882,DIV475611,EDD II ANANDNAGAR,RDF ,OK,MU
6857765000,FGLTD02308,DIV475814,EDD SEORAHI,IDF ,IDF,ASS
6857812000,FGLTD02775,DIV435713,"EUDD MOHADDIPUR,GORAKHPUR",RDF ,OK,MU
6861746990,FGLTD02438,DIV475611,EDD II ANANDNAGAR,RDF ,P,PROV
6861975000,PUFGL00584,DIV475934,EDD SALEMPUR,RDF ,RDF,ASS
6864113676,FGLTD01534,DIV475935,EDD GAURI BAZAR,RDF ,OK,MU
6865406230,FGLTD03229,DIV475813,"EDD KASYA, KUSHINAGAR",RDF ,RDF,ASS
6866086000,FGLTD01883,DIV435721,EDD KAURIRAM,RDF ,P,PROV
6868418000,PUFGL00548,DIV475934,EDD SALEMPUR,RDF ,RDF,ASS
6869287000,PUFGL00110,DIV435732,EDD CHAURI CHAURA,RDF ,RDF,ASS
6869966183,FGLTD02929,DIV475814,EDD SEORAHI,IDF ,IDF,ASS
6871546000,PUFGL00126,DIV435732,EDD CHAURI CHAURA,RDF ,RDF,ASS
6871808000,FGLTD03226,DIV475813,"EDD KASYA, KUSHINAGAR",RDF ,RDF,ASS
6872018000,PUFGL00186,DIV435731,"EDD GULHARIYA BAZAR,GORAKHPUR",IDF,IDF,ASS
6873307000,PUFGL00766,DIV475812,EDD HATA,RDF ,P,PROV
6873363000,PUFGL00491,DIV475932,EDD DEORIA,RDF ,RDF,ASS
6873656000,PUFGL00160,DIV435731,"EDD GULHARIYA BAZAR,GORAKHPUR",RDF ,RDF,ASS
6876156000,FGLTD01244,DIV435722,"EDD SAHJANWA,GORAKHPUR",RDF ,P,PROV
6876797000,FGLTD02460,DIV475932,EDD DEORIA,RDF ,P,PROV
6876887000,PUFGL00257,DIV435733,EDD CAMPIEARGANJ,IDF ,IDF,ASS
6877891013,PUFGL00739,DIV475812,EDD HATA,RDF ,P,PROV
6879057000,FGLTD02929,DIV475814,EDD SEORAHI,IDF ,IDF,ASS
6882637000,FGLTD01998,DIV475935,EDD GAURI BAZAR,RDF ,RDF,ASS
6882756000,FGLTD02305,DIV475814,EDD SEORAHI,IDF ,IDF,ASS
6883675000,PUFGL00393,DIV435722,"EDD SAHJANWA,GORAKHPUR",RDF ,OK,MU
6885001064,PUFGL01130,DIV475614,EDD NICHLAUL,RDF ,OK,MU
6887951075,FGLTD03122,DIV475813,"EDD KASYA, KUSHINAGAR",RDF ,RDF,ASS
6888467000,PUFGL00481,DIV475932,EDD DEORIA,RDF ,OK,MU
6894415949,PUFGL00676,DIV475811,EDD PADRAUNA,RDF ,BR,MU
6898207000,PUFGL01054,DIV475613,EDD NAUTANWA,RDF ,RDF,ASS
6899556000,PUFGL00561,DIV475934,EDD SALEMPUR,RDF ,RDF,ASS
6902253719,FGLTD02913,DIV475813,"EDD KASYA, KUSHINAGAR",RDF ,RDF,ASS
6903336000,FGLTD03294,DIV475814,EDD SEORAHI,IDF ,IDF,ASS
6903367000,FGLTD02305,DIV475814,EDD SEORAHI,IDF ,IDF,ASS
6903376237,PUFGL00536,DIV475934,EDD SALEMPUR,RDF ,RDF,ASS
6903426000,FGLTD02918,DIV435733,EDD CAMPIEARGANJ,RDF ,RDF,ASS
6903516000,PUFGL00180,DIV435731,"EDD GULHARIYA BAZAR,GORAKHPUR",RDF ,RDF,ASS
6903597000,PUFGL01122,DIV475612,EDD I MAHARAJGANJ,RDF ,P,PROV
6907150605,FGLTD01188,DIV475813,"EDD KASYA, KUSHINAGAR",RDF ,RDF,ASS
6907866000,FGLTD03133,DIV475812,EDD HATA,RDF ,P,PROV
6909354000,PUFGL00705,DIV475811,EDD PADRAUNA,RDF,RDF,ASS
6910975000,FGLTD03074,DIV475812,EDD HATA,RDF ,OK,MU
6912004331,PUFGL00264,DIV435733,EDD CAMPIEARGANJ,RDF ,OK,MU
6912557000,FGLTD02408,DIV475935,EDD GAURI BAZAR,RDF,OK,MU
6914526000,PUFGL00571,DIV475934,EDD SALEMPUR,RDF ,RDF,ASS
6914696000,PUFGL00536,DIV475934,EDD SALEMPUR,RDF,RDF,ASS
6914911598,PUFGL00544,DIV475934,EDD SALEMPUR,RDF ,RDF,ASS
6919217000,PUFGL00548,DIV475934,EDD SALEMPUR,RDF ,RDF,ASS
6919317000,FGLTD03393,DIV475814,EDD SEORAHI,IDF,IDF,ASS
6919876000,FGLTD03315,DIV475935,EDD GAURI BAZAR,RDF ,P,PROV
6920304888,PUFGL00884,DIV475611,EDD II ANANDNAGAR,RDF ,RDF,ASS
6920526809,PUFGL00519,DIV475934,EDD SALEMPUR,RDF ,RDF,ASS
6921756000,FGLTD02929,DIV475814,EDD SEORAHI,IDF ,IDF,ASS
6922772409,PUFGL00806,DIV475813,"EDD KASYA, KUSHINAGAR",IDF ,IDF,ASS
6925118925,FGLTD02658,DIV435731,"EDD GULHARIYA BAZAR,GORAKHPUR",RDF ,RDF,ASS
6925330166,FGLTD03316,DIV475932,EDD DEORIA,RDF ,OK,MU
6926932385,FGLTD03309,DIV475614,EDD NICHLAUL,RDF ,OK,MU
6927246429,PUFGL00587,DIV475934,EDD SALEMPUR,RDF ,RDF,ASS
6928467000,PUFGL01019,DIV475612,EDD I MAHARAJGANJ,RDF ,OK,MU
6929319527,PUFGL00824,DIV475813,"EDD KASYA, KUSHINAGAR",RDF ,RDF,ASS
6930497000,FGLTD02658,DIV435731,"EDD GULHARIYA BAZAR,GORAKHPUR",RDF ,RDF,ASS
6931536000,FGLTD02246,DIV475932,EDD DEORIA,RDF,RDF,ASS
6932407000,FGLTD02951,DIV475811,EDD PADRAUNA,RDF ,OK,MU
6932736000,PUFGL00298,DIV435723,EDD SHIKARIGANJ,IDF ,IDF,ASS
6932866000,FGLTD03221,DIV475613,EDD NAUTANWA,RDF ,P,PROV
6933246000,FGLTD01592,DIV475812,EDD HATA,IDF ,IDF,ASS
6933317733,PUFGL00849,DIV475814,EDD SEORAHI,RDF ,OK,MU
6933456000,FGLTD02408,DIV475935,EDD GAURI BAZAR,RDF ,RDF,ASS
6936026000,PUFGL01029,DIV475613,EDD NAUTANWA,RDF ,RDF,ASS
6936507000,PUFGL00626,DIV475935,EDD GAURI BAZAR,RDF ,OK,MU
6937519277,PUFGL00729,DIV475812,EDD HATA,RDF ,OK,MU
6938125749,FGLTD03118,DIV475814,EDD SEORAHI,IDF ,IDF,ASS
6938937721,PUFGL00971,DIV475612,EDD I MAHARAJGANJ,RDF ,P,PROV
6939354000,PUFGL00715,DIV475811,EDD PADRAUNA,IDF ,IDF,ASS
6940517000,PUFGL00768,DIV475812,EDD HATA,RDF ,P,PROV
6941716522,PUFGL01047,DIV475613,EDD NAUTANWA,RDF ,P,PROV
6944455617,FGLTD02775,DIV435713,"EUDD MOHADDIPUR,GORAKHPUR",RDF ,OK,MU
6944648045,PUFGL00674,DIV475811,EDD PADRAUNA,IDF ,IDF,ASS
6945165000,PUFGL00506,DIV475932,EDD DEORIA,RDF ,RDF,ASS
6945775000,FGLTD03390,DIV475811,EDD PADRAUNA,RDF ,BR,MU
6946907161,PUFGL00858,DIV475611,EDD II ANANDNAGAR,RDF ,RDF,ASS
6947746000,PUFGL00589,DIV475934,EDD SALEMPUR,RDF ,RDF,ASS
6948207000,FGLTD03220,DIV475613,EDD NAUTANWA,RDF ,RDF,ASS
6948917000,PUFGL00195,DIV435731,"EDD GULHARIYA BAZAR,GORAKHPUR",RDF ,P,PROV
6950485000,FGLTD01661,DIV475814,EDD SEORAHI,IDF ,IDF,ASS
6952866000,FGLTD02918,DIV435733,EDD CAMPIEARGANJ,RDF ,RDF,ASS
6953073713,PUFGL00760,DIV475812,EDD HATA,RDF ,RDF,ASS
6953575000,FGLTD02737,DIV435733,EDD CAMPIEARGANJ,RDF ,RDF,ASS
6955005894,FGLTD02299,DIV475812,EDD HATA,RDF ,OK,MU
6955122000,FGLTD02580,DIV435713,"EUDD MOHADDIPUR,GORAKHPUR",RDF ,OK,MU
6957715509,FGLTD01579,DIV475611,EDD II ANANDNAGAR,RDF ,OK,MU
6959156000,PUFGL00574,DIV475934,EDD SALEMPUR,RDF,RDF,ASS
6960756000,FGLTD02305,DIV475814,EDD SEORAHI,IDF ,IDF,ASS
6962428670,FGLTD02606,DIV475814,EDD SEORAHI,IDF ,IDF,ASS
6966439967,FGLTD03230,DIV475813,"EDD KASYA, KUSHINAGAR",RDF ,RDF,ASS
6968477000,PUFGL00606,DIV475934,EDD SALEMPUR,RDF,RDF,ASS
6971727000,PUFGL01088,DIV475614,EDD NICHLAUL,RDF ,RDF,ASS
6974587000,PUFGL00476,DIV475932,EDD DEORIA,RDF ,RDF,ASS
6975275000,FGLTD03229,DIV475813,"EDD KASYA, KUSHINAGAR",RDF ,RDF,ASS
6975473807,PUFGL00806,DIV475813,"EDD KASYA, KUSHINAGAR",RDF ,OK,MU
6979497000,FGLTD03116,DIV475814,EDD SEORAHI,IDF,IDF,ASS
6980076000,PUFGL01082,DIV475613,EDD NAUTANWA,RDF ,RDF,ASS
6981785000,PUFGL00758,DIV475812,EDD HATA,RDF ,OK,MU
6983166000,FGLTD03226,DIV475813,"EDD KASYA, KUSHINAGAR",RDF ,RDF,ASS
6984267000,PUFGL01006,DIV475612,EDD I MAHARAJGANJ,RDF ,OK,MU
6985616000,FGLTD02929,DIV475814,EDD SEORAHI,IDF ,IDF,ASS
6986008000,PUFGL00416,DIV435722,"EDD SAHJANWA,GORAKHPUR",RDF ,OK,MU
6986955000,FGLTD03289,DIV475814,EDD SEORAHI,IDF ,IDF,ASS
6987465314,FGLTD01661,DIV475814,EDD SEORAHI,IDF,IDF,ASS
6987587000,PUFGL00476,DIV475932,EDD DEORIA,RDF ,RDF,ASS
6989677000,FGLTD01188,DIV475813,"EDD KASYA, KUSHINAGAR",RDF ,OK,MU
6996285000,PUFGL00203,DIV435731,"EDD GULHARIYA BAZAR,GORAKHPUR",RDF,P,PROV
6996460441,FGLTD02587,DIV475611,EDD II ANANDNAGAR,RDF ,RDF,ASS
6997436000,PUFGL00512,DIV475932,EDD DEORIA,IDF ,IDF,ASS
7002880067,FGLTD01865,DIV435714,"EUDD RAPTINAGAR,GORAKHPUR",RDF ,RDF,ASS
7002896192,PUFGL00843,DIV475814,EDD SEORAHI,IDF,IDF,ASS
7003196000,FGLTD01177,DIV475812,EDD HATA,RDF ,P,PROV
7006487000,FGLTD01594,DIV475812,EDD HATA,RDF ,RDF,ASS
7009602678,FGLTD01246,DIV435733,EDD CAMPIEARGANJ,RDF ,P,PROV
7010516000,PUFGL00676,DIV475811,EDD PADRAUNA,IDF ,IDF,ASS
7012118000,FGLTD03358,DIV475935,EDD GAURI BAZAR,RDF ,OK,MU
7013757000,PUFGL00876,DIV475611,EDD II ANANDNAGAR,RDF ,OK,MU
7015354000,PUFGL00715,DIV475811,EDD PADRAUNA,RDF,TDMR,MU
7016157000,PUFGL01060,DIV475613,EDD NAUTANWA,RDF ,OK,MU
7016637000,PUFGL00476,DIV475932,EDD DEORIA,RDF,RDF,ASS
7016778782,FGLTD02738,DIV435733,EDD CAMPIEARGANJ,RDF ,OK,MU
7017046000,FGLTD03116,DIV475814,EDD SEORAHI,IDF ,IDF,ASS
7018247000,PUFGL00843,DIV475814,EDD SEORAHI,IDF ,IDF,ASS
7019299990,PUFGL00874,DIV475611,EDD II ANANDNAGAR,RDF ,P,PROV
7022591420,PUFGL00565,DIV475934,EDD SALEMPUR,RDF ,RDF,ASS
7023887000,FGLTD02611,DIV475812,EDD HATA,IDF ,IDF,ASS
7024040922,FGLTD03393,DIV475814,EDD SEORAHI,IDF ,IDF,ASS
7024426000,FGLTD01770,DIV475814,EDD SEORAHI,IDF ,IDF,ASS
7024447000,FGLTD02695,DIV475811,EDD PADRAUNA,IDF ,IDF,ASS
7025235876,FGLTD02356,DIV475614,EDD NICHLAUL,RDF ,P,PROV
7025856000,PUFGL01064,DIV475613,EDD NAUTANWA,RDF ,RDF,ASS
7027527000,PUFGL00877,DIV475611,EDD II ANANDNAGAR,RDF ,OK,MU
7028196000,PUFGL00332,DIV435721,EDD KAURIRAM,RDF ,RDF,ASS
7028677000,PUFGL01217,DIV475935,EDD GAURI BAZAR,RDF ,RDF,ASS
7029065000,FGLTD02651,DIV475613,EDD NAUTANWA,RDF,RDF,ASS
7029397000,PUFGL00658,DIV475811,EDD PADRAUNA,RDF ,RDF,ASS
7029567000,FGLTD01968,DIV475812,EDD HATA,RDF ,RDF,ASS
7029616000,FGLTD02929,DIV475814,EDD SEORAHI,IDF ,IDF,ASS
7030968070,PUFGL01028,DIV475613,EDD NAUTANWA,RDF ,OK,MU
7031087000,FGLTD02083,DIV475812,EDD HATA,IDF ,IDF,ASS
7032052459,PUFGL00876,DIV475611,EDD II ANANDNAGAR,RDF ,OK,MU
7034296834,FGLTD03030,DIV475932,EDD DEORIA,RDF ,RDF,ASS
7034966000,PUFGL01043,DIV475613,EDD NAUTANWA,RDF ,RDF,ASS
7035487000,FGLTD01188,DIV475813,"EDD KASYA, KUSHINAGAR",RDF,RDF,ASS
7038876000,PUFGL00719,DIV475811,EDD PADRAUNA,IDF ,IDF,ASS
7039018000,PUFGL00844,DIV475814,EDD SEORAHI,IDF ,IDF,ASS
7039108000,PUFGL00654,DIV475811,EDD PADRAUNA,IDF,IDF,ASS
7039526117,FGLTD01661,DIV475814,EDD SEORAHI,IDF ,IDF,ASS
7040747000,PUFGL00383,DIV435722,"EDD SAHJANWA,GORAKHPUR",RDF ,OK,MU
7040757000,PUFGL00916,DIV475612,EDD I MAHARAJGANJ,RDF ,RDF,ASS
7041937000,FGLTD01511,DIV475935,EDD GAURI BAZAR,RDF ,OK,MU
7042094059,PUFGL01063,DIV475613,EDD NAUTANWA,RDF ,RDF,ASS
7044339133,FGLTD03110,DIV435713,"EUDD MOHADDIPUR,GORAKHPUR",RDF ,OK,MU
7044387000,FGLTD02471,DIV475814,EDD SEORAHI,IDF ,IDF,ASS
7044965000,FGLTD02902,DIV475812,EDD HATA,IDF ,IDF,ASS
7045454488,PUFGL00277,DIV435723,EDD SHIKARIGANJ,RDF ,RDF,ASS
7046026000,PUFGL01054,DIV475613,EDD NAUTANWA,RDF ,RDF,ASS
7046647000,FGLTD02308,DIV475814,EDD SEORAHI,IDF ,IDF,ASS
7047096000,PUFGL00728,DIV475812,EDD HATA,RDF ,RDF,ASS
7047787000,FGLTD02305,DIV475814,EDD SEORAHI,IDF ,IDF,ASS
7048163308,FGLTD01881,DIV435721,EDD KAURIRAM,RDF ,RDF,ASS
7049256000,PUFGL00593,DIV475934,EDD SALEMPUR,RDF ,RDF,ASS
7050527000,PUFGL00444,DIV475931,EDD BARHAJ,RDF ,OK,MU
7050789673,FGLTD03221,DIV475613,EDD NAUTANWA,RDF ,OK,MU
7051018000,PUFGL00674,DIV475811,EDD PADRAUNA,IDF ,IDF,ASS
7051239268,FGLTD01157,DIV475611,EDD II ANANDNAGAR,RDF ,RDF,ASS
7051756000,FGLTD01661,DIV475814,EDD SEORAHI,IDF ,IDF,ASS
7054917000,PUFGL00761,DIV475812,EDD HATA,RDF ,OK,MU
7055217000,FGLTD02951,DIV475811,EDD PADRAUNA,IDF ,IDF,ASS
7055507000,FGLTD03294,DIV475814,EDD SEORAHI,IDF ,IDF,ASS
7057435160,PUFGL01113,DIV475614,EDD NICHLAUL,RDF ,OK,MU
7057596000,FGLTD03122,DIV475813,"EDD KASYA, KUSHINAGAR",RDF ,RDF,ASS
7057808000,PUFGL00760,DIV475812,EDD HATA,RDF ,OK,MU
7058599743,PUFGL00251,DIV435733,EDD CAMPIEARGANJ,RDF ,RDF,ASS
7058737000,PUFGL00844,DIV475814,EDD SEORAHI,IDF ,IDF,ASS
7059747000,PUFGL01063,DIV475613,EDD NAUTANWA,RDF ,OK,MU
7059927000,PUFGL00849,DIV475814,EDD SEORAHI,IDF ,IDF,ASS
7061096000,FGLTD01661,DIV475814,EDD SEORAHI,IDF ,IDF,ASS
7061481848,PUFGL00920,DIV475612,EDD I MAHARAJGANJ,RDF ,OK,MU
7061497000,PUFGL00584,DIV475934,EDD SALEMPUR,RDF ,RDF,ASS
7062949572,FGLTD02902,DIV475812,EDD HATA,IDF ,IDF,ASS
7063896000,FGLTD02929,DIV475814,EDD SEORAHI,IDF ,IDF,ASS
7065385000,FGLTD01661,DIV475814,EDD SEORAHI,IDF,IDF,ASS
7065537000,PUFGL00427,DIV435722,"EDD SAHJANWA,GORAKHPUR",RDF ,OK,MU
7066020808,PUFGL00536,DIV475934,EDD SALEMPUR,RDF ,RDF,ASS
7066075000,PUFGL01112,DIV475614,EDD NICHLAUL,RDF ,OK,MU
7066626000,FGLTD02123,DIV475612,EDD I MAHARAJGANJ,RDF ,RDF,ASS
7066747000,FGLTD02483,DIV475812,EDD HATA,IDF ,IDF,ASS
7067776000,FGLTD03118,DIV475814,EDD SEORAHI,IDF ,IDF,ASS
7068565000,PUFGL00457,DIV475931,EDD BARHAJ,RDF ,P,PROV
7068727216,PUFGL00830,DIV475813,"EDD KASYA, KUSHINAGAR",RDF ,OK,MU
7069004628,FGLTD02718,DIV475613,EDD NAUTANWA,RDF ,OK,MU
7069855000,FGLTD02738,DIV435733,EDD CAMPIEARGANJ,IDF ,IDF,ASS
7072456000,FGLTD02825,DIV475811,EDD PADRAUNA,IDF ,IDF,ASS
7073641180,FGLTD02460,DIV475932,EDD DEORIA,RDF ,P,PROV
7076326000,PUFGL00359,DIV435721,EDD KAURIRAM,RDF ,P,PROV
7076776000,FGLTD03116,DIV475814,EDD SEORAHI,IDF,IDF,ASS
7077156000,PUFGL00577,DIV475934,EDD SALEMPUR,IDF,IDF,ASS
7077767000,PUFGL01060,DIV475613,EDD NAUTANWA,RDF ,OK,MU
7079287000,PUFGL00915,DIV475612,EDD I MAHARAJGANJ,RDF ,IDF,ASS
7079385000,PUFGL00993,DIV475612,EDD I MAHARAJGANJ,RDF ,P,PROV
7079519587,FGLTD02083,DIV475812,EDD HATA,IDF ,IDF,ASS
7079526000,FGLTD01592,DIV475812,EDD HATA,IDF ,IDF,ASS
7082607000,FGLTD02305,DIV475814,EDD SEORAHI,IDF ,IDF,ASS
7083976000,FGLTD01534,DIV475935,EDD GAURI BAZAR,RDF ,OK,MU
7085662710,FGLTD01861,DIV435714,"EUDD RAPTINAGAR,GORAKHPUR",RDF ,OK,MU
7085927000,PUFGL00584,DIV475934,EDD SALEMPUR,RDF,RDF,ASS
7088955000,PUFGL00719,DIV475811,EDD PADRAUNA,RDF ,RDF,ASS
7089696000,FGLTD02017,DIV435722,"EDD SAHJANWA,GORAKHPUR",RDF ,OK,MU
7090556000,PUFGL00631,DIV475935,EDD GAURI BAZAR,RDF ,P,PROV
7091517000,FGLTD02483,DIV475812,EDD HATA,IDF ,IDF,ASS
7091737000,PUFGL00577,DIV475934,EDD SALEMPUR,IDF ,IDF,ASS
7091966000,FGLTD01540,DIV475934,EDD SALEMPUR,RDF ,OK,MU
7093107000,PUFGL00894,DIV475611,EDD II ANANDNAGAR,RDF ,OK,MU
7096087000,FGLTD02296,DIV475812,EDD HATA,RDF ,RDF,ASS
7098336945,PUFGL00830,DIV475813,"EDD KASYA, KUSHINAGAR",RDF ,OK,MU
7098546000,PUFGL01056,DIV475613,EDD NAUTANWA,RDF,RDF,ASS
7099976000,PUFGL00508,DIV475932,EDD DEORIA,RDF ,OK,MU
7101407000,FGLTD03283,DIV475813,"EDD KASYA, KUSHINAGAR",RDF ,RDF,ASS
7103577000,FGLTD02606,DIV475814,EDD SEORAHI,IDF ,IDF,ASS
7105420560,PUFGL00543,DIV475934,EDD SALEMPUR,IDF,IDF,ASS
7105485000,PUFGL00437,DIV435722,"EDD SAHJANWA,GORAKHPUR",RDF ,BR,MU
7107877000,FGLTD01773,DIV475814,EDD SEORAHI,IDF ,IDF,ASS
7110948196,PUFGL00536,DIV475934,EDD SALEMPUR,RDF ,RDF,ASS
7111946000,PUFGL00199,DIV435731,"EDD GULHARIYA BAZAR,GORAKHPUR",RDF ,RDF,ASS
7112987000,PUFGL00979,DIV475612,EDD I MAHARAJGANJ,RDF,RDF,ASS
7114115287,PUFGL00522,DIV475934,EDD SALEMPUR,RDF ,RDF,ASS
7116676310,FGLTD02007,DIV435732,EDD CHAURI CHAURA,RDF ,BR,MU
7118847000,PUFGL00923,DIV475612,EDD I MAHARAJGANJ,IDF ,IDF,ASS
7119507000,FGLTD01669,DIV475814,EDD SEORAHI,RDF ,RDF,ASS
7121683558,PUFGL00837,DIV475813,"EDD KASYA, KUSHINAGAR",RDF ,OK,MU
7122351500,FGLTD03099,DIV475932,EDD DEORIA,RDF ,RDF,ASS
7123308000,FGLTD01654,DIV475814,EDD SEORAHI,IDF ,IDF,ASS
7123454000,PUFGL00709,DIV475811,EDD PADRAUNA,IDF ,IDF,ASS
7123797000,FGLTD03021,DIV475935,EDD GAURI BAZAR,RDF ,RDF,ASS
7123855000,FGLTD02658,DIV435731,"EDD GULHARIYA BAZAR,GORAKHPUR",RDF ,RDF,ASS
7125216000,PUFGL01060,DIV475613,EDD NAUTANWA,RDF ,OK,MU
7125412000,FGLTD03278,DIV435712,"EUDD SRI GORAKHNATH,GORAKHPUR",RDF ,OK,MU
7125441640,PUFGL00791,DIV475812,EDD HATA,RDF ,OK,MU
7125707000,FGLTD02738,DIV435733,EDD CAMPIEARGANJ,IDF ,IDF,ASS
7126050343,PUFGL00427,DIV435722,"EDD SAHJANWA,GORAKHPUR",RDF ,OK,MU
7129117000,FGLTD02667,DIV475813,"EDD KASYA, KUSHINAGAR",IDF ,IDF,ASS
7129424312,PUFGL00257,DIV435733,EDD CAMPIEARGANJ,IDF ,IDF,ASS
7131108000,FGLTD02667,DIV475813,"EDD KASYA, KUSHINAGAR",RDF ,RDF,ASS
7131226000,FGLTD03165,DIV435731,"EDD GULHARIYA BAZAR,GORAKHPUR",RDF ,OK,MU
7132197000,FGLTD01809,DIV475934,EDD SALEMPUR,RDF ,BR,MU
7135226000,FGLTD01661,DIV475814,EDD SEORAHI,IDF ,IDF,ASS
7136006313,PUFGL01019,DIV475612,EDD I MAHARAJGANJ,RDF ,OK,MU
7137087000,FGLTD02951,DIV475811,EDD PADRAUNA,RDF ,RDF,ASS
7137807000,PUFGL00888,DIV475611,EDD II ANANDNAGAR,RDF ,P,PROV
7138647000,FGLTD01660,DIV475814,EDD SEORAHI,IDF,IDF,ASS
7140413616,PUFGL00374,DIV435722,"EDD SAHJANWA,GORAKHPUR",RDF ,RDF,ASS
7140967000,FGLTD01188,DIV475813,"EDD KASYA, KUSHINAGAR",RDF ,RDF,ASS
7141787000,FGLTD01661,DIV475814,EDD SEORAHI,IDF ,IDF,ASS
7143677000,FGLTD03013,DIV475811,EDD PADRAUNA,IDF ,IDF,ASS
7143776000,PUFGL01138,DIV475614,EDD NICHLAUL,RDF ,OK,MU
7144940018,FGLTD02667,DIV475813,"EDD KASYA, KUSHINAGAR",RDF,RDF,ASS
7146476000,PUFGL00333,DIV435721,EDD KAURIRAM,RDF ,P,PROV
7148275000,PUFGL00183,DIV435731,"EDD GULHARIYA BAZAR,GORAKHPUR",RDF ,RDF,ASS
7149920191,PUFGL00536,DIV475934,EDD SALEMPUR,RDF ,OK,MU
7153976000,PUFGL00674,DIV475811,EDD PADRAUNA,RDF ,RDF,ASS
7156408000,FGLTD01968,DIV475812,EDD HATA,IDF ,IDF,ASS
7158236000,FGLTD02308,DIV475814,EDD SEORAHI,IDF ,IDF,ASS
7158514066,PUFGL00486,DIV475932,EDD DEORIA,RDF ,RDF,ASS
7158947000,PUFGL00792,DIV475812,EDD HATA,IDF ,IDF,ASS
7160717000,FGLTD02178,DIV475934,EDD SALEMPUR,RDF ,RDF,ASS
7163610012,PUFGL01087,DIV475614,EDD NICHLAUL,RDF ,RDF,ASS
7163646000,PUFGL00194,DIV435731,"EDD GULHARIYA BAZAR,GORAKHPUR",RDF ,RDF,ASS
7163767000,PUFGL00830,DIV475813,"EDD KASYA, KUSHINAGAR",RDF ,RDF,ASS
7163896000,FGLTD03294,DIV475814,EDD SEORAHI,IDF ,IDF,ASS
7166153822,PUFGL00427,DIV435722,"EDD SAHJANWA,GORAKHPUR",RDF ,OK,CEIL
7166287229,PUFGL00790,DIV475812,EDD HATA,RDF ,RDF,ASS
7167461355,PUFGL00134,DIV435732,EDD CHAURI CHAURA,RDF ,RDF,ASS
7168713180,PUFGL00839,DIV475813,"EDD KASYA, KUSHINAGAR",RDF ,OK,MU
7168867000,PUFGL00428,DIV435722,"EDD SAHJANWA,GORAKHPUR",RDF ,OK,MU
7170196000,PUFGL00760,DIV475812,EDD HATA,IDF ,IDF,ASS
7170636000,PUFGL00874,DIV475611,EDD II ANANDNAGAR,RDF ,OK,MU
7173150488,FGLTD01962,DIV475812,EDD HATA,IDF ,IDF,ASS
7173547000,PUFGL00548,DIV475934,EDD SALEMPUR,RDF ,RDF,ASS
7177376000,PUFGL00657,DIV475811,EDD PADRAUNA,IDF,IDF,ASS
7177642152,PUFGL00710,DIV475811,EDD PADRAUNA,RDF,RDF,ASS
7179126000,PUFGL00802,DIV475813,"EDD KASYA, KUSHINAGAR",RDF ,OK,MU
7179246000,FGLTD01883,DIV435721,EDD KAURIRAM,RDF ,P,PROV
7179912013,FGLTD03122,DIV475813,"EDD KASYA, KUSHINAGAR",RDF ,RDF,ASS
7179986000,PUFGL00938,DIV475612,EDD I MAHARAJGANJ,RDF ,OK,MU
7182857000,FGLTD01592,DIV475812,EDD HATA,IDF ,IDF,ASS
7183327000,PUFGL00790,DIV475812,EDD HATA,RDF,OK,MU
7185976000,PUFGL00826,DIV475813,"EDD KASYA, KUSHINAGAR",RDF ,RDF,ASS
7187165000,PUFGL01201,DIV475932,EDD DEORIA,IDF ,IDF,ASS
7188536000,PUFGL00576,DIV475934,EDD SALEMPUR,RDF,RDF,ASS
7190247000,PUFGL00890,DIV475611,EDD II ANANDNAGAR,RDF ,RDF,ASS
7190677000,PUFGL01082,DIV475613,EDD NAUTANWA,RDF ,RDF,ASS
7191207000,PUFGL00811,DIV475813,"EDD KASYA, KUSHINAGAR",RDF ,RDF,ASS
7191463628,PUFGL00916,DIV475612,EDD I MAHARAJGANJ,RDF ,OK,MU
7192077000,PUFGL00589,DIV475934,EDD SALEMPUR,IDF ,IDF,ASS
7194986000,FGLTD01661,DIV475814,EDD SEORAHI,IDF,IDF,ASS
7195207000,FGLTD02667,DIV475813,"EDD KASYA, KUSHINAGAR",RDF ,RDF,ASS
7196463000,FGLTD03030,DIV475932,EDD DEORIA,RDF ,RDF,ASS
7197916000,PUFGL00597,DIV475934,EDD SALEMPUR,RDF ,BR,MU
7198456000,FGLTD02667,DIV475813,"EDD KASYA, KUSHINAGAR",RDF ,RDF,ASS
7199575000,PUFGL00848,DIV475814,EDD SEORAHI,IDF ,IDF,ASS
7201366000,FGLTD02667,DIV475813,"EDD KASYA, KUSHINAGAR",IDF ,IDF,ASS
7203112000,FGLTD01815,DIV435711,"EUDD TOWNHALL,GORAKHPUR",RDF ,OK,MU
7204616000,FGLTD02305,DIV475814,EDD SEORAHI,IDF ,IDF,ASS
7205075000,FGLTD02359,DIV475614,EDD NICHLAUL,RDF,RDF,ASS
7205555194,PUFGL00188,DIV435731,"EDD GULHARIYA BAZAR,GORAKHPUR",RDF ,OK,MU
7208000120,FGLTD02305,DIV475814,EDD SEORAHI,IDF ,IDF,ASS
7212365000,PUFGL00764,DIV475812,EDD HATA,IDF ,IDF,ASS
7213385000,PUFGL00249,DIV435733,EDD CAMPIEARGANJ,RDF,P,PROV
7216375000,PUFGL00637,DIV475935,EDD GAURI BAZAR,RDF ,OK,MU
7219488303,PUFGL00876,DIV475611,EDD II ANANDNAGAR,RDF ,OK,MU
7221147454,PUFGL00114,DIV435732,EDD CHAURI CHAURA,RDF ,OK,MU
7222128511,FGLTD01340,DIV435732,EDD CHAURI CHAURA,RDF,RDF,ASS
7223732931,FGLTD02308,DIV475814,EDD SEORAHI,IDF ,IDF,ASS
7223775000,PUFGL01044,DIV475613,EDD NAUTANWA,RDF ,OK,MU
7225285000,PUFGL00679,DIV475811,EDD PADRAUNA,IDF ,IDF,ASS
7228518000,PUFGL00809,DIV475813,"EDD KASYA, KUSHINAGAR",RDF ,OK,MU
7228761779,PUFGL00576,DIV475934,EDD SALEMPUR,RDF,RDF,ASS
7228887000,PUFGL00257,DIV435733,EDD CAMPIEARGANJ,IDF,IDF,ASS
7229127000,PUFGL00843,DIV475814,EDD SEORAHI,IDF ,IDF,ASS
7231437000,PUFGL00932,DIV475612,EDD I MAHARAJGANJ,RDF ,RDF,ASS
7233827000,PUFGL00811,DIV475813,"EDD KASYA, KUSHINAGAR",IDF ,IDF,ASS
7235108000,FGLTD01180,DIV475813,"EDD KASYA, KUSHINAGAR",IDF ,IDF,ASS
7235423768,PUFGL00428,DIV435722,"EDD SAHJANWA,GORAKHPUR",RDF ,OK,MU
7236031837,PUFGL01043,DIV475613,EDD NAUTANWA,RDF ,RDF,ASS
7236153939,PUFGL00249,DIV435733,EDD CAMPIEARGANJ,RDF ,RDF,ASS
7236658057,PUFGL00376,DIV435722,"EDD SAHJANWA,GORAKHPUR",RDF ,BR,MU
7237458221,FGLTD03116,DIV475814,EDD SEORAHI,IDF ,IDF,ASS
7238265000,PUFGL00757,DIV475812,EDD HATA,RDF ,RDF,ASS
7243091091,PUFGL00882,DIV475611,EDD II ANANDNAGAR,RDF ,OK,MU
7243877000,PUFGL00890,DIV475611,EDD II ANANDNAGAR,RDF ,RDF,ASS
7244337000,FGLTD02809,DIV475934,EDD SALEMPUR,IDF ,IDF,ASS
7244626000,FGLTD02025,DIV475934,EDD SALEMPUR,RDF ,RDF,ASS
7246847000,FGLTD02460,DIV475932,EDD DEORIA,RDF ,P,PROV
7246847545,PUFGL00568,DIV475934,EDD SALEMPUR,RDF ,RDF,ASS
7247507000,FGLTD02929,DIV475814,EDD SEORAHI,IDF ,IDF,ASS
7248837000,FGLTD01604,DIV475811,EDD PADRAUNA,IDF ,IDF,ASS
7249497000,FGLTD02929,DIV475814,EDD SEORAHI,IDF ,IDF,ASS
7249837000,FGLTD02471,DIV475814,EDD SEORAHI,IDF ,IDF,ASS
7251285000,PUFGL00462,DIV475931,EDD BARHAJ,RDF ,RDF,ASS
7251665000,PUFGL00684,DIV475811,EDD PADRAUNA,RDF ,OK,MU
7252276564,PUFGL00338,DIV435721,EDD KAURIRAM,IDF ,IDF,ASS
7253965000,PUFGL00674,DIV475811,EDD PADRAUNA,RDF ,BR,MU
7254346000,PUFGL00862,DIV475611,EDD II ANANDNAGAR,RDF ,RDF,ASS
7254897000,PUFGL00790,DIV475812,EDD HATA,RDF ,RDF,ASS
7255371771,PUFGL00699,DIV475811,EDD PADRAUNA,RDF ,RDF,ASS
7255485000,PUFGL01013,DIV475612,EDD I MAHARAJGANJ,RDF ,RDF,ASS
7255747000,FGLTD02189,DIV475934,EDD SALEMPUR,RDF ,RDF,ASS
7255936000,FGLTD01808,DIV475934,EDD SALEMPUR,RDF ,RDF,ASS
7257112000,FGLTD01816,DIV435711,"EUDD TOWNHALL,GORAKHPUR",RDF ,OK,MU
7258232863,PUFGL00606,DIV475934,EDD SALEMPUR,RDF ,BR,MU
7260357290,PUFGL00532,DIV475934,EDD SALEMPUR,RDF ,OK,MU
7261575000,PUFGL00574,DIV475934,EDD SALEMPUR,RDF ,RDF,ASS
7261785000,FGLTD01340,DIV435732,EDD CHAURI CHAURA,RDF ,OK,MU
7265846501,FGLTD02540,DIV435731,"EDD GULHARIYA BAZAR,GORAKHPUR",RDF ,RDF,ASS
7267507000,FGLTD02471,DIV475814,EDD SEORAHI,IDF ,IDF,ASS
7270119317,FGLTD01661,DIV475814,EDD SEORAHI,IDF ,IDF,ASS
7270807000,PUFGL00481,DIV475932,EDD DEORIA,RDF ,RDF,ASS
7271777000,FGLTD03230,DIV475813,"EDD KASYA, KUSHINAGAR",RDF ,RDF,ASS
7273046000,PUFGL00257,DIV435733,EDD CAMPIEARGANJ,IDF,IDF,ASS
7273676000,FGLTD02967,DIV475934,EDD SALEMPUR,RDF ,RDF,ASS
7273786000,FGLTD02239,DIV475935,EDD GAURI BAZAR,RDF ,RDF,ASS
7273903180,FGLTD02908,DIV435733,EDD CAMPIEARGANJ,RDF ,RDF,ASS
7274087000,FGLTD02139,DIV475613,EDD NAUTANWA,RDF ,RDF,ASS
7274946041,FGLTD02960,DIV475932,EDD DEORIA,RDF ,OK,MU
7275423155,PUFGL01054,DIV475613,EDD NAUTANWA,RDF ,RDF,ASS
7277937000,PUFGL00749,DIV475812,EDD HATA,RDF ,RDF,ASS
7278286000,PUFGL00249,DIV435733,EDD CAMPIEARGANJ,RDF ,P,PROV
7278876000,FGLTD03125,DIV475813,"EDD KASYA, KUSHINAGAR",IDF ,IDF,ASS
7279814748,PUFGL00865,DIV475611,EDD II ANANDNAGAR,IDF ,RDF,ASS
7280183852,PUFGL01207,DIV475935,EDD GAURI BAZAR,RDF ,OK,MU
7281039303,FGLTD03170,DIV435731,"EDD GULHARIYA BAZAR,GORAKHPUR",IDF ,IDF,ASS
7281234310,FGLTD03358,DIV475935,EDD GAURI BAZAR,RDF ,OK,MU
7281433988,PUFGL00159,DIV435731,"EDD GULHARIYA BAZAR,GORAKHPUR",RDF ,RDF,ASS
7281757000,PUFGL01003,DIV475612,EDD I MAHARAJGANJ,RDF ,OK,MU
7281819116,FGLTD02474,DIV475814,EDD SEORAHI,IDF ,IDF,ASS
7282076000,PUFGL01206,DIV475935,EDD GAURI BAZAR,IDF,IDF,ASS
7284277000,FGLTD03004,DIV475812,EDD HATA,IDF ,IDF,ASS
7285857000,FGLTD02017,DIV435722,"EDD SAHJANWA,GORAKHPUR",RDF,OK,MU
7287157000,PUFGL01034,DIV475613,EDD NAUTANWA,RDF,P,PROV
7287267000,FGLTD02929,DIV475814,EDD SEORAHI,IDF ,IDF,ASS
7287427000,PUFGL00858,DIV475611,EDD II ANANDNAGAR,RDF ,BR,MU
7289365000,FGLTD03118,DIV475814,EDD SEORAHI,RDF ,OK,MU
7290118000,PUFGL00230,DIV435733,EDD CAMPIEARGANJ,RDF ,OK,MU
7292586000,FGLTD03096,DIV435732,EDD CHAURI CHAURA,RDF ,RDF,ASS
7293666000,FGLTD02587,DIV475611,EDD II ANANDNAGAR,RDF ,OK,MU
7293937000,FGLTD02424,DIV475934,EDD SALEMPUR,RDF ,RDF,ASS
7294447000,FGLTD03283,DIV475813,"EDD KASYA, KUSHINAGAR",IDF ,IDF,ASS
7295472633,PUFGL01039,DIV475613,EDD NAUTANWA,RDF ,RDF,ASS
7295709065,FGLTD01661,DIV475814,EDD SEORAHI,IDF,IDF,ASS
7296127000,PUFGL00951,DIV475612,EDD I MAHARAJGANJ,RDF ,RDF,ASS
7297936000,PUFGL00194,DIV435731,"EDD GULHARIYA BAZAR,GORAKHPUR",RDF,RDF,ASS
7298529078,FGLTD01761,DIV435713,"EUDD MOHADDIPUR,GORAKHPUR",RDF ,RDF,ASS
7299917000,FGLTD03344,DIV475813,"EDD KASYA, KUSHINAGAR",RDF ,RDF,ASS
7300585000,PUFGL00592,DIV475934,EDD SALEMPUR,RDF ,RDF,ASS
7301616000,FGLTD03122,DIV475813,"EDD KASYA, KUSHINAGAR",RDF ,RDF,ASS
7301685000,PUFGL00512,DIV475932,EDD DEORIA,RDF ,OK,MU
7305046272,PUFGL00621,DIV475935,EDD GAURI BAZAR,RDF ,BR,MU
7305177000,PUFGL01001,DIV475612,EDD I MAHARAJGANJ,RDF ,P,PROV
7305427000,PUFGL00476,DIV475932,EDD DEORIA,RDF ,RDF,ASS
7305844377,FGLTD02305,DIV475814,EDD SEORAHI,IDF ,IDF,ASS
7305946000,FGLTD01660,DIV475814,EDD SEORAHI,IDF ,IDF,ASS
7307423071,PUFGL00326,DIV435721,EDD KAURIRAM,RDF ,P,PROV
7308006227,FGLTD03213,DIV435714,"EUDD RAPTINAGAR,GORAKHPUR",RDF ,RDF,ASS
7310746000,PUFGL00869,DIV475611,EDD II ANANDNAGAR,RDF ,OK,MU
7312276000,FGLTD02540,DIV435731,"EDD GULHARIYA BAZAR,GORAKHPUR",RDF ,OK,MU
7312526076,PUFGL00802,DIV475813,"EDD KASYA, KUSHINAGAR",RDF ,OK,MU
7312996000,PUFGL01041,DIV475613,EDD NAUTANWA,RDF ,RDF,ASS
7314220800,PUFGL00219,DIV435731,"EDD GULHARIYA BAZAR,GORAKHPUR",RDF ,RDF,ASS
7316118000,FGLTD02929,DIV475814,EDD SEORAHI,IDF ,IDF,ASS
7316216000,PUFGL01044,DIV475613,EDD NAUTANWA,RDF,P,PROV
7319127000,PUFGL00843,DIV475814,EDD SEORAHI,IDF,IDF,ASS
7320108517,PUFGL01103,DIV475614,EDD NICHLAUL,RDF ,RDF,ASS
7321475000,FGLTD03012,DIV475811,EDD PADRAUNA,RDF ,OK,MU
7322487000,PUFGL01038,DIV475613,EDD NAUTANWA,RDF ,P,PROV
7325977000,PUFGL00963,DIV475612,EDD I MAHARAJGANJ,IDF ,IDF,ASS
7326267000,FGLTD02471,DIV475814,EDD SEORAHI,IDF ,IDF,ASS
7326486000,PUFGL00543,DIV475934,EDD SALEMPUR,IDF ,IDF,ASS
7327096948,PUFGL00850,DIV475814,EDD SEORAHI,IDF ,IDF,ASS
7328385000,FGLTD02305,DIV475814,EDD SEORAHI,IDF ,IDF,ASS
7330908745,PUFGL00843,DIV475814,EDD SEORAHI,IDF ,IDF,ASS
7332607000,FGLTD03118,DIV475814,EDD SEORAHI,IDF ,IDF,ASS
7333085000,PUFGL01151,DIV475614,EDD NICHLAUL,RDF ,RDF,ASS
7333367000,FGLTD03294,DIV475814,EDD SEORAHI,IDF ,IDF,ASS
7333616000,FGLTD03292,DIV475814,EDD SEORAHI,IDF ,IDF,ASS
7333750005,FGLTD02952,DIV475811,EDD PADRAUNA,IDF ,IDF,ASS
7334947000,PUFGL01121,DIV475614,EDD NICHLAUL,RDF ,P,PROV
7335777000,FGLTD02460,DIV475932,EDD DEORIA,RDF ,P,PROV
7335975000,FGLTD03004,DIV475812,EDD HATA,IDF,IDF,ASS
7336208000,PUFGL00555,DIV475934,EDD SALEMPUR,RDF ,OK,MU
7336564645,FGLTD03310,DIV475613,EDD NAUTANWA,RDF ,OK,MU
7337575000,PUFGL00115,DIV435732,EDD CHAURI CHAURA,RDF ,OK,MU
7338065000,PUFGL00919,DIV475612,EDD I MAHARAJGANJ,RDF ,OK,MU
7338696832,FGLTD02998,DIV435733,EDD CAMPIEARGANJ,RDF ,P,PROV
7343118000,PUFGL01213,DIV475935,EDD GAURI BAZAR,RDF ,RDF,ASS
7343587939,FGLTD02307,DIV475814,EDD SEORAHI,IDF ,IDF,ASS
7345337000,PUFGL00565,DIV475934,EDD SALEMPUR,RDF ,RDF,ASS
7345375000,PUFGL00826,DIV475813,"EDD KASYA, KUSHINAGAR",RDF,RDF,ASS
7345946000,FGLTD02025,DIV475934,EDD SALEMPUR,RDF ,RDF,ASS
7348716000,FGLTD03242,DIV475812,EDD HATA,IDF ,OK,MU
7349507000,FGLTD01514,DIV475935,EDD GAURI BAZAR,RDF ,RDF,ASS
7349587000,PUFGL00531,DIV475934,EDD SALEMPUR,RDF ,RDF,ASS
7351741175,FGLTD02299,DIV475812,EDD HATA,RDF ,RDF,ASS
7351936000,PUFGL00716,DIV475811,EDD PADRAUNA,RDF ,P,PROV
7354234254,FGLTD03114,DIV475814,EDD SEORAHI,IDF ,IDF,ASS
7354946000,FGLTD01661,DIV475814,EDD SEORAHI,IDF ,IDF,ASS
7357098619,PUFGL01029,DIV475613,EDD NAUTANWA,RDF,RDF,ASS
7357433097,PUFGL00498,DIV475932,EDD DEORIA,RDF ,RDF,ASS
7358297682,PUFGL00830,DIV475813,"EDD KASYA, KUSHINAGAR",RDF ,OK,MU
7358507000,FGLTD03393,DIV475814,EDD SEORAHI,IDF ,IDF,ASS
7362153999,FGLTD02308,DIV475814,EDD SEORAHI,IDF,IDF,ASS
7362865000,FGLTD02929,DIV475814,EDD SEORAHI,IDF ,IDF,ASS
7363426000,FGLTD02471,DIV475814,EDD SEORAHI,IDF ,IDF,ASS
7364147000,PUFGL00574,DIV475934,EDD SALEMPUR,RDF ,RDF,ASS
7364357000,PUFGL00548,DIV475934,EDD SALEMPUR,RDF ,RDF,ASS
7364616000,FGLTD03096,DIV435732,EDD CHAURI CHAURA,RDF,RDF,ASS
7365226481,PUFGL00595,DIV475934,EDD SALEMPUR,RDF ,RDF,ASS
7365236000,FGLTD02606,DIV475814,EDD SEORAHI,IDF ,IDF,ASS
7366837555,PUFGL00558,DIV475934,EDD SALEMPUR,RDF ,OK,MU
7367678561,PUFGL00428,DIV435722,"EDD SAHJANWA,GORAKHPUR",RDF ,OK,MU
7368657000,PUFGL00332,DIV435721,EDD KAURIRAM,RDF ,OK,MU
7369178691,PUFGL01053,DIV475613,EDD NAUTANWA,RDF ,RDF,ASS
7373308000,FGLTD03292,DIV475814,EDD SEORAHI,RDF ,OK,MU
7375227000,PUFGL00704,DIV475811,EDD PADRAUNA,IDF ,IDF,ASS
7376816000,FGLTD02460,DIV475932,EDD DEORIA,RDF ,P,PROV
7378046000,FGLTD03294,DIV475814,EDD SEORAHI,IDF ,IDF,ASS
7379776000,FGLTD03229,DIV475813,"EDD KASYA, KUSHINAGAR",IDF,IDF,ASS
7379877000,PUFGL00968,DIV475612,EDD I MAHARAJGANJ,RDF,RDF,ASS
7380626990,PUFGL00764,DIV475812,EDD HATA,IDF ,IDF,ASS
7381042071,FGLTD02356,DIV475614,EDD NICHLAUL,RDF ,P,PROV
7381597000,FGLTD01661,DIV475814,EDD SEORAHI,IDF ,IDF,ASS
7382267491,PUFGL00816,DIV475813,"EDD KASYA, KUSHINAGAR",RDF ,OK,MU
7383856000,PUFGL00764,DIV475812,EDD HATA,IDF ,IDF,ASS
7385697000,FGLTD02998,DIV435733,EDD CAMPIEARGANJ,IDF ,IDF,ASS
7387185000,FGLTD03390,DIV475811,EDD PADRAUNA,IDF,IDF,ASS
7387796000,FGLTD02305,DIV475814,EDD SEORAHI,IDF ,IDF,ASS
7389105092,PUFGL00790,DIV475812,EDD HATA,RDF ,RDF,ASS
7389296000,PUFGL00744,DIV475812,EDD HATA,RDF,RDF,ASS
7389337000,PUFGL00764,DIV475812,EDD HATA,IDF ,IDF,ASS
7389339626,PUFGL00761,DIV475812,EDD HATA,RDF ,OK,MU
7389877000,FGLTD02787,DIV475935,EDD GAURI BAZAR,RDF ,RDF,ASS
7390414209,FGLTD01513,DIV475935,EDD GAURI BAZAR,RDF ,OK,MU
7391400484,FGLTD01579,DIV475611,EDD II ANANDNAGAR,RDF ,OK,MU
7393287000,FGLTD02943,DIV475812,EDD HATA,RDF ,P,PROV
7394618270,FGLTD02422,DIV435711,"EUDD TOWNHALL,GORAKHPUR",RDF ,OK,MU
7394827000,FGLTD02667,DIV475813,"EDD KASYA, KUSHINAGAR",RDF ,RDF,ASS
7396276000,FGLTD01661,DIV475814,EDD SEORAHI,IDF ,IDF,ASS
7397237927,FGLTD03202,DIV475813,"EDD KASYA, KUSHINAGAR",IDF ,IDF,ASS
7398717000,FGLTD02356,DIV475614,EDD NICHLAUL,RDF ,P,PROV
7399519303,PUFGL00736,DIV475812,EDD HATA,RDF ,P,PROV
7400177631,PUFGL00162,DIV435731,"EDD GULHARIYA BAZAR,GORAKHPUR",RDF ,P,PROV
7401767000,FGLTD02929,DIV475814,EDD SEORAHI,IDF ,IDF,ASS
7403956000,PUFGL00995,DIV475612,EDD I MAHARAJGANJ,RDF ,P,PROV
7404971259,PUFGL00445,DIV475931,EDD BARHAJ,RDF ,OK,MU
7405097000,PUFGL00579,DIV475934,EDD SALEMPUR,RDF ,RDF,ASS
7407267000,FGLTD03292,DIV475814,EDD SEORAHI,RDF ,OK,MU
7407786064,PUFGL00500,DIV475932,EDD DEORIA,RDF ,RDF,ASS
7409117000,PUFGL00657,DIV475811,EDD PADRAUNA,IDF,IDF,ASS
7409266000,FGLTD03230,DIV475813,"EDD KASYA, KUSHINAGAR",RDF ,RDF,ASS
7410446000,FGLTD01540,DIV475934,EDD SALEMPUR,RDF ,RDF,ASS
7410547000,PUFGL00476,DIV475932,EDD DEORIA,RDF ,RDF,ASS
7412207000,FGLTD03204,DIV475813,"EDD KASYA, KUSHINAGAR",RDF ,RDF,ASS
7412856841,PUFGL01130,DIV475614,EDD NICHLAUL,RDF ,OK,MU
7414716000,PUFGL00606,DIV475934,EDD SALEMPUR,RDF ,OK,MU
7415237000,PUFGL00883,DIV475611,EDD II ANANDNAGAR,RDF ,OK,MU
7415465000,PUFGL00295,DIV435723,EDD SHIKARIGANJ,RDF ,P,PROV
7416537000,PUFGL00761,DIV475812,EDD HATA,RDF ,OK,MU
7416567000,PUFGL00548,DIV475934,EDD SALEMPUR,RDF ,RDF,ASS
7417468483,FGLTD02606,DIV475814,EDD SEORAHI,IDF ,IDF,ASS
7420308000,FGLTD02929,DIV475814,EDD SEORAHI,IDF ,IDF,ASS
7421218000,FGLTD02929,DIV475814,EDD SEORAHI,IDF ,IDF,ASS
7421369201,PUFGL00749,DIV475812,EDD HATA,RDF ,RDF,ASS
7421477000,FGLTD01340,DIV435732,EDD CHAURI CHAURA,RDF ,OK,MU
7422257000,PUFGL00704,DIV475811,EDD PADRAUNA,IDF ,IDF,ASS
7424718000,PUFGL00416,DIV435722,"EDD SAHJANWA,GORAKHPUR",RDF ,OK,MU
7425856000,FGLTD02738,DIV435733,EDD CAMPIEARGANJ,IDF ,IDF,ASS
7426646000,FGLTD03125,DIV475813,"EDD KASYA, KUSHINAGAR",IDF ,IDF,ASS
7427865000,FGLTD01968,DIV475812,EDD HATA,RDF ,RDF,ASS
7428097000,PUFGL00772,DIV475812,EDD HATA,RDF ,OK,MU
7429521249,FGLTD02864,DIV435731,"EDD GULHARIYA BAZAR,GORAKHPUR",RDF ,RDF,ASS
7431096000,PUFGL00393,DIV435722,"EDD SAHJANWA,GORAKHPUR",RDF ,OK,MU
7432175000,PUFGL00896,DIV475611,EDD II ANANDNAGAR,RDF,P,PROV
7433183507,FGLTD02199,DIV435732,EDD CHAURI CHAURA,RDF,RDF,ASS
7436257000,FGLTD03229,DIV475813,"EDD KASYA, KUSHINAGAR",RDF ,RDF,ASS
7437966000,FGLTD02667,DIV475813,"EDD KASYA, KUSHINAGAR",RDF,RDF,ASS
7438807000,PUFGL00457,DIV475931,EDD BARHAJ,RDF ,P,PROV
7439217000,PUFGL00339,DIV435721,EDD KAURIRAM,RDF ,P,PROV
7440146000,FGLTD03296,DIV475814,EDD SEORAHI,RDF ,P,PROV
7442185000,PUFGL00802,DIV475813,"EDD KASYA, KUSHINAGAR",RDF ,RDF,ASS
7443307000,PUFGL00802,DIV475813,"EDD KASYA, KUSHINAGAR",RDF ,IDF,ASS
7443385000,FGLTD02668,DIV475813,"EDD KASYA, KUSHINAGAR",RDF ,RDF,ASS
7443429713,PUFGL00552,DIV475934,EDD SALEMPUR,RDF ,RDF,ASS
7445637000,FGLTD01189,DIV475813,"EDD KASYA, KUSHINAGAR",RDF ,P,PROV
7446357000,PUFGL00376,DIV435722,"EDD SAHJANWA,GORAKHPUR",RDF ,P,PROV
7446576000,PUFGL01024,DIV475612,EDD I MAHARAJGANJ,RDF ,RDF,ASS
7446847000,PUFGL00515,DIV475932,EDD DEORIA,RDF,P,PROV
7447296000,PUFGL00117,DIV435732,EDD CHAURI CHAURA,RDF ,OK,MU
7448007000,PUFGL00592,DIV475934,EDD SALEMPUR,RDF ,RDF,ASS
7448537000,PUFGL00751,DIV475812,EDD HATA,RDF ,OK,MU
7451957000,FGLTD02974,DIV475614,EDD NICHLAUL,RDF,OK,MU
7453419077,PUFGL00418,DIV435722,"EDD SAHJANWA,GORAKHPUR",RDF ,OK,MU
7454996000,PUFGL00743,DIV475812,EDD HATA,RDF ,BR,MU
7456545452,FGLTD03410,DIV475611,EDD II ANANDNAGAR,RDF ,RDF,ASS
7456547000,PUFGL00865,DIV475611,EDD II ANANDNAGAR,RDF,OK,MU
7457676000,FGLTD01579,DIV475611,EDD II ANANDNAGAR,RDF ,OK,MU
7457876000,PUFGL00743,DIV475812,EDD HATA,RDF ,BR,MU
7458008000,FGLTD03122,DIV475813,"EDD KASYA, KUSHINAGAR",RDF ,RDF,ASS
7458596000,PUFGL00895,DIV475611,EDD II ANANDNAGAR,RDF ,OK,MU
7459120483,PUFGL00802,DIV475813,"EDD KASYA, KUSHINAGAR",IDF ,IDF,ASS
7459256000,FGLTD02570,DIV435732,EDD CHAURI CHAURA,RDF ,OK,MU
7459986000,PUFGL00848,DIV475814,EDD SEORAHI,IDF ,IDF,ASS
7461655292,PUFGL00515,DIV475932,EDD DEORIA,RDF ,OK,MU
7463077520,PUFGL00184,DIV435731,"EDD GULHARIYA BAZAR,GORAKHPUR",RDF ,RDF,ASS
7463265000,PUFGL00869,DIV475611,EDD II ANANDNAGAR,RDF ,OK,MU
7466560933,PUFGL00764,DIV475812,EDD HATA,IDF ,IDF,ASS
7468677000,FGLTD01180,DIV475813,"EDD KASYA, KUSHINAGAR",IDF ,IDF,ASS
7469337000,PUFGL00776,DIV475812,EDD HATA,RDF ,RDF,ASS
7470387000,PUFGL00592,DIV475934,EDD SALEMPUR,RDF ,RDF,ASS
7472656000,PUFGL00548,DIV475934,EDD SALEMPUR,RDF ,RDF,ASS
7473575000,PUFGL00978,DIV475612,EDD I MAHARAJGANJ,RDF ,RDF,ASS
7473657000,FGLTD01592,DIV475812,EDD HATA,IDF ,IDF,ASS
7474998639,FGLTD02979,DIV435733,EDD CAMPIEARGANJ,RDF ,OK,MU
7475257000,FGLTD01189,DIV475813,"EDD KASYA, KUSHINAGAR",RDF ,RDF,ASS
7476447000,FGLTD02667,DIV475813,"EDD KASYA, KUSHINAGAR",RDF ,RDF,ASS
7478043711,PUFGL01042,DIV475613,EDD NAUTANWA,RDF ,RDF,ASS
7478666000,FGLTD01968,DIV475812,EDD HATA,RDF ,RDF,ASS
7478697269,FGLTD03113,DIV475811,EDD PADRAUNA,RDF ,RDF,ASS
7479030979,FGLTD02547,DIV475611,EDD II ANANDNAGAR,RDF ,RDF,ASS
7479686000,FGLTD02753,DIV475811,EDD PADRAUNA,IDF ,IDF,ASS
7481618000,FGLTD02662,DIV475813,"EDD KASYA, KUSHINAGAR",RDF ,OK,MU
7481967000,FGLTD02753,DIV475811,EDD PADRAUNA,RDF ,IDF,ASS
7482579251,PUFGL00382,DIV435722,"EDD SAHJANWA,GORAKHPUR",RDF ,RDF,ASS
7484437000,PUFGL01029,DIV475613,EDD NAUTANWA,RDF ,RDF,ASS
7486887000,FGLTD02651,DIV475613,EDD NAUTANWA,RDF ,RDF,ASS
7488097000,FGLTD03004,DIV475812,EDD HATA,IDF,IDF,ASS
7489118000,FGLTD03289,DIV475814,EDD SEORAHI,IDF ,IDF,ASS
7490536000,FGLTD01883,DIV435721,EDD KAURIRAM,RDF ,OK,MU
7491753121,FGLTD03125,DIV475813,"EDD KASYA, KUSHINAGAR",IDF ,IDF,ASS
7491875000,PUFGL00920,DIV475612,EDD I MAHARAJGANJ,RDF ,OK,MU
7492766000,PUFGL00515,DIV475932,EDD DEORIA,RDF ,RDF,ASS
7493118000,PUFGL00844,DIV475814,EDD SEORAHI,IDF ,IDF,ASS
7493287000,PUFGL00552,DIV475934,EDD SALEMPUR,IDF ,IDF,ASS
7495187000,PUFGL00366,DIV435722,"EDD SAHJANWA,GORAKHPUR",RDF ,P,PROV
7497685000,PUFGL01138,DIV475614,EDD NICHLAUL,RDF ,RDF,ASS
7498196000,PUFGL00920,DIV475612,EDD I MAHARAJGANJ,RDF ,OK,MU
7501217000,FGLTD03227,DIV475813,"EDD KASYA, KUSHINAGAR",RDF ,RDF,ASS
7501256000,PUFGL00575,DIV475934,EDD SALEMPUR,RDF ,OK,MU
7501567000,PUFGL00874,DIV475611,EDD II ANANDNAGAR,RDF ,RDF,ASS
7502006000,FGLTD02305,DIV475814,EDD SEORAHI,IDF,IDF,ASS
7502865000,FGLTD01773,DIV475814,EDD SEORAHI,RDF ,RDF,ASS
7502976000,FGLTD02662,DIV475813,"EDD KASYA, KUSHINAGAR",RDF ,OK,MU
7503037000,FGLTD03393,DIV475814,EDD SEORAHI,IDF ,IDF,ASS
7504037000,FGLTD02929,DIV475814,EDD SEORAHI,IDF ,IDF,ASS
7504187000,FGLTD03102,DIV475932,EDD DEORIA,RDF ,RDF,ASS
7504687000,FGLTD01244,DIV435722,"EDD SAHJANWA,GORAKHPUR",RDF ,BR,MU
7507093993,FGLTD01190,DIV475813,"EDD KASYA, KUSHINAGAR",RDF ,RDF,ASS
7508734032,PUFGL00968,DIV475612,EDD I MAHARAJGANJ,RDF ,P,PROV
7509697000,PUFGL00250,DIV435733,EDD CAMPIEARGANJ,IDF ,IDF,ASS
7509788121,PUFGL01114,DIV475614,EDD NICHLAUL,RDF ,RDF,ASS
7510126000,FGLTD03283,DIV475813,"EDD KASYA, KUSHINAGAR",RDF ,RDF,ASS
7510496000,FGLTD02672,DIV475813,"EDD KASYA, KUSHINAGAR",RDF ,RDF,ASS
7510845100,PUFGL00987,DIV475612,EDD I MAHARAJGANJ,RDF,OK,MU
7511477000,FGLTD02483,DIV475812,EDD HATA,RDF ,RDF,ASS
7512650235,FGLTD01283,DIV475935,EDD GAURI BAZAR,RDF ,RDF,ASS
7512945490,PUFGL00500,DIV475932,EDD DEORIA,RDF ,OK,MU
7513296054,PUFGL00250,DIV435733,EDD CAMPIEARGANJ,IDF ,IDF,ASS
7513404541,FGLTD03111,DIV435711,"EUDD TOWNHALL,GORAKHPUR",RDF ,OK,MU
7516561423,FGLTD02821,DIV475614,EDD NICHLAUL,RDF ,OK,MU
7516666000,PUFGL00764,DIV475812,EDD HATA,IDF ,IDF,ASS
7519196000,PUFGL01019,DIV475612,EDD I MAHARAJGANJ,RDF ,OK,MU
7519368422,PUFGL00865,DIV475611,EDD II ANANDNAGAR,RDF ,OK,MU
7519446000,PUFGL01039,DIV475613,EDD NAUTANWA,RDF ,OK,MU
7521066000,PUFGL01054,DIV475613,EDD NAUTANWA,RDF ,RDF,ASS
7521365000,PUFGL00766,DIV475812,EDD HATA,RDF ,RDF,ASS
7521436000,FGLTD02612,DIV475812,EDD HATA,RDF ,OK,MU
7522646000,PUFGL00806,DIV475813,"EDD KASYA, KUSHINAGAR",RDF ,RDF,ASS
7522915698,FGLTD03228,DIV475813,"EDD KASYA, KUSHINAGAR",RDF ,OK,MU
7523707000,FGLTD02902,DIV475812,EDD HATA,IDF ,IDF,ASS
7525308000,PUFGL00687,DIV475811,EDD PADRAUNA,IDF ,IDF,ASS
7526147000,FGLTD02738,DIV435733,EDD CAMPIEARGANJ,RDF ,OK,MU
7526353733,PUFGL00848,DIV475814,EDD SEORAHI,IDF ,IDF,ASS
7526418000,PUFGL00778,DIV475812,EDD HATA,IDF ,IDF,ASS
7528366000,PUFGL01201,DIV475932,EDD DEORIA,RDF ,OK,MU
7528867000,FGLTD02929,DIV475814,EDD SEORAHI,IDF ,IDF,ASS
7530546999,PUFGL00884,DIV475611,EDD II ANANDNAGAR,RDF ,OK,MU
7533555893,FGLTD02957,DIV475932,EDD DEORIA,RDF ,P,PROV
7534647000,FGLTD02305,DIV475814,EDD SEORAHI,IDF ,IDF,ASS
7535647000,PUFGL00173,DIV435731,"EDD GULHARIYA BAZAR,GORAKHPUR",RDF ,OK,MU
7535716000,PUFGL00768,DIV475812,EDD HATA,RDF ,RDF,ASS
7535987000,PUFGL00504,DIV475932,EDD DEORIA,RDF,RDF,ASS
7536465000,FGLTD02650,DIV475613,EDD NAUTANWA,RDF ,OK,MU
7537116000,PUFGL00893,DIV475611,EDD II ANANDNAGAR,RDF ,OK,MU
7537855000,PUFGL00325,DIV435721,EDD KAURIRAM,RDF,RDF,ASS
7539306836,PUFGL00219,DIV435731,"EDD GULHARIYA BAZAR,GORAKHPUR",RDF ,RDF,ASS
7539887000,FGLTD02199,DIV435732,EDD CHAURI CHAURA,RDF ,RDF,ASS
7540246000,FGLTD03004,DIV475812,EDD HATA,IDF ,IDF,ASS
7540965000,FGLTD03155,DIV475613,EDD NAUTANWA,RDF ,OK,MU
7541445260,PUFGL00639,DIV475935,EDD GAURI BAZAR,RDF ,P,PROV
7541865000,FGLTD01661,DIV475814,EDD SEORAHI,IDF ,IDF,ASS
7542112290,PUFGL00657,DIV475811,EDD PADRAUNA,IDF ,IDF,ASS
7543007000,FGLTD02147,DIV475614,EDD NICHLAUL,RDF ,RDF,ASS
7543916000,PUFGL01124,DIV475614,EDD NICHLAUL,RDF ,OK,MU
7545627000,PUFGL00843,DIV475814,EDD SEORAHI,IDF ,IDF,ASS
7546308895,FGLTD02126,DIV475612,EDD I MAHARAJGANJ,RDF,RDF,ASS
7547624050,FGLTD03165,DIV435731,"EDD GULHARIYA BAZAR,GORAKHPUR",RDF ,P,PROV
7547757409,FGLTD03033,DIV475935,EDD GAURI BAZAR,RDF ,RDF,ASS
7548375000,FGLTD02667,DIV475813,"EDD KASYA, KUSHINAGAR",RDF ,RDF,ASS
7549207000,PUFGL01206,DIV475935,EDD GAURI BAZAR,RDF ,OK,MU
7550018000,PUFGL00704,DIV475811,EDD PADRAUNA,IDF,IDF,ASS
7550194395,FGLTD01551,DIV475935,EDD GAURI BAZAR,RDF ,OK,MU
7550837000,FGLTD03294,DIV475814,EDD SEORAHI,IDF,IDF,ASS
7552469768,PUFGL01017,DIV475612,EDD I MAHARAJGANJ,RDF ,RDF,ASS
7553887000,PUFGL00602,DIV475934,EDD SALEMPUR,RDF ,RDF,ASS
7555707000,FGLTD01592,DIV475812,EDD HATA,IDF ,IDF,ASS
7555756000,FGLTD02929,DIV475814,EDD SEORAHI,IDF ,IDF,ASS
7555837000,FGLTD02308,DIV475814,EDD SEORAHI,IDF ,IDF,ASS
7556033256,PUFGL00773,DIV475812,EDD HATA,RDF ,RDF,ASS
7556886000,PUFGL00344,DIV435721,EDD KAURIRAM,RDF ,RDF,ASS
7557687000,PUFGL00259,DIV435733,EDD CAMPIEARGANJ,RDF,RDF,ASS
7558717000,PUFGL00990,DIV475612,EDD I MAHARAJGANJ,IDF ,IDF,ASS
7558865000,FGLTD01973,DIV475812,EDD HATA,IDF ,IDF,ASS
7559966000,PUFGL00806,DIV475813,"EDD KASYA, KUSHINAGAR",RDF ,IDF,ASS
7560126000,PUFGL00830,DIV475813,"EDD KASYA, KUSHINAGAR",RDF ,RDF,ASS
7562207000,PUFGL01100,DIV475614,EDD NICHLAUL,RDF ,OK,MU
7562454000,PUFGL00713,DIV475811,EDD PADRAUNA,RDF ,RDF,ASS
7563847000,PUFGL00337,DIV435721,EDD KAURIRAM,RDF ,RDF,ASS
7564278311,PUFGL00427,DIV435722,"EDD SAHJANWA,GORAKHPUR",RDF ,OK,CEIL
7565817000,PUFGL00816,DIV475813,"EDD KASYA, KUSHINAGAR",RDF ,OK,MU
7566145235,PUFGL00893,DIV475611,EDD II ANANDNAGAR,RDF ,BR,MU
7569387000,PUFGL01037,DIV475613,EDD NAUTANWA,RDF ,RDF,ASS
7569396000,FGLTD01661,DIV475814,EDD SEORAHI,IDF ,IDF,ASS
7570557301,PUFGL00576,DIV475934,EDD SALEMPUR,RDF ,RDF,ASS
7570733438,PUFGL00844,DIV475814,EDD SEORAHI,IDF ,IDF,ASS
7570996000,FGLTD01887,DIV435721,EDD KAURIRAM,RDF ,P,PROV
7571185000,FGLTD01283,DIV475935,EDD GAURI BAZAR,RDF ,RDF,ASS
7572107000,FGLTD02902,DIV475812,EDD HATA,IDF ,IDF,ASS
7574417000,FGLTD01660,DIV475814,EDD SEORAHI,IDF ,IDF,ASS
7576165000,PUFGL00515,DIV475932,EDD DEORIA,RDF ,P,PROV
7578855000,PUFGL00592,DIV475934,EDD SALEMPUR,RDF ,RDF,ASS
7579302524,PUFGL00764,DIV475812,EDD HATA,IDF ,IDF,ASS
7579507000,FGLTD03393,DIV475814,EDD SEORAHI,IDF,IDF,ASS
7579697000,PUFGL00251,DIV435733,EDD CAMPIEARGANJ,RDF ,OK,MU
7580775000,FGLTD02979,DIV435733,EDD CAMPIEARGANJ,RDF ,OK,MU
7581426000,FGLTD03226,DIV475813,"EDD KASYA, KUSHINAGAR",RDF ,OK,MU
7581646000,FGLTD02400,DIV475935,EDD GAURI BAZAR,IDF ,IDF,ASS
7583580272,PUFGL00733,DIV475812,EDD HATA,RDF ,OK,MU
7587808000,PUFGL00790,DIV475812,EDD HATA,RDF ,RDF,ASS
7589018000,PUFGL00251,DIV435733,EDD CAMPIEARGANJ,RDF ,P,PROV
7590067000,FGLTD03033,DIV475935,EDD GAURI BAZAR,RDF ,RDF,ASS
7595130542,PUFGL00833,DIV475813,"EDD KASYA, KUSHINAGAR",RDF ,IDF,ASS
7595242169,FGLTD02657,DIV435731,"EDD GULHARIYA BAZAR,GORAKHPUR",RDF ,RDF,ASS
7595297000,PUFGL00809,DIV475813,"EDD KASYA, KUSHINAGAR",RDF,OK,MU
7597237000,PUFGL01103,DIV475614,EDD NICHLAUL,RDF ,RDF,ASS
7598908000,PUFGL00687,DIV475811,EDD PADRAUNA,IDF ,IDF,ASS
7599127000,PUFGL01218,DIV475935,EDD GAURI BAZAR,RDF ,RDF,ASS
7599418000,PUFGL00777,DIV475812,EDD HATA,RDF ,P,PROV
7600576000,PUFGL00719,DIV475811,EDD PADRAUNA,RDF ,RDF,ASS
7603454000,PUFGL00703,DIV475811,EDD PADRAUNA,IDF ,IDF,ASS
7603631763,FGLTD02242,DIV475935,EDD GAURI BAZAR,RDF ,BR,MU
7604096000,PUFGL00617,DIV475935,EDD GAURI BAZAR,RDF ,BR,MU
7606955000,FGLTD03294,DIV475814,EDD SEORAHI,IDF ,IDF,ASS
7607258194,FGLTD01859,DIV435714,"EUDD RAPTINAGAR,GORAKHPUR",RDF ,IDF,NULL
7608099885,FGLTD03242,DIV475812,EDD HATA,RDF ,RDF,ASS
7610316000,PUFGL00830,DIV475813,"EDD KASYA, KUSHINAGAR",RDF ,OK,MU
7610508000,PUFGL00250,DIV435733,EDD CAMPIEARGANJ,RDF ,P,PROV
7611817140,FGLTD01671,DIV475814,EDD SEORAHI,RDF ,RDF,ASS
7614089167,PUFGL00868,DIV475611,EDD II ANANDNAGAR,RDF ,OK,MU
7619456000,PUFGL00806,DIV475813,"EDD KASYA, KUSHINAGAR",IDF ,IDF,ASS
7619617000,PUFGL01124,DIV475614,EDD NICHLAUL,RDF ,RDF,ASS
7621115522,FGLTD02077,DIV475811,EDD PADRAUNA,RDF ,OK,MU
7622047000,FGLTD02313,DIV435732,EDD CHAURI CHAURA,RDF ,OK,MU
7624431557,PUFGL01142,DIV475614,EDD NICHLAUL,RDF ,RDF,ASS
7629046000,FGLTD02305,DIV475814,EDD SEORAHI,IDF ,IDF,ASS
7632127000,PUFGL00886,DIV475611,EDD II ANANDNAGAR,RDF ,P,PROV
7633586000,FGLTD01276,DIV475614,EDD NICHLAUL,RDF ,OK,MU
7635265000,PUFGL01051,DIV475613,EDD NAUTANWA,RDF,TDMR,MU
7636117000,PUFGL00178,DIV435731,"EDD GULHARIYA BAZAR,GORAKHPUR",RDF ,OK,MU
7636988798,PUFGL00704,DIV475811,EDD PADRAUNA,RDF ,IDF,ASS
7638997000,PUFGL00802,DIV475813,"EDD KASYA, KUSHINAGAR",IDF ,IDF,ASS
7639267000,PUFGL00843,DIV475814,EDD SEORAHI,IDF,IDF,ASS
7639664819,FGLTD01534,DIV475935,EDD GAURI BAZAR,RDF ,OK,MU
7640275000,PUFGL00811,DIV475813,"EDD KASYA, KUSHINAGAR",RDF ,RDF,ASS
7640318000,PUFGL00764,DIV475812,EDD HATA,IDF ,IDF,ASS
7642006000,FGLTD01661,DIV475814,EDD SEORAHI,IDF,IDF,ASS
7644997000,FGLTD02139,DIV475613,EDD NAUTANWA,RDF ,RDF,ASS
7646085486,FGLTD03247,DIV435712,"EUDD SRI GORAKHNATH,GORAKHPUR",RDF ,OK,MU
7648427529,FGLTD02612,DIV475812,EDD HATA,RDF ,RDF,ASS
7651636000,PUFGL00777,DIV475812,EDD HATA,RDF ,P,PROV
7651646000,FGLTD02695,DIV475811,EDD PADRAUNA,IDF ,IDF,ASS
7651685000,FGLTD03410,DIV475611,EDD II ANANDNAGAR,RDF ,OK,MU
7652376000,FGLTD02638,DIV475814,EDD SEORAHI,IDF ,IDF,ASS
7655167000,PUFGL00333,DIV435721,EDD KAURIRAM,RDF ,P,PROV
7658189136,FGLTD01579,DIV475611,EDD II ANANDNAGAR,RDF ,OK,MU
7658247000,FGLTD02823,DIV475614,EDD NICHLAUL,RDF ,P,PROV
7659105645,FGLTD02738,DIV435733,EDD CAMPIEARGANJ,IDF,IDF,ASS
7661217000,PUFGL00884,DIV475611,EDD II ANANDNAGAR,RDF ,OK,MU
7667385000,PUFGL01218,DIV475935,EDD GAURI BAZAR,RDF ,RDF,ASS
7668485000,PUFGL00892,DIV475611,EDD II ANANDNAGAR,RDF ,OK,MU
7668537000,FGLTD02299,DIV475812,EDD HATA,RDF ,OK,MU
7669402652,PUFGL00547,DIV475934,EDD SALEMPUR,RDF ,OK,MU
7671593986,PUFGL00777,DIV475812,EDD HATA,RDF ,P,PROV
7673486000,PUFGL00453,DIV475931,EDD BARHAJ,RDF ,OK,MU
7676060584,FGLTD02238,DIV475932,EDD DEORIA,RDF ,OK,MU
7676217000,FGLTD03337,DIV475811,EDD PADRAUNA,IDF ,IDF,ASS
7677317000,PUFGL00850,DIV475814,EDD SEORAHI,IDF,IDF,ASS
7678026000,FGLTD01642,DIV475813,"EDD KASYA, KUSHINAGAR",RDF ,RDF,ASS
7679096000,FGLTD01625,DIV475812,EDD HATA,RDF ,RDF,ASS
7680376000,FGLTD01519,DIV475935,EDD GAURI BAZAR,RDF ,OK,MU
7681946000,FGLTD03393,DIV475814,EDD SEORAHI,IDF ,IDF,ASS
7683947000,PUFGL00453,DIV475931,EDD BARHAJ,RDF ,OK,MU
7685896000,PUFGL00573,DIV475934,EDD SALEMPUR,RDF ,RDF,ASS
7687308000,FGLTD03170,DIV435731,"EDD GULHARIYA BAZAR,GORAKHPUR",RDF ,RDF,ASS
7688666000,PUFGL00719,DIV475811,EDD PADRAUNA,RDF ,P,PROV
7688837000,PUFGL00848,DIV475814,EDD SEORAHI,RDF ,P,PROV
7689027000,PUFGL00584,DIV475934,EDD SALEMPUR,RDF ,RDF,ASS
7690006000,PUFGL00843,DIV475814,EDD SEORAHI,IDF ,IDF,ASS
7691208000,PUFGL00194,DIV435731,"EDD GULHARIYA BAZAR,GORAKHPUR",RDF ,RDF,ASS
7692080512,FGLTD03203,DIV475813,"EDD KASYA, KUSHINAGAR",RDF ,RDF,ASS
7693412741,FGLTD02147,DIV475614,EDD NICHLAUL,RDF ,OK,MU
7693631744,PUFGL00876,DIV475611,EDD II ANANDNAGAR,RDF ,RDF,ASS
7694213252,PUFGL00990,DIV475612,EDD I MAHARAJGANJ,RDF ,RDF,ASS
7694546368,PUFGL00993,DIV475612,EDD I MAHARAJGANJ,RDF ,OK,MU
7694827000,FGLTD03191,DIV475932,EDD DEORIA,RDF ,RDF,ASS
7695419419,PUFGL00719,DIV475811,EDD PADRAUNA,RDF ,P,PROV
7695467000,PUFGL00540,DIV475934,EDD SALEMPUR,RDF ,P,PROV
7697507000,FGLTD02471,DIV475814,EDD SEORAHI,IDF ,IDF,ASS
7702108000,PUFGL00383,DIV435722,"EDD SAHJANWA,GORAKHPUR",RDF ,OK,MU
7703697000,PUFGL00548,DIV475934,EDD SALEMPUR,RDF ,RDF,ASS
7703787000,FGLTD03013,DIV475811,EDD PADRAUNA,IDF ,IDF,ASS
7704718000,PUFGL01209,DIV475935,EDD GAURI BAZAR,RDF,RDF,ASS
7705347000,PUFGL01048,DIV475613,EDD NAUTANWA,RDF ,P,PROV
7707457000,FGLTD02308,DIV475814,EDD SEORAHI,IDF ,IDF,ASS
7707596344,PUFGL00487,DIV475932,EDD DEORIA,RDF ,OK,MU
7708267000,FGLTD02638,DIV475814,EDD SEORAHI,IDF ,IDF,ASS
7708477000,FGLTD03157,DIV475614,EDD NICHLAUL,RDF ,OK,MU
7709286000,FGLTD02738,DIV435733,EDD CAMPIEARGANJ,IDF ,IDF,ASS
7710394504,PUFGL00987,DIV475612,EDD I MAHARAJGANJ,RDF ,P,PROV
7711537000,PUFGL00809,DIV475813,"EDD KASYA, KUSHINAGAR",RDF ,OK,MU
7711896316,PUFGL00715,DIV475811,EDD PADRAUNA,RDF ,RDF,ASS
7713257661,PUFGL01220,DIV475935,EDD GAURI BAZAR,RDF ,OK,MU
7714399581,PUFGL01047,DIV475613,EDD NAUTANWA,RDF ,OK,MU
7716553200,PUFGL00368,DIV435722,"EDD SAHJANWA,GORAKHPUR",RDF ,OK,MU
7717597687,PUFGL00701,DIV475811,EDD PADRAUNA,RDF ,RDF,ASS
7720227000,FGLTD02471,DIV475814,EDD SEORAHI,IDF ,IDF,ASS
7720596000,FGLTD01612,DIV475811,EDD PADRAUNA,IDF ,IDF,ASS
7723376000,PUFGL00212,DIV435731,"EDD GULHARIYA BAZAR,GORAKHPUR",IDF ,IDF,ASS
7723486000,PUFGL00592,DIV475934,EDD SALEMPUR,RDF ,RDF,ASS
7723946000,FGLTD03289,DIV475814,EDD SEORAHI,IDF ,IDF,ASS
7724237000,PUFGL00919,DIV475612,EDD I MAHARAJGANJ,RDF ,OK,MU
7725418000,PUFGL00572,DIV475934,EDD SALEMPUR,RDF,RDF,ASS
7726756000,FGLTD02308,DIV475814,EDD SEORAHI,IDF ,IDF,ASS
7730365000,PUFGL00135,DIV435732,EDD CHAURI CHAURA,RDF ,OK,MU
7730369709,PUFGL00737,DIV475812,EDD HATA,RDF ,OK,MU
7730535195,FGLTD03247,DIV435712,"EUDD SRI GORAKHNATH,GORAKHPUR",RDF ,OK,MU
7730697000,PUFGL00620,DIV475935,EDD GAURI BAZAR,RDF ,RDF,ASS
7730910129,FGLTD03278,DIV435712,"EUDD SRI GORAKHNATH,GORAKHPUR",RDF ,OK,MU
7731006000,FGLTD02929,DIV475814,EDD SEORAHI,IDF ,IDF,ASS
7731939956,FGLTD02961,DIV475932,EDD DEORIA,RDF ,OK,MU
7732109307,PUFGL01087,DIV475614,EDD NICHLAUL,RDF ,OK,MU
7735176000,PUFGL00508,DIV475932,EDD DEORIA,RDF ,OK,MU
7735856000,PUFGL00268,DIV435733,EDD CAMPIEARGANJ,RDF ,OK,MU
7736067000,PUFGL00416,DIV435722,"EDD SAHJANWA,GORAKHPUR",RDF ,RDF,ASS
7737168994,PUFGL00330,DIV435721,EDD KAURIRAM,RDF ,P,PROV
7737177000,PUFGL00437,DIV435722,"EDD SAHJANWA,GORAKHPUR",RDF ,OK,MU
7737236000,PUFGL00674,DIV475811,EDD PADRAUNA,IDF ,IDF,ASS
7738252873,PUFGL00865,DIV475611,EDD II ANANDNAGAR,RDF ,P,PROV
7738336000,PUFGL00565,DIV475934,EDD SALEMPUR,RDF ,RDF,ASS
7739876000,PUFGL01189,DIV475935,EDD GAURI BAZAR,RDF,RDF,ASS
7740196000,PUFGL00253,DIV435733,EDD CAMPIEARGANJ,RDF ,OK,CEIL
7743897000,PUFGL01060,DIV475613,EDD NAUTANWA,RDF ,OK,MU
7744160822,FGLTD03393,DIV475814,EDD SEORAHI,IDF ,IDF,ASS
7744797000,PUFGL00530,DIV475934,EDD SALEMPUR,RDF ,RDF,ASS
7745250661,PUFGL00884,DIV475611,EDD II ANANDNAGAR,RDF ,OK,MU
7747765000,FGLTD03393,DIV475814,EDD SEORAHI,IDF ,IDF,ASS
7749866000,FGLTD02356,DIV475614,EDD NICHLAUL,RDF ,OK,MU
7750663667,FGLTD01549,DIV475932,EDD DEORIA,RDF ,OK,MU
7750850947,FGLTD03116,DIV475814,EDD SEORAHI,IDF ,IDF,ASS
7752575000,FGLTD03090,DIV435733,EDD CAMPIEARGANJ,RDF,P,PROV
7754685000,PUFGL00995,DIV475612,EDD I MAHARAJGANJ,RDF ,OK,MU
7755152027,PUFGL01060,DIV475613,EDD NAUTANWA,RDF ,RDF,ASS
7755453644,PUFGL00368,DIV435722,"EDD SAHJANWA,GORAKHPUR",RDF ,BR,MU
7757651669,FGLTD02695,DIV475811,EDD PADRAUNA,IDF ,IDF,ASS
7758207000,FGLTD02657,DIV435731,"EDD GULHARIYA BAZAR,GORAKHPUR",RDF ,RDF,ASS
7758796000,FGLTD02929,DIV475814,EDD SEORAHI,IDF ,IDF,ASS
7758947000,FGLTD03004,DIV475812,EDD HATA,IDF ,IDF,ASS
7759137000,PUFGL00754,DIV475812,EDD HATA,IDF ,IDF,ASS
7760657000,FGLTD02998,DIV435733,EDD CAMPIEARGANJ,RDF,BR,MU
7762230909,FGLTD02178,DIV475934,EDD SALEMPUR,RDF ,RDF,ASS
7762847000,PUFGL00140,DIV435732,EDD CHAURI CHAURA,IDF ,IDF,ASS
7762949113,FGLTD03167,DIV435731,"EDD GULHARIYA BAZAR,GORAKHPUR",RDF ,OK,MU
7764686000,PUFGL01046,DIV475613,EDD NAUTANWA,RDF ,RDF,ASS
7765397000,PUFGL00500,DIV475932,EDD DEORIA,RDF,RDF,ASS
7765496000,PUFGL01048,DIV475613,EDD NAUTANWA,RDF ,P,PROV
7767265000,PUFGL00758,DIV475812,EDD HATA,RDF ,OK,MU
7767317000,FGLTD01661,DIV475814,EDD SEORAHI,IDF ,IDF,ASS
7776037000,PUFGL00964,DIV475612,EDD I MAHARAJGANJ,RDF ,P,PROV
7776877000,FGLTD02929,DIV475814,EDD SEORAHI,IDF ,IDF,ASS
7777407000,FGLTD01808,DIV475934,EDD SALEMPUR,RDF ,OK,MU
7777476000,FGLTD03090,DIV435733,EDD CAMPIEARGANJ,RDF ,RDF,ASS
7778387000,FGLTD01191,DIV475813,"EDD KASYA, KUSHINAGAR",RDF ,RDF,ASS
7779527000,FGLTD03329,DIV475614,EDD NICHLAUL,RDF ,RDF,ASS
7782610028,PUFGL00830,DIV475813,"EDD KASYA, KUSHINAGAR",RDF ,OK,CEIL
7783426000,PUFGL00635,DIV475935,EDD GAURI BAZAR,RDF ,OK,MU
7784230774,FGLTD03203,DIV475813,"EDD KASYA, KUSHINAGAR",RDF ,RDF,ASS
7785308000,FGLTD01660,DIV475814,EDD SEORAHI,IDF ,IDF,ASS
7786387000,PUFGL00826,DIV475813,"EDD KASYA, KUSHINAGAR",RDF ,RDF,ASS
7787216000,PUFGL00848,DIV475814,EDD SEORAHI,IDF ,IDF,ASS
7790809035,PUFGL00587,DIV475934,EDD SALEMPUR,RDF,RDF,ASS
7791507000,PUFGL00339,DIV435721,EDD KAURIRAM,IDF ,IDF,ASS
7791721148,PUFGL00790,DIV475812,EDD HATA,RDF ,RDF,ASS
7792966000,PUFGL00568,DIV475934,EDD SALEMPUR,RDF,RDF,ASS
7793050418,PUFGL00875,DIV475611,EDD II ANANDNAGAR,RDF ,OK,MU
7798119487,FGLTD03157,DIV475614,EDD NICHLAUL,RDF ,OK,MU
7798567000,PUFGL00768,DIV475812,EDD HATA,RDF ,RDF,ASS
7801434735,FGLTD02470,DIV475814,EDD SEORAHI,RDF ,RDF,ASS
7805476000,FGLTD01962,DIV475812,EDD HATA,IDF ,IDF,ASS
7805578066,PUFGL00359,DIV435721,EDD KAURIRAM,RDF ,P,PROV
7805820457,FGLTD02178,DIV475934,EDD SALEMPUR,RDF ,RDF,ASS
7806095979,PUFGL00868,DIV475611,EDD II ANANDNAGAR,RDF ,RDF,ASS
7810736000,FGLTD02471,DIV475814,EDD SEORAHI,IDF ,IDF,ASS
7811616000,FGLTD02929,DIV475814,EDD SEORAHI,IDF ,IDF,ASS
7812057000,FGLTD03004,DIV475812,EDD HATA,IDF ,IDF,ASS
7812118000,PUFGL00258,DIV435733,EDD CAMPIEARGANJ,IDF ,IDF,ASS
7813086000,PUFGL00587,DIV475934,EDD SALEMPUR,IDF ,IDF,ASS
7814096000,PUFGL00617,DIV475935,EDD GAURI BAZAR,RDF ,BR,MU
7816387000,PUFGL00295,DIV435723,EDD SHIKARIGANJ,RDF ,RDF,ASS
7819226000,FGLTD02460,DIV475932,EDD DEORIA,RDF ,P,PROV
7820556000,PUFGL00814,DIV475813,"EDD KASYA, KUSHINAGAR",RDF,RDF,ASS
7821416000,PUFGL01189,DIV475935,EDD GAURI BAZAR,RDF ,OK,MU
7823177000,PUFGL00844,DIV475814,EDD SEORAHI,IDF ,IDF,ASS
7823467000,FGLTD03321,DIV475812,EDD HATA,RDF ,RDF,ASS
7823816000,PUFGL00337,DIV435721,EDD KAURIRAM,RDF ,P,PROV
7824166000,FGLTD01661,DIV475814,EDD SEORAHI,IDF,IDF,ASS
7824237000,FGLTD02460,DIV475932,EDD DEORIA,RDF ,RDF,ASS
7824817000,PUFGL00843,DIV475814,EDD SEORAHI,IDF ,IDF,ASS
7825027000,PUFGL00444,DIV475931,EDD BARHAJ,RDF ,OK,CEIL
7825287000,PUFGL00873,DIV475611,EDD II ANANDNAGAR,RDF ,P,PROV
7825587000,PUFGL00444,DIV475931,EDD BARHAJ,RDF,P,PROV
7826837000,PUFGL00157,DIV435731,"EDD GULHARIYA BAZAR,GORAKHPUR",RDF ,P,PROV
7827226000,FGLTD02667,DIV475813,"EDD KASYA, KUSHINAGAR",RDF ,RDF,ASS
7830818000,PUFGL00657,DIV475811,EDD PADRAUNA,RDF ,BR,MU
7831006000,FGLTD02305,DIV475814,EDD SEORAHI,IDF ,IDF,ASS
7833646000,PUFGL00704,DIV475811,EDD PADRAUNA,IDF ,IDF,ASS
7833866000,PUFGL00252,DIV435733,EDD CAMPIEARGANJ,RDF ,RDF,ASS
7834475000,PUFGL00687,DIV475811,EDD PADRAUNA,IDF,IDF,ASS
7834597000,FGLTD03393,DIV475814,EDD SEORAHI,IDF ,IDF,ASS
7834737000,FGLTD02540,DIV435731,"EDD GULHARIYA BAZAR,GORAKHPUR",RDF ,RDF,ASS
7835846000,FGLTD01770,DIV475814,EDD SEORAHI,IDF ,IDF,ASS
7836805329,PUFGL00637,DIV475935,EDD GAURI BAZAR,RDF ,P,PROV
7837385000,PUFGL00232,DIV435733,EDD CAMPIEARGANJ,RDF ,P,PROV
7839296000,PUFGL00751,DIV475812,EDD HATA,RDF ,OK,MU
7841737000,FGLTD02658,DIV435731,"EDD GULHARIYA BAZAR,GORAKHPUR",RDF ,OK,MU
7842336000,FGLTD01661,DIV475814,EDD SEORAHI,IDF ,IDF,ASS
7843477000,FGLTD01594,DIV475812,EDD HATA,IDF ,RDF,ASS
7843868220,PUFGL00114,DIV435732,EDD CHAURI CHAURA,RDF ,RDF,ASS
7844574867,FGLTD03393,DIV475814,EDD SEORAHI,IDF ,IDF,ASS
7845586000,PUFGL00592,DIV475934,EDD SALEMPUR,RDF ,RDF,ASS
7846056000,FGLTD02611,DIV475812,EDD HATA,RDF ,OK,MU
7847267000,PUFGL00617,DIV475935,EDD GAURI BAZAR,RDF,RDF,ASS
7848097000,PUFGL00776,DIV475812,EDD HATA,RDF ,RDF,ASS
7850787000,FGLTD03116,DIV475814,EDD SEORAHI,IDF ,IDF,ASS
7851487000,FGLTD01584,DIV475613,EDD NAUTANWA,RDF ,OK,MU
7852486000,PUFGL01112,DIV475614,EDD NICHLAUL,RDF,OK,MU
7854071098,FGLTD01509,DIV475935,EDD GAURI BAZAR,RDF ,OK,MU
7854385028,FGLTD01973,DIV475812,EDD HATA,IDF ,IDF,ASS
7857620107,PUFGL00830,DIV475813,"EDD KASYA, KUSHINAGAR",RDF ,OK,MU
7857765000,FGLTD02929,DIV475814,EDD SEORAHI,IDF ,IDF,ASS
7858397000,FGLTD02753,DIV475811,EDD PADRAUNA,IDF,IDF,ASS
7859007000,PUFGL00737,DIV475812,EDD HATA,RDF ,OK,MU
7859775000,PUFGL01004,DIV475612,EDD I MAHARAJGANJ,IDF ,IDF,ASS
7860696000,PUFGL00474,DIV475932,EDD DEORIA,RDF ,OK,MU
7860765000,PUFGL00844,DIV475814,EDD SEORAHI,IDF ,IDF,ASS
7861101055,FGLTD02577,DIV435713,"EUDD MOHADDIPUR,GORAKHPUR",RDF ,OK,MU
7862061803,PUFGL00246,DIV435733,EDD CAMPIEARGANJ,RDF ,OK,MU
7863297000,PUFGL00223,DIV435731,"EDD GULHARIYA BAZAR,GORAKHPUR",RDF ,P,PROV
7866218000,FGLTD02483,DIV475812,EDD HATA,IDF ,IDF,ASS
7866908000,PUFGL00865,DIV475611,EDD II ANANDNAGAR,RDF ,OK,MU
7870018000,FGLTD01557,DIV475932,EDD DEORIA,RDF ,P,PROV
7870179737,PUFGL01200,DIV475932,EDD DEORIA,RDF ,OK,MU
7871347000,FGLTD02667,DIV475813,"EDD KASYA, KUSHINAGAR",IDF ,IDF,ASS
7871749934,FGLTD03193,DIV475935,EDD GAURI BAZAR,RDF ,RDF,ASS
7872087000,PUFGL00257,DIV435733,EDD CAMPIEARGANJ,IDF,IDF,ASS
7872824392,FGLTD02408,DIV475935,EDD GAURI BAZAR,RDF ,OK,MU
7873015175,FGLTD02540,DIV435731,"EDD GULHARIYA BAZAR,GORAKHPUR",RDF ,OK,MU
7874616000,FGLTD03393,DIV475814,EDD SEORAHI,IDF ,IDF,ASS
7879226000,PUFGL00687,DIV475811,EDD PADRAUNA,IDF ,IDF,ASS
7880047020,PUFGL00620,DIV475935,EDD GAURI BAZAR,RDF ,BR,MU
7880896000,PUFGL00848,DIV475814,EDD SEORAHI,IDF ,IDF,ASS
7880997000,PUFGL01015,DIV475612,EDD I MAHARAJGANJ,RDF ,OK,MU
7882796000,PUFGL00803,DIV475813,"EDD KASYA, KUSHINAGAR",RDF ,RDF,ASS
7883327000,FGLTD01803,DIV475934,EDD SALEMPUR,RDF ,RDF,ASS
7883637741,PUFGL00814,DIV475813,"EDD KASYA, KUSHINAGAR",RDF ,RDF,ASS
7883887000,PUFGL00606,DIV475934,EDD SALEMPUR,RDF ,RDF,ASS
7884264664,PUFGL00428,DIV435722,"EDD SAHJANWA,GORAKHPUR",RDF ,OK,MU
7888486000,FGLTD01594,DIV475812,EDD HATA,IDF ,IDF,ASS
7888666005,PUFGL01107,DIV475614,EDD NICHLAUL,RDF ,OK,MU
7889808000,FGLTD02667,DIV475813,"EDD KASYA, KUSHINAGAR",IDF ,IDF,ASS
7890865000,FGLTD02778,DIV435722,"EDD SAHJANWA,GORAKHPUR",RDF ,RDF,ASS
7891589963,PUFGL00616,DIV475935,EDD GAURI BAZAR,RDF ,RDF,ASS
7893204415,FGLTD02948,DIV475811,EDD PADRAUNA,IDF ,IDF,ASS
7899086000,PUFGL00837,DIV475813,"EDD KASYA, KUSHINAGAR",RDF ,RDF,ASS
7900512000,FGLTD01844,DIV435712,"EUDD SRI GORAKHNATH,GORAKHPUR",RDF ,P,NULL
7900716000,PUFGL00951,DIV475612,EDD I MAHARAJGANJ,RDF ,P,PROV
7901266000,FGLTD01511,DIV475935,EDD GAURI BAZAR,RDF ,P,PROV
7901510929,PUFGL00257,DIV435733,EDD CAMPIEARGANJ,IDF ,IDF,ASS
7905927000,PUFGL00393,DIV435722,"EDD SAHJANWA,GORAKHPUR",RDF ,P,PROV
7906075000,PUFGL00592,DIV475934,EDD SALEMPUR,RDF ,RDF,ASS
7906350071,FGLTD03051,DIV475811,EDD PADRAUNA,RDF ,OK,MU
7907026000,PUFGL00569,DIV475934,EDD SALEMPUR,RDF ,RDF,ASS
7907576000,FGLTD02460,DIV475932,EDD DEORIA,RDF ,P,PROV
7907957000,PUFGL01047,DIV475613,EDD NAUTANWA,RDF ,P,PROV
7908236000,FGLTD02929,DIV475814,EDD SEORAHI,IDF ,IDF,ASS
7908247000,FGLTD02606,DIV475814,EDD SEORAHI,IDF ,IDF,ASS
7910556763,PUFGL00629,DIV475935,EDD GAURI BAZAR,RDF ,OK,MU
7910957000,PUFGL01130,DIV475614,EDD NICHLAUL,RDF ,OK,MU
7911426000,FGLTD02964,DIV475813,"EDD KASYA, KUSHINAGAR",IDF ,RDF,ASS
7911756000,FGLTD02474,DIV475814,EDD SEORAHI,IDF ,IDF,ASS
7912116000,PUFGL00593,DIV475934,EDD SALEMPUR,RDF ,RDF,ASS
7914193230,PUFGL01047,DIV475613,EDD NAUTANWA,RDF ,OK,MU
7914467000,PUFGL00764,DIV475812,EDD HATA,IDF ,IDF,ASS
7914517000,PUFGL01060,DIV475613,EDD NAUTANWA,RDF ,OK,MU
7915987000,PUFGL00888,DIV475611,EDD II ANANDNAGAR,RDF ,P,PROV
7916127000,FGLTD01355,DIV435733,EDD CAMPIEARGANJ,RDF,P,PROV
7918242466,PUFGL00418,DIV435722,"EDD SAHJANWA,GORAKHPUR",RDF ,OK,MU
7919185000,FGLTD03230,DIV475813,"EDD KASYA, KUSHINAGAR",RDF,RDF,ASS
7920314213,FGLTD03125,DIV475813,"EDD KASYA, KUSHINAGAR",RDF ,OK,MU
7921756000,FGLTD02308,DIV475814,EDD SEORAHI,IDF ,IDF,ASS
7922007000,PUFGL00880,DIV475611,EDD II ANANDNAGAR,RDF ,OK,MU
7922186726,PUFGL00488,DIV475932,EDD DEORIA,RDF ,RDF,ASS
7923933087,PUFGL00811,DIV475813,"EDD KASYA, KUSHINAGAR",RDF ,RDF,ASS
7924687000,PUFGL00530,DIV475934,EDD SALEMPUR,RDF ,OK,MU
7924743447,PUFGL00893,DIV475611,EDD II ANANDNAGAR,RDF ,RDF,ASS
7925012000,FGLTD02324,DIV435711,"EUDD TOWNHALL,GORAKHPUR",RDF ,RDF,ASS
7925354000,PUFGL00709,DIV475811,EDD PADRAUNA,IDF,IDF,ASS
7925647742,PUFGL00971,DIV475612,EDD I MAHARAJGANJ,RDF ,OK,MU
7925788429,FGLTD01770,DIV475814,EDD SEORAHI,RDF ,OK,MU
7925876000,PUFGL00202,DIV435731,"EDD GULHARIYA BAZAR,GORAKHPUR",RDF ,RDF,ASS
7926507000,FGLTD01671,DIV475814,EDD SEORAHI,IDF ,IDF,ASS
7926838524,FGLTD02139,DIV475613,EDD NAUTANWA,RDF ,RDF,ASS
7928646000,FGLTD03202,DIV475813,"EDD KASYA, KUSHINAGAR",IDF ,IDF,ASS
7930677000,PUFGL00194,DIV435731,"EDD GULHARIYA BAZAR,GORAKHPUR",RDF ,RDF,ASS
7931234393,PUFGL00162,DIV435731,"EDD GULHARIYA BAZAR,GORAKHPUR",RDF ,OK,MU
7931736790,FGLTD03203,DIV475813,"EDD KASYA, KUSHINAGAR",RDF ,RDF,ASS
7934077000,PUFGL00835,DIV475813,"EDD KASYA, KUSHINAGAR",RDF ,RDF,ASS
7934931313,FGLTD02199,DIV435732,EDD CHAURI CHAURA,RDF ,RDF,ASS
7936746000,PUFGL00176,DIV435731,"EDD GULHARIYA BAZAR,GORAKHPUR",RDF ,OK,MU
7937956034,PUFGL00878,DIV475611,EDD II ANANDNAGAR,RDF ,OK,MU
7938296000,PUFGL00562,DIV475934,EDD SALEMPUR,RDF ,RDF,ASS
7938746000,PUFGL00352,DIV435721,EDD KAURIRAM,RDF ,RDF,ASS
7939675000,PUFGL00606,DIV475934,EDD SALEMPUR,RDF ,OK,MU
7939837000,PUFGL00393,DIV435722,"EDD SAHJANWA,GORAKHPUR",RDF ,OK,MU
7940927000,PUFGL00592,DIV475934,EDD SALEMPUR,RDF,RDF,ASS
7941916000,PUFGL00894,DIV475611,EDD II ANANDNAGAR,RDF ,OK,MU
7944457000,PUFGL00633,DIV475935,EDD GAURI BAZAR,IDF ,IDF,ASS
7944765000,PUFGL00844,DIV475814,EDD SEORAHI,IDF ,IDF,ASS
7944977000,PUFGL00684,DIV475811,EDD PADRAUNA,IDF ,IDF,ASS
7945157084,PUFGL00631,DIV475935,EDD GAURI BAZAR,IDF ,IDF,ASS
7945389261,PUFGL01019,DIV475612,EDD I MAHARAJGANJ,RDF,P,PROV
7945856000,PUFGL00790,DIV475812,EDD HATA,RDF ,RDF,ASS
7947376000,PUFGL00711,DIV475811,EDD PADRAUNA,RDF,RDF,ASS
7948877000,FGLTD01661,DIV475814,EDD SEORAHI,IDF ,IDF,ASS
7950205589,PUFGL01201,DIV475932,EDD DEORIA,RDF ,P,PROV
7950587000,FGLTD02667,DIV475813,"EDD KASYA, KUSHINAGAR",RDF,RDF,ASS
7950787000,PUFGL00851,DIV475814,EDD SEORAHI,IDF ,IDF,ASS
7956455594,FGLTD01671,DIV475814,EDD SEORAHI,IDF ,IDF,ASS
7957927000,PUFGL00264,DIV435733,EDD CAMPIEARGANJ,RDF ,OK,MU
7958479265,PUFGL00474,DIV475932,EDD DEORIA,RDF ,P,PROV
7959276000,PUFGL00848,DIV475814,EDD SEORAHI,RDF ,RDF,ASS
7961118000,PUFGL00843,DIV475814,EDD SEORAHI,IDF,IDF,ASS
7963427000,FGLTD03316,DIV475932,EDD DEORIA,RDF ,OK,MU
7963437000,PUFGL00548,DIV475934,EDD SALEMPUR,RDF ,RDF,ASS
7967265000,PUFGL00758,DIV475812,EDD HATA,RDF ,OK,MU
7967816000,PUFGL00476,DIV475932,EDD DEORIA,RDF ,RDF,ASS
7968026000,FGLTD02313,DIV435732,EDD CHAURI CHAURA,RDF,RDF,ASS
7968868579,PUFGL00997,DIV475612,EDD I MAHARAJGANJ,RDF ,OK,MU
7969616000,PUFGL00684,DIV475811,EDD PADRAUNA,IDF ,IDF,ASS
7969727000,FGLTD02400,DIV475935,EDD GAURI BAZAR,RDF,RDF,ASS
7970381092,PUFGL00507,DIV475932,EDD DEORIA,RDF ,OK,MU
7971585000,PUFGL01008,DIV475612,EDD I MAHARAJGANJ,RDF ,P,PROV
7972811131,PUFGL01060,DIV475613,EDD NAUTANWA,RDF ,OK,MU
7972884532,PUFGL00674,DIV475811,EDD PADRAUNA,IDF ,IDF,ASS
7975029188,FGLTD02341,DIV475612,EDD I MAHARAJGANJ,RDF ,RDF,ASS
7977354000,PUFGL00709,DIV475811,EDD PADRAUNA,IDF,IDF,ASS
7978186000,FGLTD01612,DIV475811,EDD PADRAUNA,IDF,IDF,ASS
7978267000,FGLTD02929,DIV475814,EDD SEORAHI,IDF ,IDF,ASS
7978307000,PUFGL00814,DIV475813,"EDD KASYA, KUSHINAGAR",RDF,RDF,ASS
7978507000,FGLTD02929,DIV475814,EDD SEORAHI,IDF ,IDF,ASS
7978875319,PUFGL00968,DIV475612,EDD I MAHARAJGANJ,RDF ,OK,MU
7979784876,FGLTD02544,DIV435732,EDD CHAURI CHAURA,RDF ,OK,MU
7980517000,PUFGL00876,DIV475611,EDD II ANANDNAGAR,RDF,RDF,ASS
7984513188,PUFGL00695,DIV475811,EDD PADRAUNA,RDF ,RDF,ASS
7985076000,PUFGL00751,DIV475812,EDD HATA,RDF ,OK,CEIL
7985546677,PUFGL00337,DIV435721,EDD KAURIRAM,IDF,IDF,ASS
7988325123,FGLTD01182,DIV475813,"EDD KASYA, KUSHINAGAR",RDF ,OK,MU
7990736000,PUFGL00848,DIV475814,EDD SEORAHI,IDF ,IDF,ASS
7991096000,PUFGL01013,DIV475612,EDD I MAHARAJGANJ,RDF ,P,PROV
7992585000,PUFGL00764,DIV475812,EDD HATA,IDF,IDF,ASS
7993288548,FGLTD03379,DIV435733,EDD CAMPIEARGANJ,RDF ,BR,MU
7994328095,PUFGL00140,DIV435732,EDD CHAURI CHAURA,RDF ,BR,MU
7994977000,PUFGL00711,DIV475811,EDD PADRAUNA,IDF ,IDF,ASS
7995034962,FGLTD03191,DIV475932,EDD DEORIA,RDF ,P,PROV
7996071950,PUFGL01003,DIV475612,EDD I MAHARAJGANJ,RDF ,RDF,ASS
7996267000,FGLTD02199,DIV435732,EDD CHAURI CHAURA,RDF ,P,PROV
7997646000,FGLTD03390,DIV475811,EDD PADRAUNA,RDF ,BR,MU
7999363000,PUFGL01197,DIV475932,EDD DEORIA,RDF ,RDF,ASS
7999546000,PUFGL00763,DIV475812,EDD HATA,RDF ,BR,MU
8000510878,PUFGL01124,DIV475614,EDD NICHLAUL,RDF ,OK,MU
8001387000,PUFGL01087,DIV475614,EDD NICHLAUL,RDF ,RDF,ASS
8002465221,FGLTD02577,DIV435713,"EUDD MOHADDIPUR,GORAKHPUR",RDF ,OK,MU
8002526758,FGLTD01244,DIV435722,"EDD SAHJANWA,GORAKHPUR",RDF ,OK,MU
8002756000,PUFGL00704,DIV475811,EDD PADRAUNA,RDF ,IDF,ASS
8004307000,PUFGL00674,DIV475811,EDD PADRAUNA,RDF ,OK,MU
8004866000,FGLTD01968,DIV475812,EDD HATA,IDF ,IDF,ASS
8005156807,PUFGL00890,DIV475611,EDD II ANANDNAGAR,RDF ,BR,MU
8005417000,FGLTD01770,DIV475814,EDD SEORAHI,IDF ,IDF,ASS
8009436000,PUFGL00476,DIV475932,EDD DEORIA,RDF ,OK,CEIL
8010006000,FGLTD01671,DIV475814,EDD SEORAHI,IDF,IDF,ASS
8012266942,PUFGL00884,DIV475611,EDD II ANANDNAGAR,RDF ,RDF,ASS
8013475000,PUFGL00252,DIV435733,EDD CAMPIEARGANJ,RDF ,P,PROV
8016327000,FGLTD02998,DIV435733,EDD CAMPIEARGANJ,RDF ,RDF,ASS
8017408000,PUFGL00358,DIV435721,EDD KAURIRAM,RDF,P,PROV
8018084026,PUFGL00761,DIV475812,EDD HATA,RDF ,RDF,ASS
8018536000,PUFGL00790,DIV475812,EDD HATA,RDF,RDF,ASS
8019916000,PUFGL00739,DIV475812,EDD HATA,RDF,BR,MU
8020006000,FGLTD02471,DIV475814,EDD SEORAHI,IDF,IDF,ASS
8020387000,PUFGL00585,DIV475934,EDD SALEMPUR,RDF ,RDF,ASS
8020737000,FGLTD03013,DIV475811,EDD PADRAUNA,IDF ,IDF,ASS
8022707000,FGLTD01592,DIV475812,EDD HATA,IDF ,IDF,ASS
8023737000,PUFGL00421,DIV435722,"EDD SAHJANWA,GORAKHPUR",RDF ,RDF,ASS
8025187000,PUFGL00512,DIV475932,EDD DEORIA,RDF ,P,PROV
8025326000,PUFGL00576,DIV475934,EDD SALEMPUR,RDF ,OK,MU
8026117000,PUFGL00633,DIV475935,EDD GAURI BAZAR,RDF,RDF,ASS
8026437000,PUFGL01042,DIV475613,EDD NAUTANWA,RDF ,RDF,ASS
8029263000,PUFGL01197,DIV475932,EDD DEORIA,RDF ,RDF,ASS
8029547000,FGLTD02738,DIV435733,EDD CAMPIEARGANJ,RDF ,OK,MU
8035212000,FGLTD02324,DIV435711,"EUDD TOWNHALL,GORAKHPUR",RDF ,OK,MU
8035716000,FGLTD03004,DIV475812,EDD HATA,RDF ,OK,MU
8036116000,PUFGL00577,DIV475934,EDD SALEMPUR,RDF ,OK,MU
8036916000,PUFGL00552,DIV475934,EDD SALEMPUR,IDF ,IDF,ASS
8039463000,PUFGL00496,DIV475932,EDD DEORIA,RDF ,RDF,ASS
8039646000,FGLTD02587,DIV475611,EDD II ANANDNAGAR,RDF ,OK,MU
8041736000,PUFGL01151,DIV475614,EDD NICHLAUL,RDF ,RDF,ASS
8042118901,FGLTD02460,DIV475932,EDD DEORIA,RDF ,OK,MU
8042537000,PUFGL01060,DIV475613,EDD NAUTANWA,RDF ,RDF,ASS
8044605840,PUFGL00635,DIV475935,EDD GAURI BAZAR,RDF ,OK,MU
8045996000,PUFGL00699,DIV475811,EDD PADRAUNA,RDF ,RDF,ASS
8046418801,PUFGL00572,DIV475934,EDD SALEMPUR,RDF,RDF,ASS
8046647000,FGLTD02474,DIV475814,EDD SEORAHI,IDF ,IDF,ASS
8046908000,FGLTD03203,DIV475813,"EDD KASYA, KUSHINAGAR",RDF ,RDF,ASS
8048656000,FGLTD01773,DIV475814,EDD SEORAHI,IDF,IDF,ASS
8052126000,FGLTD03122,DIV475813,"EDD KASYA, KUSHINAGAR",RDF,RDF,ASS
8052507000,PUFGL00562,DIV475934,EDD SALEMPUR,RDF ,RDF,ASS
8053196000,PUFGL00764,DIV475812,EDD HATA,IDF,IDF,ASS
8053577000,PUFGL01125,DIV475614,EDD NICHLAUL,RDF ,RDF,ASS
8056808961,FGLTD02823,DIV475614,EDD NICHLAUL,RDF ,RDF,ASS
8057236000,PUFGL00704,DIV475811,EDD PADRAUNA,IDF ,IDF,ASS
8057977000,PUFGL01124,DIV475614,EDD NICHLAUL,RDF ,OK,MU
8062636533,PUFGL00919,DIV475612,EDD I MAHARAJGANJ,RDF ,RDF,ASS
8063896000,FGLTD03294,DIV475814,EDD SEORAHI,IDF ,IDF,ASS
8065636000,PUFGL00993,DIV475612,EDD I MAHARAJGANJ,RDF,P,PROV
8067786000,PUFGL00839,DIV475813,"EDD KASYA, KUSHINAGAR",IDF ,IDF,ASS
8069618000,FGLTD03134,DIV475811,EDD PADRAUNA,RDF ,BR,MU
8072077000,PUFGL00548,DIV475934,EDD SALEMPUR,RDF,RDF,ASS
8073308000,FGLTD03193,DIV475935,EDD GAURI BAZAR,IDF ,IDF,ASS
8073343246,PUFGL00242,DIV435733,EDD CAMPIEARGANJ,RDF ,P,PROV
8076327000,FGLTD01592,DIV475812,EDD HATA,IDF ,IDF,ASS
8077079181,FGLTD02238,DIV475932,EDD DEORIA,RDF ,RDF,ASS
8082305430,FGLTD03191,DIV475932,EDD DEORIA,RDF,OK,MU
8083585000,FGLTD02081,DIV475812,EDD HATA,IDF,IDF,ASS
8086816000,FGLTD03003,DIV475612,EDD I MAHARAJGANJ,RDF ,RDF,ASS
8087138262,PUFGL00744,DIV475812,EDD HATA,RDF,RDF,ASS
8087687860,FGLTD02747,DIV435732,EDD CHAURI CHAURA,RDF ,RDF,ASS
8087855000,PUFGL00893,DIV475611,EDD II ANANDNAGAR,RDF ,RDF,ASS
8089276000,FGLTD01661,DIV475814,EDD SEORAHI,IDF ,IDF,ASS
8090219616,FGLTD03118,DIV475814,EDD SEORAHI,IDF ,IDF,ASS
8090265000,PUFGL01130,DIV475614,EDD NICHLAUL,RDF ,OK,MU
8091167000,FGLTD02908,DIV435733,EDD CAMPIEARGANJ,RDF ,P,PROV
8091355214,PUFGL00587,DIV475934,EDD SALEMPUR,RDF ,RDF,ASS
8093166000,PUFGL00830,DIV475813,"EDD KASYA, KUSHINAGAR",RDF ,OK,MU
8093236000,PUFGL00843,DIV475814,EDD SEORAHI,IDF ,IDF,ASS
8094667000,PUFGL00894,DIV475611,EDD II ANANDNAGAR,RDF ,OK,MU
8095907000,PUFGL00766,DIV475812,EDD HATA,RDF ,P,PROV
8097377854,PUFGL00933,DIV475612,EDD I MAHARAJGANJ,RDF ,OK,MU
8098808000,PUFGL00811,DIV475813,"EDD KASYA, KUSHINAGAR",RDF ,RDF,ASS
8099077000,FGLTD03294,DIV475814,EDD SEORAHI,IDF ,IDF,ASS
8101165000,FGLTD01592,DIV475812,EDD HATA,IDF ,IDF,ASS
8101417000,PUFGL00177,DIV435731,"EDD GULHARIYA BAZAR,GORAKHPUR",RDF ,RDF,ASS
8103507000,FGLTD03090,DIV435733,EDD CAMPIEARGANJ,RDF ,P,PROV
8105607000,FGLTD02929,DIV475814,EDD SEORAHI,IDF ,IDF,ASS
8106077000,PUFGL00850,DIV475814,EDD SEORAHI,IDF ,IDF,ASS
8106616000,FGLTD03294,DIV475814,EDD SEORAHI,IDF ,IDF,ASS
8110467000,PUFGL00982,DIV475612,EDD I MAHARAJGANJ,RDF,RDF,ASS
8110597000,FGLTD03118,DIV475814,EDD SEORAHI,RDF ,OK,MU
8111785000,FGLTD02982,DIV435733,EDD CAMPIEARGANJ,RDF ,P,PROV
8112476000,FGLTD01592,DIV475812,EDD HATA,IDF ,IDF,ASS
8113017000,FGLTD02305,DIV475814,EDD SEORAHI,IDF ,IDF,ASS
8115316000,FGLTD03220,DIV475613,EDD NAUTANWA,RDF ,OK,MU
8115576000,PUFGL00334,DIV435721,EDD KAURIRAM,RDF ,OK,MU
8115876000,PUFGL00749,DIV475812,EDD HATA,RDF ,RDF,ASS
8118703136,PUFGL00203,DIV435731,"EDD GULHARIYA BAZAR,GORAKHPUR",RDF ,RDF,ASS
8118857000,FGLTD03220,DIV475613,EDD NAUTANWA,RDF ,OK,MU
8119216000,FGLTD01183,DIV475813,"EDD KASYA, KUSHINAGAR",RDF ,RDF,ASS
8119557000,FGLTD02738,DIV435733,EDD CAMPIEARGANJ,IDF ,IDF,ASS
8120277000,FGLTD02081,DIV475812,EDD HATA,IDF ,IDF,ASS
8123467000,FGLTD03004,DIV475812,EDD HATA,IDF ,IDF,ASS
8123527000,PUFGL00790,DIV475812,EDD HATA,RDF ,OK,MU
8125447000,FGLTD03202,DIV475813,"EDD KASYA, KUSHINAGAR",RDF ,RDF,ASS
8126737000,FGLTD02810,DIV475934,EDD SALEMPUR,RDF ,OK,MU
8128785000,PUFGL01013,DIV475612,EDD I MAHARAJGANJ,RDF ,RDF,ASS
8128947000,PUFGL00114,DIV435732,EDD CHAURI CHAURA,RDF ,OK,MU
8129708000,FGLTD01182,DIV475813,"EDD KASYA, KUSHINAGAR",RDF ,OK,MU
8131033245,PUFGL00964,DIV475612,EDD I MAHARAJGANJ,RDF ,P,PROV
8133165000,FGLTD03012,DIV475811,EDD PADRAUNA,RDF ,OK,MU
8134746000,FGLTD02460,DIV475932,EDD DEORIA,RDF ,P,PROV
8136944295,PUFGL00709,DIV475811,EDD PADRAUNA,IDF ,IDF,ASS
8137557000,FGLTD01962,DIV475812,EDD HATA,IDF ,IDF,ASS
8139497000,FGLTD02929,DIV475814,EDD SEORAHI,IDF ,IDF,ASS
8139741208,PUFGL00606,DIV475934,EDD SALEMPUR,RDF ,RDF,ASS
8139965000,PUFGL00886,DIV475611,EDD II ANANDNAGAR,RDF ,OK,MU
8141175000,FGLTD02944,DIV475812,EDD HATA,RDF ,BR,MU
8141716000,PUFGL01151,DIV475614,EDD NICHLAUL,RDF ,RDF,ASS
8142765000,FGLTD03202,DIV475813,"EDD KASYA, KUSHINAGAR",IDF ,IDF,ASS
8144091398,PUFGL00355,DIV435721,EDD KAURIRAM,RDF ,P,PROV
8144349822,PUFGL00803,DIV475813,"EDD KASYA, KUSHINAGAR",RDF ,RDF,ASS
8145085000,FGLTD03122,DIV475813,"EDD KASYA, KUSHINAGAR",RDF ,RDF,ASS
8146257000,FGLTD02640,DIV475935,EDD GAURI BAZAR,RDF,OK,MU
8147207000,PUFGL01082,DIV475613,EDD NAUTANWA,RDF ,RDF,ASS
8150556000,FGLTD01178,DIV475813,"EDD KASYA, KUSHINAGAR",RDF ,RDF,ASS
8151436000,PUFGL00257,DIV435733,EDD CAMPIEARGANJ,IDF,IDF,ASS
8154027000,FGLTD02460,DIV475932,EDD DEORIA,IDF,IDF,ASS
8154118000,FGLTD01519,DIV475935,EDD GAURI BAZAR,RDF ,RDF,ASS
8154349668,PUFGL00622,DIV475935,EDD GAURI BAZAR,RDF ,OK,CEIL
8156190875,FGLTD03118,DIV475814,EDD SEORAHI,IDF ,IDF,ASS
8156897000,FGLTD03004,DIV475812,EDD HATA,IDF ,IDF,ASS
8158877000,PUFGL00844,DIV475814,EDD SEORAHI,IDF ,IDF,ASS
8160146000,PUFGL00721,DIV475811,EDD PADRAUNA,RDF ,RDF,ASS
8163061206,FGLTD02744,DIV435732,EDD CHAURI CHAURA,RDF,OK,MU
8165267000,PUFGL00828,DIV475814,EDD SEORAHI,IDF,IDF,ASS
8165865000,FGLTD03004,DIV475812,EDD HATA,IDF ,IDF,ASS
8167196445,PUFGL00919,DIV475612,EDD I MAHARAJGANJ,IDF ,IDF,ASS
8167546000,PUFGL01044,DIV475613,EDD NAUTANWA,RDF,P,PROV
8167816000,PUFGL00334,DIV435721,EDD KAURIRAM,RDF ,P,PROV
8167837000,FGLTD02471,DIV475814,EDD SEORAHI,IDF ,IDF,ASS
8168057000,PUFGL00811,DIV475813,"EDD KASYA, KUSHINAGAR",IDF ,IDF,ASS
8169626000,FGLTD02547,DIV475611,EDD II ANANDNAGAR,RDF ,OK,MU
8170536000,PUFGL00352,DIV435721,EDD KAURIRAM,RDF ,BR,MU
8171256000,FGLTD02296,DIV475812,EDD HATA,RDF ,RDF,ASS
8171376000,PUFGL00633,DIV475935,EDD GAURI BAZAR,RDF ,RDF,ASS
8171758264,PUFGL00491,DIV475932,EDD DEORIA,RDF ,OK,MU
8171807000,PUFGL00865,DIV475611,EDD II ANANDNAGAR,RDF ,P,PROV
8172996000,FGLTD01592,DIV475812,EDD HATA,IDF ,IDF,ASS
8174709573,PUFGL01056,DIV475613,EDD NAUTANWA,RDF ,RDF,ASS
8175297000,FGLTD02951,DIV475811,EDD PADRAUNA,RDF ,OK,MU
8175446000,FGLTD02126,DIV475612,EDD I MAHARAJGANJ,RDF ,RDF,ASS
8177636000,PUFGL01117,DIV475614,EDD NICHLAUL,RDF,RDF,ASS
8179897000,PUFGL00428,DIV435722,"EDD SAHJANWA,GORAKHPUR",RDF ,RDF,ASS
8183786431,PUFGL00705,DIV475811,EDD PADRAUNA,RDF ,P,PROV
8183996000,FGLTD02908,DIV435733,EDD CAMPIEARGANJ,RDF ,RDF,ASS
8185667000,FGLTD01340,DIV435732,EDD CHAURI CHAURA,RDF ,OK,MU
8188307000,PUFGL00848,DIV475814,EDD SEORAHI,IDF ,IDF,ASS
8194751373,PUFGL00839,DIV475813,"EDD KASYA, KUSHINAGAR",RDF ,OK,MU
8195575000,FGLTD01661,DIV475814,EDD SEORAHI,IDF ,IDF,ASS
8195708000,FGLTD01584,DIV475613,EDD NAUTANWA,RDF,RDF,ASS
8199317000,PUFGL00117,DIV435732,EDD CHAURI CHAURA,RDF ,OK,MU
8199403927,PUFGL01010,DIV475612,EDD I MAHARAJGANJ,RDF ,P,PROV
8200517000,PUFGL00899,DIV475611,EDD II ANANDNAGAR,RDF ,OK,MU
8201436000,PUFGL00768,DIV475812,EDD HATA,RDF ,RDF,ASS
8203957002,FGLTD01513,DIV475935,EDD GAURI BAZAR,RDF ,OK,MU
8204137000,PUFGL00760,DIV475812,EDD HATA,RDF ,P,PROV
8206266000,FGLTD01283,DIV475935,EDD GAURI BAZAR,RDF,OK,MU
8207216000,PUFGL00843,DIV475814,EDD SEORAHI,IDF ,IDF,ASS
8208637061,FGLTD02424,DIV475934,EDD SALEMPUR,RDF ,RDF,ASS
8209775000,PUFGL01200,DIV475932,EDD DEORIA,RDF ,RDF,ASS
8210737000,PUFGL00515,DIV475932,EDD DEORIA,RDF ,P,PROV
8210739802,PUFGL00806,DIV475813,"EDD KASYA, KUSHINAGAR",RDF ,OK,MU
8214457000,FGLTD03358,DIV475935,EDD GAURI BAZAR,RDF ,OK,MU
8214640408,FGLTD02586,DIV475611,EDD II ANANDNAGAR,RDF ,OK,MU
8217297000,FGLTD03226,DIV475813,"EDD KASYA, KUSHINAGAR",RDF,RDF,ASS
8217426000,FGLTD01661,DIV475814,EDD SEORAHI,IDF ,IDF,ASS
8217584072,PUFGL00847,DIV475814,EDD SEORAHI,IDF ,IDF,ASS
8222116000,PUFGL00536,DIV475934,EDD SALEMPUR,RDF ,P,PROV
8222306544,PUFGL00194,DIV435731,"EDD GULHARIYA BAZAR,GORAKHPUR",RDF ,RDF,ASS
8224677000,PUFGL00744,DIV475812,EDD HATA,RDF ,RDF,ASS
8224683945,FGLTD02967,DIV475934,EDD SALEMPUR,RDF,RDF,ASS
8224986000,FGLTD03358,DIV475935,EDD GAURI BAZAR,RDF ,BR,MU
8225457000,PUFGL00844,DIV475814,EDD SEORAHI,IDF ,IDF,ASS
8225757000,PUFGL01123,DIV475614,EDD NICHLAUL,RDF ,OK,MU
8226047000,PUFGL00954,DIV475612,EDD I MAHARAJGANJ,RDF ,OK,MU
8226386000,FGLTD03191,DIV475932,EDD DEORIA,RDF ,BR,MU
8226486000,PUFGL00790,DIV475812,EDD HATA,RDF ,RDF,ASS
8227912740,PUFGL00995,DIV475612,EDD I MAHARAJGANJ,RDF ,P,PROV
8227973253,PUFGL00633,DIV475935,EDD GAURI BAZAR,RDF ,P,PROV
8228636000,FGLTD01982,DIV435732,EDD CHAURI CHAURA,RDF,OK,MU
8229698232,PUFGL00749,DIV475812,EDD HATA,RDF ,P,PROV
8230746000,PUFGL00863,DIV475611,EDD II ANANDNAGAR,RDF ,OK,MU
8230897647,PUFGL00467,DIV475931,EDD BARHAJ,RDF ,RDF,ASS
8232146000,FGLTD02695,DIV475811,EDD PADRAUNA,IDF ,IDF,ASS
8234675000,FGLTD02308,DIV475814,EDD SEORAHI,IDF ,IDF,ASS
8235317000,PUFGL00835,DIV475813,"EDD KASYA, KUSHINAGAR",RDF ,RDF,ASS
8235346000,PUFGL00364,DIV435722,"EDD SAHJANWA,GORAKHPUR",RDF ,OK,MU
8236518000,PUFGL00544,DIV475934,EDD SALEMPUR,RDF,RDF,ASS
8239476000,PUFGL00257,DIV435733,EDD CAMPIEARGANJ,IDF ,IDF,ASS
8239607000,PUFGL00763,DIV475812,EDD HATA,IDF,IDF,ASS
8239626041,PUFGL00833,DIV475813,"EDD KASYA, KUSHINAGAR",RDF ,OK,MU
8239665000,PUFGL00561,DIV475934,EDD SALEMPUR,RDF ,RDF,ASS
8241914099,PUFGL01197,DIV475932,EDD DEORIA,RDF ,OK,CEIL
8242907350,FGLTD01579,DIV475611,EDD II ANANDNAGAR,RDF ,OK,MU
8243727000,PUFGL00779,DIV475812,EDD HATA,RDF,RDF,ASS
8244875000,PUFGL00874,DIV475611,EDD II ANANDNAGAR,RDF,RDF,ASS
8245696000,PUFGL00351,DIV435721,EDD KAURIRAM,RDF ,P,PROV
8247037252,PUFGL00844,DIV475814,EDD SEORAHI,RDF ,OK,MU
8247336000,PUFGL00732,DIV475812,EDD HATA,RDF ,OK,MU
8248166000,FGLTD02662,DIV475813,"EDD KASYA, KUSHINAGAR",RDF ,OK,MU
8248927000,FGLTD03057,DIV475813,"EDD KASYA, KUSHINAGAR",RDF ,RDF,ASS
8249156000,PUFGL01047,DIV475613,EDD NAUTANWA,RDF ,OK,MU
8249518000,PUFGL01139,DIV475614,EDD NICHLAUL,RDF ,P,PROV
8254108000,FGLTD03226,DIV475813,"EDD KASYA, KUSHINAGAR",IDF,IDF,ASS
8254367000,FGLTD01512,DIV475935,EDD GAURI BAZAR,RDF ,RDF,ASS
8255376000,PUFGL00722,DIV475811,EDD PADRAUNA,RDF ,P,PROV
8255473149,FGLTD03390,DIV475811,EDD PADRAUNA,IDF ,IDF,ASS
8257377000,PUFGL00888,DIV475611,EDD II ANANDNAGAR,RDF ,P,PROV
8259797000,PUFGL00920,DIV475612,EDD I MAHARAJGANJ,RDF ,OK,MU
8259808000,PUFGL00212,DIV435731,"EDD GULHARIYA BAZAR,GORAKHPUR",RDF ,OK,MU
8260111620,FGLTD01546,DIV475935,EDD GAURI BAZAR,RDF ,OK,MU
8261796000,FGLTD02668,DIV475813,"EDD KASYA, KUSHINAGAR",RDF ,RDF,ASS
8261865000,FGLTD02951,DIV475811,EDD PADRAUNA,RDF ,OK,MU
8261955000,PUFGL00848,DIV475814,EDD SEORAHI,IDF ,IDF,ASS
8262186652,PUFGL00504,DIV475932,EDD DEORIA,RDF ,RDF,ASS
8262457000,PUFGL00843,DIV475814,EDD SEORAHI,IDF ,IDF,ASS
8264777000,FGLTD02410,DIV475932,EDD DEORIA,RDF ,RDF,ASS
8265917000,PUFGL00725,DIV475812,EDD HATA,IDF ,P,PROV
8266596000,PUFGL00436,DIV435722,"EDD SAHJANWA,GORAKHPUR",RDF ,P,PROV
8266876000,FGLTD02850,DIV475811,EDD PADRAUNA,RDF ,P,PROV
8269736000,FGLTD01582,DIV475613,EDD NAUTANWA,RDF ,OK,MU
8269776000,FGLTD03122,DIV475813,"EDD KASYA, KUSHINAGAR",RDF ,RDF,ASS
8270186000,FGLTD01773,DIV475814,EDD SEORAHI,RDF ,P,PROV
8270797000,FGLTD02314,DIV435732,EDD CHAURI CHAURA,RDF ,OK,MU
8271777000,FGLTD01188,DIV475813,"EDD KASYA, KUSHINAGAR",IDF ,IDF,ASS
8272347000,FGLTD03229,DIV475813,"EDD KASYA, KUSHINAGAR",RDF ,RDF,ASS
8275367000,PUFGL01213,DIV475935,EDD GAURI BAZAR,RDF ,BR,MU
8275765000,FGLTD02544,DIV435732,EDD CHAURI CHAURA,RDF ,OK,MU
8275908000,PUFGL00811,DIV475813,"EDD KASYA, KUSHINAGAR",RDF ,RDF,ASS
8276018000,PUFGL00355,DIV435721,EDD KAURIRAM,RDF ,RDF,ASS
8276196285,PUFGL01035,DIV475613,EDD NAUTANWA,RDF ,RDF,ASS
8276496000,PUFGL00162,DIV435731,"EDD GULHARIYA BAZAR,GORAKHPUR",RDF ,P,PROV
8279117000,PUFGL00659,DIV475811,EDD PADRAUNA,IDF ,IDF,ASS
8282414012,PUFGL00330,DIV435721,EDD KAURIRAM,RDF ,OK,CEIL
8282588955,FGLTD03287,DIV475813,"EDD KASYA, KUSHINAGAR",RDF ,RDF,ASS
8283976288,PUFGL00749,DIV475812,EDD HATA,IDF ,IDF,ASS
8284517000,PUFGL00764,DIV475812,EDD HATA,IDF ,IDF,ASS
8286208000,PUFGL00339,DIV435721,EDD KAURIRAM,RDF ,P,PROV
8286267000,PUFGL00848,DIV475814,EDD SEORAHI,IDF ,IDF,ASS
8286556000,PUFGL00481,DIV475932,EDD DEORIA,RDF ,P,PROV
8289565000,PUFGL00483,DIV475932,EDD DEORIA,RDF ,OK,MU
8290236000,FGLTD02571,DIV435731,"EDD GULHARIYA BAZAR,GORAKHPUR",RDF ,RDF,ASS
8290597000,PUFGL01023,DIV475612,EDD I MAHARAJGANJ,RDF,P,PROV
8292137000,PUFGL00776,DIV475812,EDD HATA,IDF ,IDF,ASS
8292875000,FGLTD01557,DIV475932,EDD DEORIA,RDF,P,PROV
8292927000,PUFGL00547,DIV475934,EDD SALEMPUR,RDF ,RDF,ASS
8294516000,FGLTD02657,DIV435731,"EDD GULHARIYA BAZAR,GORAKHPUR",RDF ,OK,MU
8294597000,PUFGL00704,DIV475811,EDD PADRAUNA,IDF,IDF,ASS
8294765000,FGLTD02471,DIV475814,EDD SEORAHI,IDF ,IDF,ASS
8294950407,PUFGL00159,DIV435731,"EDD GULHARIYA BAZAR,GORAKHPUR",RDF ,OK,MU
8295797000,PUFGL00898,DIV475611,EDD II ANANDNAGAR,RDF ,OK,MU
8296590819,PUFGL00531,DIV475934,EDD SALEMPUR,RDF ,RDF,ASS
8298080891,PUFGL01095,DIV475614,EDD NICHLAUL,RDF ,P,PROV
8298508000,PUFGL00427,DIV435722,"EDD SAHJANWA,GORAKHPUR",RDF ,OK,MU
8299459841,PUFGL00252,DIV435733,EDD CAMPIEARGANJ,RDF ,RDF,ASS
8299863671,FGLTD03033,DIV475935,EDD GAURI BAZAR,RDF ,OK,MU
8300171319,PUFGL00388,DIV435722,"EDD SAHJANWA,GORAKHPUR",IDF,IDF,ASS
8302180766,FGLTD03393,DIV475814,EDD SEORAHI,IDF ,IDF,ASS
8303297000,PUFGL01048,DIV475613,EDD NAUTANWA,RDF ,P,PROV
8303587483,PUFGL00108,DIV435732,EDD CHAURI CHAURA,RDF ,OK,MU
8304616000,PUFGL00843,DIV475814,EDD SEORAHI,IDF,IDF,ASS
8305665000,PUFGL00584,DIV475934,EDD SALEMPUR,RDF ,RDF,ASS
8307465000,PUFGL01058,DIV475613,EDD NAUTANWA,RDF ,RDF,ASS
8308116000,FGLTD02902,DIV475812,EDD HATA,IDF ,IDF,ASS
8308445596,FGLTD03120,DIV475813,"EDD KASYA, KUSHINAGAR",RDF ,RDF,ASS
8308456275,FGLTD02606,DIV475814,EDD SEORAHI,IDF ,IDF,ASS
8308757000,PUFGL00261,DIV435733,EDD CAMPIEARGANJ,IDF ,IDF,ASS
8309276000,FGLTD02929,DIV475814,EDD SEORAHI,IDF ,IDF,ASS
8311185000,PUFGL01041,DIV475613,EDD NAUTANWA,RDF,RDF,ASS
8312392729,FGLTD01826,DIV435712,"EUDD SRI GORAKHNATH,GORAKHPUR",RDF ,OK,MU
8313334506,PUFGL00790,DIV475812,EDD HATA,RDF ,RDF,ASS
8315277000,FGLTD02256,DIV435733,EDD CAMPIEARGANJ,RDF ,OK,MU
8315746000,PUFGL00657,DIV475811,EDD PADRAUNA,RDF ,RDF,ASS
8316118000,FGLTD02308,DIV475814,EDD SEORAHI,IDF ,IDF,ASS
8316352004,PUFGL00826,DIV475813,"EDD KASYA, KUSHINAGAR",RDF ,RDF,ASS
8317129393,PUFGL00749,DIV475812,EDD HATA,RDF ,RDF,ASS
8320612000,FGLTD01837,DIV435712,"EUDD SRI GORAKHNATH,GORAKHPUR",RDF ,OK,MU
8323093659,FGLTD01938,DIV435723,EDD SHIKARIGANJ,RDF ,OK,MU
8323166000,FGLTD03357,DIV475934,EDD SALEMPUR,RDF ,OK,MU
8323279232,PUFGL00599,DIV475934,EDD SALEMPUR,IDF ,IDF,ASS
8326197000,PUFGL00837,DIV475813,"EDD KASYA, KUSHINAGAR",RDF ,RDF,ASS
8326217611,PUFGL00886,DIV475611,EDD II ANANDNAGAR,RDF ,OK,MU
8326257000,FGLTD03227,DIV475813,"EDD KASYA, KUSHINAGAR",RDF,RDF,ASS
8327018000,PUFGL00427,DIV435722,"EDD SAHJANWA,GORAKHPUR",RDF ,OK,MU
8329575000,FGLTD02929,DIV475814,EDD SEORAHI,IDF ,IDF,ASS
8330776000,FGLTD03004,DIV475812,EDD HATA,IDF ,IDF,ASS
8332685000,PUFGL00869,DIV475611,EDD II ANANDNAGAR,RDF ,OK,MU
8333367000,FGLTD02929,DIV475814,EDD SEORAHI,IDF ,IDF,ASS
8333910491,PUFGL00616,DIV475935,EDD GAURI BAZAR,RDF ,RDF,ASS
8334508000,PUFGL00338,DIV435721,EDD KAURIRAM,RDF ,P,PROV
8335407000,PUFGL00476,DIV475932,EDD DEORIA,RDF,P,PROV
8336497315,PUFGL00864,DIV475611,EDD II ANANDNAGAR,RDF ,OK,MU
8336912797,PUFGL00837,DIV475813,"EDD KASYA, KUSHINAGAR",RDF ,OK,MU
8337456000,FGLTD01186,DIV475813,"EDD KASYA, KUSHINAGAR",RDF ,RDF,ASS
8339149255,PUFGL00568,DIV475934,EDD SALEMPUR,RDF ,OK,MU
8339868865,PUFGL01054,DIV475613,EDD NAUTANWA,RDF ,RDF,ASS
8340286000,FGLTD03294,DIV475814,EDD SEORAHI,IDF ,IDF,ASS
8341777000,PUFGL00869,DIV475611,EDD II ANANDNAGAR,RDF ,RDF,ASS
8341986497,PUFGL00954,DIV475612,EDD I MAHARAJGANJ,RDF ,RDF,ASS
8342454000,PUFGL00703,DIV475811,EDD PADRAUNA,RDF,TDMR,MU
8343307000,PUFGL00836,DIV475813,"EDD KASYA, KUSHINAGAR",RDF ,RDF,ASS
8343646000,FGLTD02667,DIV475813,"EDD KASYA, KUSHINAGAR",RDF ,RDF,ASS
8344166000,FGLTD03229,DIV475813,"EDD KASYA, KUSHINAGAR",RDF ,RDF,ASS
8345647000,FGLTD03294,DIV475814,EDD SEORAHI,IDF ,IDF,ASS
8347659900,FGLTD02667,DIV475813,"EDD KASYA, KUSHINAGAR",RDF ,RDF,ASS
8348067000,PUFGL00830,DIV475813,"EDD KASYA, KUSHINAGAR",RDF ,OK,MU
8349346000,FGLTD02738,DIV435733,EDD CAMPIEARGANJ,IDF ,IDF,ASS
8350085000,PUFGL00562,DIV475934,EDD SALEMPUR,RDF ,OK,MU
8350267000,PUFGL00562,DIV475934,EDD SALEMPUR,RDF ,RDF,ASS
8351856333,FGLTD01773,DIV475814,EDD SEORAHI,RDF ,RDF,ASS
8352317000,FGLTD02547,DIV475611,EDD II ANANDNAGAR,RDF ,RDF,ASS
8353346000,PUFGL00482,DIV475932,EDD DEORIA,RDF ,RDF,ASS
8356967000,PUFGL00587,DIV475934,EDD SALEMPUR,RDF ,RDF,ASS
8357746000,FGLTD03169,DIV435731,"EDD GULHARIYA BAZAR,GORAKHPUR",RDF ,P,PROV
8358008000,PUFGL00835,DIV475813,"EDD KASYA, KUSHINAGAR",RDF ,IDF,ASS
8360246000,FGLTD01594,DIV475812,EDD HATA,RDF ,RDF,ASS
8360318000,FGLTD02979,DIV435733,EDD CAMPIEARGANJ,RDF ,RDF,ASS
8360556000,FGLTD02667,DIV475813,"EDD KASYA, KUSHINAGAR",IDF ,IDF,ASS
8363346000,FGLTD03348,DIV475932,EDD DEORIA,RDF,RDF,ASS
8365651065,FGLTD01660,DIV475814,EDD SEORAHI,IDF ,IDF,ASS
8366376000,PUFGL00721,DIV475811,EDD PADRAUNA,IDF ,IDF,ASS
8366512000,FGLTD01761,DIV435713,"EUDD MOHADDIPUR,GORAKHPUR",RDF ,OK,MU
8367628533,PUFGL01034,DIV475613,EDD NAUTANWA,RDF ,RDF,ASS
8369127000,PUFGL00635,DIV475935,EDD GAURI BAZAR,RDF ,OK,MU
8369218000,PUFGL00230,DIV435733,EDD CAMPIEARGANJ,RDF ,OK,MU
8369587000,PUFGL00359,DIV435721,EDD KAURIRAM,RDF ,OK,MU
8369946000,PUFGL00555,DIV475934,EDD SALEMPUR,RDF ,RDF,ASS
8371116000,PUFGL01100,DIV475614,EDD NICHLAUL,RDF ,P,PROV
8375057000,PUFGL00117,DIV435732,EDD CHAURI CHAURA,RDF ,OK,MU
8375077000,FGLTD02256,DIV435733,EDD CAMPIEARGANJ,RDF ,BR,MU
8375326000,PUFGL00180,DIV435731,"EDD GULHARIYA BAZAR,GORAKHPUR",RDF ,OK,MU
8377275000,PUFGL01056,DIV475613,EDD NAUTANWA,RDF ,P,PROV
8377397000,FGLTD03090,DIV435733,EDD CAMPIEARGANJ,RDF ,P,PROV
8378379342,PUFGL00491,DIV475932,EDD DEORIA,RDF ,OK,MU
8378502377,PUFGL00784,DIV475812,EDD HATA,RDF ,OK,MU
8378546682,FGLTD02238,DIV475932,EDD DEORIA,RDF ,BR,MU
8380057000,PUFGL00744,DIV475812,EDD HATA,RDF ,BR,MU
8380797000,PUFGL00658,DIV475811,EDD PADRAUNA,RDF ,RDF,ASS
8382465000,FGLTD03058,DIV475813,"EDD KASYA, KUSHINAGAR",RDF ,RDF,ASS
8383426000,FGLTD01660,DIV475814,EDD SEORAHI,IDF ,IDF,ASS
8383458744,PUFGL01107,DIV475614,EDD NICHLAUL,RDF,RDF,ASS
8383559661,FGLTD02961,DIV475932,EDD DEORIA,RDF ,OK,MU
8384507000,PUFGL00814,DIV475813,"EDD KASYA, KUSHINAGAR",IDF,IDF,ASS
8385277000,FGLTD03004,DIV475812,EDD HATA,IDF ,IDF,ASS
8387877000,PUFGL00633,DIV475935,EDD GAURI BAZAR,RDF ,RDF,ASS
8389633911,PUFGL01017,DIV475612,EDD I MAHARAJGANJ,RDF ,OK,MU
8390237661,PUFGL00760,DIV475812,EDD HATA,RDF ,OK,MU
8390515618,PUFGL01218,DIV475935,EDD GAURI BAZAR,RDF ,RDF,ASS
8392967000,PUFGL00453,DIV475931,EDD BARHAJ,RDF ,OK,MU
8394037000,PUFGL00704,DIV475811,EDD PADRAUNA,IDF ,IDF,ASS
8397546000,PUFGL00623,DIV475935,EDD GAURI BAZAR,RDF ,RDF,ASS
8399286000,PUFGL01048,DIV475613,EDD NAUTANWA,RDF ,RDF,ASS
8399367000,PUFGL00763,DIV475812,EDD HATA,IDF ,IDF,ASS
8399526000,FGLTD03004,DIV475812,EDD HATA,IDF,IDF,ASS
8400418000,FGLTD03327,DIV475614,EDD NICHLAUL,RDF ,P,PROV
8403456000,FGLTD02408,DIV475935,EDD GAURI BAZAR,RDF ,OK,MU
8403817000,FGLTD03003,DIV475612,EDD I MAHARAJGANJ,RDF ,RDF,ASS
8404813821,PUFGL00893,DIV475611,EDD II ANANDNAGAR,RDF ,OK,MU
8407287076,FGLTD03310,DIV475613,EDD NAUTANWA,RDF ,RDF,ASS
8407770616,PUFGL00836,DIV475813,"EDD KASYA, KUSHINAGAR",RDF ,OK,MU
8409385000,PUFGL00848,DIV475814,EDD SEORAHI,IDF ,IDF,ASS
8409732797,PUFGL01132,DIV475614,EDD NICHLAUL,RDF ,OK,MU
8410947000,PUFGL00507,DIV475932,EDD DEORIA,RDF ,OK,MU
8411665000,PUFGL00723,DIV475811,EDD PADRAUNA,RDF ,P,PROV
8414097000,PUFGL00758,DIV475812,EDD HATA,RDF ,OK,MU
8415427000,FGLTD02460,DIV475932,EDD DEORIA,RDF ,P,PROV
8416047000,PUFGL00481,DIV475932,EDD DEORIA,RDF ,P,PROV
8416676000,FGLTD01966,DIV475812,EDD HATA,RDF ,RDF,ASS
8416718791,FGLTD01661,DIV475814,EDD SEORAHI,IDF ,IDF,ASS
8417317000,FGLTD03393,DIV475814,EDD SEORAHI,IDF ,IDF,ASS
8418112935,PUFGL00894,DIV475611,EDD II ANANDNAGAR,RDF ,RDF,ASS
8419026000,PUFGL00835,DIV475813,"EDD KASYA, KUSHINAGAR",RDF ,IDF,ASS
8419276000,FGLTD02929,DIV475814,EDD SEORAHI,IDF ,IDF,ASS
8420308000,FGLTD02929,DIV475814,EDD SEORAHI,IDF,IDF,ASS
8421096000,FGLTD02638,DIV475814,EDD SEORAHI,IDF,IDF,ASS
8421218000,FGLTD02929,DIV475814,EDD SEORAHI,IDF ,IDF,ASS
8423807520,PUFGL00481,DIV475932,EDD DEORIA,RDF ,OK,MU
8423916000,PUFGL00421,DIV435722,"EDD SAHJANWA,GORAKHPUR",RDF ,RDF,ASS
8426276000,PUFGL00204,DIV435731,"EDD GULHARIYA BAZAR,GORAKHPUR",RDF ,P,PROV
8427246000,FGLTD01803,DIV475934,EDD SALEMPUR,RDF,RDF,ASS
8427308000,FGLTD03393,DIV475814,EDD SEORAHI,IDF ,IDF,ASS
8427317000,PUFGL00843,DIV475814,EDD SEORAHI,IDF ,IDF,ASS
8427496000,PUFGL01047,DIV475613,EDD NAUTANWA,RDF ,OK,MU
8428247000,FGLTD01186,DIV475813,"EDD KASYA, KUSHINAGAR",IDF ,IDF,ASS
8428947000,PUFGL00745,DIV475812,EDD HATA,IDF ,IDF,ASS
8429077000,PUFGL00188,DIV435731,"EDD GULHARIYA BAZAR,GORAKHPUR",RDF ,RDF,ASS
8433846000,PUFGL00844,DIV475814,EDD SEORAHI,IDF,IDF,ASS
8434122818,FGLTD02640,DIV475935,EDD GAURI BAZAR,RDF ,OK,MU
8434697000,PUFGL00606,DIV475934,EDD SALEMPUR,RDF ,OK,MU
8435234378,PUFGL00779,DIV475812,EDD HATA,RDF ,OK,MU
8437644207,PUFGL00811,DIV475813,"EDD KASYA, KUSHINAGAR",RDF ,OK,CEIL
8438416000,PUFGL00716,DIV475811,EDD PADRAUNA,IDF ,IDF,ASS
8439365000,FGLTD02672,DIV475813,"EDD KASYA, KUSHINAGAR",RDF ,RDF,ASS
8440096000,FGLTD02929,DIV475814,EDD SEORAHI,IDF ,IDF,ASS
8441018000,PUFGL00487,DIV475932,EDD DEORIA,RDF ,OK,MU
8441996000,PUFGL00777,DIV475812,EDD HATA,IDF ,IDF,ASS
8444965000,FGLTD03390,DIV475811,EDD PADRAUNA,IDF ,IDF,ASS
8446847000,FGLTD02460,DIV475932,EDD DEORIA,RDF ,OK,MU
8447262420,FGLTD03118,DIV475814,EDD SEORAHI,IDF ,IDF,ASS
8447657000,PUFGL00534,DIV475934,EDD SALEMPUR,RDF ,RDF,ASS
8448496000,PUFGL01043,DIV475613,EDD NAUTANWA,RDF ,OK,MU
8449127715,PUFGL00848,DIV475814,EDD SEORAHI,IDF ,IDF,ASS
8451975000,FGLTD02296,DIV475812,EDD HATA,RDF ,RDF,ASS
8452097000,PUFGL00140,DIV435732,EDD CHAURI CHAURA,RDF ,P,PROV
8453576000,PUFGL00552,DIV475934,EDD SALEMPUR,IDF ,IDF,ASS
8454116000,PUFGL00607,DIV475934,EDD SALEMPUR,RDF ,RDF,ASS
8455012080,FGLTD02571,DIV435731,"EDD GULHARIYA BAZAR,GORAKHPUR",RDF ,RDF,ASS
8456076000,PUFGL00806,DIV475813,"EDD KASYA, KUSHINAGAR",RDF ,RDF,ASS
8458333938,PUFGL00681,DIV475811,EDD PADRAUNA,IDF ,IDF,ASS
8461066000,PUFGL00246,DIV435733,EDD CAMPIEARGANJ,RDF ,OK,MU
8461358862,PUFGL00358,DIV435721,EDD KAURIRAM,RDF ,P,PROV
8462076000,FGLTD01584,DIV475613,EDD NAUTANWA,RDF ,RDF,ASS
8463026000,PUFGL00436,DIV435722,"EDD SAHJANWA,GORAKHPUR",RDF ,P,PROV
8463637000,FGLTD01188,DIV475813,"EDD KASYA, KUSHINAGAR",RDF ,OK,MU
8463760424,PUFGL00676,DIV475811,EDD PADRAUNA,RDF ,BR,MU
8463787000,FGLTD01612,DIV475811,EDD PADRAUNA,IDF ,IDF,ASS
8465666000,PUFGL01039,DIV475613,EDD NAUTANWA,RDF ,OK,MU
8465846000,PUFGL00264,DIV435733,EDD CAMPIEARGANJ,RDF ,OK,MU
8466743900,PUFGL00814,DIV475813,"EDD KASYA, KUSHINAGAR",RDF ,RDF,ASS
8467975000,PUFGL00521,DIV475934,EDD SALEMPUR,RDF ,RDF,ASS
8469618000,PUFGL00792,DIV475812,EDD HATA,IDF,IDF,ASS
8471673767,PUFGL00497,DIV475932,EDD DEORIA,RDF,RDF,NULL
8472543536,FGLTD02662,DIV475813,"EDD KASYA, KUSHINAGAR",RDF ,OK,MU
8472597000,FGLTD03116,DIV475814,EDD SEORAHI,IDF ,IDF,ASS
8473117000,PUFGL00687,DIV475811,EDD PADRAUNA,IDF ,IDF,ASS
8474937000,FGLTD02296,DIV475812,EDD HATA,RDF ,RDF,ASS
8475193775,FGLTD02147,DIV475614,EDD NICHLAUL,RDF ,OK,MU
8475267000,FGLTD03114,DIV475814,EDD SEORAHI,IDF ,IDF,ASS
8476776000,FGLTD01584,DIV475613,EDD NAUTANWA,RDF ,RDF,ASS
8477091334,PUFGL01095,DIV475614,EDD NICHLAUL,RDF ,P,PROV
8477408000,PUFGL01046,DIV475613,EDD NAUTANWA,RDF ,RDF,ASS
8478526000,PUFGL00264,DIV435733,EDD CAMPIEARGANJ,IDF ,IDF,ASS
8478718000,PUFGL00513,DIV475932,EDD DEORIA,RDF ,P,PROV
8480156000,PUFGL00859,DIV475611,EDD II ANANDNAGAR,RDF ,OK,MU
8480327000,PUFGL00368,DIV435722,"EDD SAHJANWA,GORAKHPUR",RDF ,RDF,ASS
8482557342,FGLTD03155,DIV475613,EDD NAUTANWA,RDF ,OK,MU
8482981690,PUFGL00886,DIV475611,EDD II ANANDNAGAR,RDF ,OK,MU
8483118000,PUFGL01218,DIV475935,EDD GAURI BAZAR,RDF ,RDF,ASS
8483326000,PUFGL00194,DIV435731,"EDD GULHARIYA BAZAR,GORAKHPUR",RDF ,RDF,ASS
8486475000,PUFGL00337,DIV435721,EDD KAURIRAM,RDF ,BR,MU
8486996000,PUFGL00344,DIV435721,EDD KAURIRAM,RDF ,OK,MU
8487904689,PUFGL00779,DIV475812,EDD HATA,RDF ,OK,MU
8488085000,PUFGL00638,DIV475935,EDD GAURI BAZAR,IDF ,IDF,ASS
8491556000,FGLTD02668,DIV475813,"EDD KASYA, KUSHINAGAR",RDF ,RDF,ASS
8492651655,PUFGL01130,DIV475614,EDD NICHLAUL,RDF ,OK,MU
8493023494,PUFGL00257,DIV435733,EDD CAMPIEARGANJ,IDF ,IDF,ASS
8493377000,PUFGL00513,DIV475932,EDD DEORIA,RDF ,P,PROV
8495226000,FGLTD02667,DIV475813,"EDD KASYA, KUSHINAGAR",RDF ,RDF,ASS
8496266000,PUFGL00633,DIV475935,EDD GAURI BAZAR,RDF ,IDF,ASS
8496437000,FGLTD03118,DIV475814,EDD SEORAHI,RDF ,OK,MU
8496897000,PUFGL00760,DIV475812,EDD HATA,RDF ,OK,MU
8497389248,FGLTD02662,DIV475813,"EDD KASYA, KUSHINAGAR",RDF ,OK,MU
8502246000,PUFGL00760,DIV475812,EDD HATA,RDF ,P,PROV
8502865000,FGLTD01671,DIV475814,EDD SEORAHI,RDF ,RDF,ASS
8503507000,PUFGL00584,DIV475934,EDD SALEMPUR,RDF,RDF,ASS
8504037000,FGLTD03294,DIV475814,EDD SEORAHI,IDF ,IDF,ASS
8505666000,FGLTD02612,DIV475812,EDD HATA,RDF ,OK,CEIL
8507146000,FGLTD03207,DIV475812,EDD HATA,RDF ,RDF,ASS
8507867000,FGLTD03423,DIV475813,"EDD KASYA, KUSHINAGAR",IDF ,IDF,ASS
8508236000,FGLTD03390,DIV475811,EDD PADRAUNA,IDF ,IDF,ASS
8509176000,PUFGL00704,DIV475811,EDD PADRAUNA,IDF ,IDF,ASS
8509897000,PUFGL00893,DIV475611,EDD II ANANDNAGAR,RDF ,RDF,ASS
8511355355,FGLTD02998,DIV435733,EDD CAMPIEARGANJ,RDF ,BR,MU
8512436000,PUFGL00252,DIV435733,EDD CAMPIEARGANJ,RDF ,P,PROV
8512696000,PUFGL00250,DIV435733,EDD CAMPIEARGANJ,RDF ,P,PROV
8513466496,FGLTD01592,DIV475812,EDD HATA,IDF ,IDF,ASS
8513728233,PUFGL00826,DIV475813,"EDD KASYA, KUSHINAGAR",RDF ,RDF,ASS
8513895250,FGLTD01579,DIV475611,EDD II ANANDNAGAR,RDF ,OK,MU
8513987000,PUFGL00513,DIV475932,EDD DEORIA,RDF ,P,PROV
8514556000,FGLTD02695,DIV475811,EDD PADRAUNA,RDF ,RDF,ASS
8514594863,PUFGL00508,DIV475932,EDD DEORIA,RDF ,RDF,ASS
8515796000,FGLTD01661,DIV475814,EDD SEORAHI,IDF,IDF,ASS
8516055510,FGLTD01962,DIV475812,EDD HATA,RDF ,BR,MU
8516217000,PUFGL00657,DIV475811,EDD PADRAUNA,IDF ,IDF,ASS
8516467000,PUFGL00335,DIV435721,EDD KAURIRAM,RDF ,P,PROV
8517507000,FGLTD01660,DIV475814,EDD SEORAHI,IDF ,IDF,ASS
8518377000,PUFGL01138,DIV475614,EDD NICHLAUL,RDF,RDF,ASS
8518771715,PUFGL00607,DIV475934,EDD SALEMPUR,RDF,RDF,ASS
8518886000,PUFGL00428,DIV435722,"EDD SAHJANWA,GORAKHPUR",RDF ,OK,MU
8519546000,FGLTD03001,DIV475613,EDD NAUTANWA,RDF,OK,MU
8520308000,FGLTD02474,DIV475814,EDD SEORAHI,IDF ,IDF,ASS
8521440659,PUFGL01042,DIV475613,EDD NAUTANWA,RDF,P,PROV
8521675000,FGLTD03003,DIV475612,EDD I MAHARAJGANJ,RDF ,RDF,ASS
8522376000,FGLTD02305,DIV475814,EDD SEORAHI,IDF ,IDF,ASS
8523436000,FGLTD01606,DIV475811,EDD PADRAUNA,RDF ,OK,MU
8525277000,PUFGL00251,DIV435733,EDD CAMPIEARGANJ,RDF,P,PROV
8525977066,PUFGL00156,DIV435731,"EDD GULHARIYA BAZAR,GORAKHPUR",RDF ,RDF,ASS
8526676000,FGLTD02611,DIV475812,EDD HATA,RDF ,P,PROV
8528490810,PUFGL00790,DIV475812,EDD HATA,RDF ,RDF,ASS
8532637000,FGLTD03211,DIV435722,"EDD SAHJANWA,GORAKHPUR",RDF,RDF,ASS
8532851473,PUFGL00457,DIV475931,EDD BARHAJ,RDF ,P,PROV
8533896000,FGLTD01661,DIV475814,EDD SEORAHI,IDF ,IDF,ASS
8534697000,PUFGL00575,DIV475934,EDD SALEMPUR,RDF ,RDF,ASS
8535637000,FGLTD01188,DIV475813,"EDD KASYA, KUSHINAGAR",RDF ,RDF,ASS
8536727000,PUFGL00687,DIV475811,EDD PADRAUNA,IDF ,IDF,ASS
8537227000,FGLTD02305,DIV475814,EDD SEORAHI,IDF ,IDF,ASS
8537577000,PUFGL00802,DIV475813,"EDD KASYA, KUSHINAGAR",RDF ,RDF,ASS
8537638126,PUFGL00344,DIV435721,EDD KAURIRAM,RDF ,RDF,ASS
8538680922,PUFGL00826,DIV475813,"EDD KASYA, KUSHINAGAR",IDF ,IDF,ASS
8539637000,FGLTD03191,DIV475932,EDD DEORIA,RDF ,OK,MU
8540289122,FGLTD01808,DIV475934,EDD SALEMPUR,RDF ,RDF,ASS
8540837000,PUFGL01006,DIV475612,EDD I MAHARAJGANJ,RDF ,P,PROV
8541367000,FGLTD03390,DIV475811,EDD PADRAUNA,IDF ,IDF,ASS
8541376000,FGLTD01770,DIV475814,EDD SEORAHI,IDF ,IDF,ASS
8543546000,FGLTD02821,DIV475614,EDD NICHLAUL,RDF ,RDF,ASS
8544706611,PUFGL00635,DIV475935,EDD GAURI BAZAR,RDF ,P,PROV
8546087000,PUFGL01047,DIV475613,EDD NAUTANWA,RDF ,P,PROV
8546107000,PUFGL01095,DIV475614,EDD NICHLAUL,RDF ,P,PROV
8546436580,PUFGL00715,DIV475811,EDD PADRAUNA,IDF ,IDF,ASS
8548337000,PUFGL00790,DIV475812,EDD HATA,RDF,RDF,ASS
8551476000,PUFGL00606,DIV475934,EDD SALEMPUR,IDF ,IDF,ASS
8553089161,FGLTD01808,DIV475934,EDD SALEMPUR,RDF ,RDF,ASS
8553908000,PUFGL01218,DIV475935,EDD GAURI BAZAR,RDF ,OK,MU
8556072020,PUFGL00365,DIV435722,"EDD SAHJANWA,GORAKHPUR",RDF ,RDF,ASS
8556257000,PUFGL00803,DIV475813,"EDD KASYA, KUSHINAGAR",RDF ,RDF,ASS
8556327000,PUFGL01055,DIV475613,EDD NAUTANWA,RDF ,P,PROV
8558616000,FGLTD02305,DIV475814,EDD SEORAHI,IDF ,IDF,ASS
8558733107,FGLTD03074,DIV475812,EDD HATA,RDF ,OK,MU
8559386000,PUFGL00507,DIV475932,EDD DEORIA,RDF ,RDF,ASS
8563867000,PUFGL00618,DIV475935,EDD GAURI BAZAR,RDF ,RDF,ASS
8564527000,PUFGL00113,DIV435732,EDD CHAURI CHAURA,RDF ,OK,MU
8564955000,PUFGL00848,DIV475814,EDD SEORAHI,IDF ,IDF,ASS
8565637000,FGLTD01188,DIV475813,"EDD KASYA, KUSHINAGAR",RDF ,P,PROV
8568946000,PUFGL00894,DIV475611,EDD II ANANDNAGAR,RDF ,OK,MU
8569732537,FGLTD02974,DIV475614,EDD NICHLAUL,RDF,RDF,ASS
8573207000,FGLTD01188,DIV475813,"EDD KASYA, KUSHINAGAR",RDF ,RDF,ASS
8573436000,PUFGL00731,DIV475812,EDD HATA,RDF ,OK,MU
8574327000,FGLTD02738,DIV435733,EDD CAMPIEARGANJ,IDF,IDF,ASS
8574575000,PUFGL00253,DIV435733,EDD CAMPIEARGANJ,RDF ,OK,MU
8575956000,FGLTD02147,DIV475614,EDD NICHLAUL,RDF ,RDF,ASS
8578176000,PUFGL00683,DIV475811,EDD PADRAUNA,IDF ,IDF,ASS
8581179520,FGLTD02305,DIV475814,EDD SEORAHI,IDF ,IDF,ASS
8581469265,PUFGL01060,DIV475613,EDD NAUTANWA,RDF ,RDF,ASS
8586067000,FGLTD01660,DIV475814,EDD SEORAHI,IDF ,IDF,ASS
8587280151,FGLTD01770,DIV475814,EDD SEORAHI,IDF ,IDF,ASS
8587437562,PUFGL01130,DIV475614,EDD NICHLAUL,RDF ,OK,MU
8588286000,FGLTD02983,DIV435733,EDD CAMPIEARGANJ,RDF ,BR,MU
8588326000,PUFGL00874,DIV475611,EDD II ANANDNAGAR,RDF ,OK,MU
8588365000,FGLTD02667,DIV475813,"EDD KASYA, KUSHINAGAR",IDF ,IDF,ASS
8588796000,PUFGL00683,DIV475811,EDD PADRAUNA,IDF ,IDF,ASS
8590607000,FGLTD01661,DIV475814,EDD SEORAHI,IDF ,IDF,ASS
8591156000,PUFGL00474,DIV475932,EDD DEORIA,RDF ,OK,MU
8593307000,FGLTD03122,DIV475813,"EDD KASYA, KUSHINAGAR",RDF ,RDF,ASS
8594846000,FGLTD03122,DIV475813,"EDD KASYA, KUSHINAGAR",RDF ,RDF,ASS
8595964185,FGLTD01660,DIV475814,EDD SEORAHI,IDF ,IDF,ASS
8597032835,PUFGL00621,DIV475935,EDD GAURI BAZAR,RDF ,RDF,ASS
8597827000,FGLTD02979,DIV435733,EDD CAMPIEARGANJ,RDF ,RDF,ASS
8598077000,PUFGL00997,DIV475612,EDD I MAHARAJGANJ,RDF ,OK,CEIL
8600408000,FGLTD02929,DIV475814,EDD SEORAHI,IDF ,IDF,ASS
8600612010,PUFGL01039,DIV475613,EDD NAUTANWA,RDF ,OK,MU
8600626000,PUFGL01041,DIV475613,EDD NAUTANWA,RDF ,RDF,ASS
8603647000,PUFGL01017,DIV475612,EDD I MAHARAJGANJ,IDF ,IDF,ASS
8603785000,PUFGL00790,DIV475812,EDD HATA,RDF ,RDF,ASS
8603986000,FGLTD01671,DIV475814,EDD SEORAHI,RDF ,P,PROV
8604475000,PUFGL00508,DIV475932,EDD DEORIA,RDF ,OK,MU
8605357000,FGLTD02808,DIV475934,EDD SALEMPUR,RDF ,RDF,ASS
8606236000,FGLTD01283,DIV475935,EDD GAURI BAZAR,RDF,OK,MU
8606955000,FGLTD02929,DIV475814,EDD SEORAHI,IDF ,IDF,ASS
8608747000,FGLTD01968,DIV475812,EDD HATA,RDF ,RDF,ASS
8611569176,FGLTD02353,DIV475614,EDD NICHLAUL,RDF ,RDF,ASS
8612718669,PUFGL00717,DIV475811,EDD PADRAUNA,IDF ,IDF,ASS
8613357000,PUFGL00199,DIV435731,"EDD GULHARIYA BAZAR,GORAKHPUR",RDF ,OK,MU
8613446000,PUFGL00876,DIV475611,EDD II ANANDNAGAR,RDF ,RDF,ASS
8614787000,PUFGL00843,DIV475814,EDD SEORAHI,RDF ,OK,MU
8617385000,FGLTD02738,DIV435733,EDD CAMPIEARGANJ,RDF ,P,PROV
8618057000,PUFGL01031,DIV475613,EDD NAUTANWA,RDF ,RDF,ASS
8618866000,PUFGL00776,DIV475812,EDD HATA,RDF ,P,PROV
8620718577,FGLTD03122,DIV475813,"EDD KASYA, KUSHINAGAR",IDF ,IDF,ASS
8620996000,PUFGL00246,DIV435733,EDD CAMPIEARGANJ,RDF ,P,PROV
8621236000,PUFGL00802,DIV475813,"EDD KASYA, KUSHINAGAR",IDF,IDF,ASS
8621585000,PUFGL00584,DIV475934,EDD SALEMPUR,RDF ,RDF,ASS
8623377000,PUFGL00507,DIV475932,EDD DEORIA,RDF,RDF,ASS
8624876000,PUFGL01040,DIV475613,EDD NAUTANWA,RDF ,OK,MU
8625277000,PUFGL00250,DIV435733,EDD CAMPIEARGANJ,RDF ,P,PROV
8625597000,FGLTD02753,DIV475811,EDD PADRAUNA,IDF ,IDF,ASS
8626465000,PUFGL00194,DIV435731,"EDD GULHARIYA BAZAR,GORAKHPUR",RDF ,RDF,ASS
8626942676,PUFGL00534,DIV475934,EDD SALEMPUR,RDF ,RDF,ASS
8627575000,PUFGL00844,DIV475814,EDD SEORAHI,IDF ,IDF,ASS
8628657292,PUFGL01046,DIV475613,EDD NAUTANWA,RDF ,RDF,ASS
8629009652,FGLTD02460,DIV475932,EDD DEORIA,RDF ,P,PROV
8630418000,PUFGL00476,DIV475932,EDD DEORIA,IDF ,IDF,ASS
8630865000,FGLTD03394,DIV475814,EDD SEORAHI,IDF,IDF,ASS
8632336000,FGLTD02929,DIV475814,EDD SEORAHI,IDF,IDF,ASS
8634308000,FGLTD03390,DIV475811,EDD PADRAUNA,IDF ,IDF,ASS
8634647000,FGLTD02305,DIV475814,EDD SEORAHI,IDF ,IDF,ASS
8636630385,PUFGL00830,DIV475813,"EDD KASYA, KUSHINAGAR",RDF ,P,PROV
8637287667,FGLTD02657,DIV435731,"EDD GULHARIYA BAZAR,GORAKHPUR",RDF ,RDF,ASS
8637957000,FGLTD02540,DIV435731,"EDD GULHARIYA BAZAR,GORAKHPUR",RDF ,OK,MU
8637972591,PUFGL00617,DIV475935,EDD GAURI BAZAR,RDF ,BR,MU
8639575000,FGLTD02474,DIV475814,EDD SEORAHI,IDF ,IDF,ASS
8640708000,PUFGL00776,DIV475812,EDD HATA,RDF ,RDF,ASS
8641862495,FGLTD01869,DIV435714,"EUDD RAPTINAGAR,GORAKHPUR",RDF ,RDF,ASS
8643186000,FGLTD02471,DIV475814,EDD SEORAHI,IDF,IDF,ASS
8644008000,PUFGL01061,DIV475613,EDD NAUTANWA,RDF ,OK,MU
8644667000,PUFGL00764,DIV475812,EDD HATA,IDF ,IDF,ASS
8647365000,FGLTD03221,DIV475613,EDD NAUTANWA,RDF,RDF,ASS
8647407000,PUFGL00212,DIV435731,"EDD GULHARIYA BAZAR,GORAKHPUR",RDF ,OK,MU
8649427000,PUFGL01151,DIV475614,EDD NICHLAUL,RDF ,RDF,ASS
8649861164,PUFGL00593,DIV475934,EDD SALEMPUR,RDF,RDF,ASS
8650047199,FGLTD01661,DIV475814,EDD SEORAHI,IDF ,IDF,ASS
8651037000,FGLTD01661,DIV475814,EDD SEORAHI,IDF ,IDF,ASS
8651585000,PUFGL00744,DIV475812,EDD HATA,IDF ,IDF,ASS
8651921348,PUFGL01206,DIV475935,EDD GAURI BAZAR,RDF ,BR,MU
8651997513,PUFGL01113,DIV475614,EDD NICHLAUL,RDF ,RDF,ASS
8654137000,PUFGL00772,DIV475812,EDD HATA,RDF ,OK,MU
8655463711,PUFGL00729,DIV475812,EDD HATA,RDF ,OK,MU
8655627000,FGLTD01660,DIV475814,EDD SEORAHI,IDF ,IDF,ASS
8657527000,PUFGL00758,DIV475812,EDD HATA,IDF ,IDF,ASS
8658317000,PUFGL01013,DIV475612,EDD I MAHARAJGANJ,IDF ,RDF,ASS
8658336000,PUFGL00744,DIV475812,EDD HATA,RDF ,RDF,ASS
8659103038,PUFGL00562,DIV475934,EDD SALEMPUR,RDF ,RDF,ASS
8659427000,FGLTD02823,DIV475614,EDD NICHLAUL,RDF,RDF,ASS
8660896000,FGLTD02471,DIV475814,EDD SEORAHI,IDF ,IDF,ASS
8661327000,FGLTD01968,DIV475812,EDD HATA,RDF ,OK,CEIL
8661797000,FGLTD01540,DIV475934,EDD SALEMPUR,RDF,RDF,ASS
8664767000,FGLTD03230,DIV475813,"EDD KASYA, KUSHINAGAR",RDF ,RDF,ASS
8671207000,PUFGL00843,DIV475814,EDD SEORAHI,IDF,IDF,ASS
8671286000,PUFGL00631,DIV475935,EDD GAURI BAZAR,IDF,IDF,ASS
8674717000,FGLTD02843,DIV475611,EDD II ANANDNAGAR,RDF ,OK,MU
8675564488,PUFGL00684,DIV475811,EDD PADRAUNA,RDF ,OK,MU
8676318000,FGLTD01557,DIV475932,EDD DEORIA,RDF ,OK,MU
8676965000,PUFGL00552,DIV475934,EDD SALEMPUR,IDF ,IDF,ASS
8677939212,PUFGL00609,DIV475935,EDD GAURI BAZAR,RDF ,OK,MU
8680365000,FGLTD02199,DIV435732,EDD CHAURI CHAURA,RDF,RDF,ASS
8681460395,PUFGL01044,DIV475613,EDD NAUTANWA,RDF ,P,PROV
8681947000,PUFGL00860,DIV475611,EDD II ANANDNAGAR,RDF ,OK,MU
8681978418,FGLTD02460,DIV475932,EDD DEORIA,RDF ,P,PROV
8684166000,PUFGL01095,DIV475614,EDD NICHLAUL,RDF ,P,PROV
8685108000,FGLTD01189,DIV475813,"EDD KASYA, KUSHINAGAR",RDF ,BR,MU
8686911918,FGLTD02400,DIV475935,EDD GAURI BAZAR,RDF,OK,MU
8687108000,PUFGL00716,DIV475811,EDD PADRAUNA,RDF ,P,PROV
8688837000,FGLTD01661,DIV475814,EDD SEORAHI,IDF ,IDF,ASS
8690266000,PUFGL01034,DIV475613,EDD NAUTANWA,RDF ,RDF,ASS
8692437000,FGLTD02823,DIV475614,EDD NICHLAUL,RDF ,RDF,ASS
8696147848,FGLTD03118,DIV475814,EDD SEORAHI,IDF ,IDF,ASS
8697707000,PUFGL00584,DIV475934,EDD SALEMPUR,RDF ,RDF,ASS
8698475000,FGLTD02843,DIV475611,EDD II ANANDNAGAR,RDF ,OK,MU
8699636000,PUFGL00849,DIV475814,EDD SEORAHI,IDF ,IDF,ASS
8700158424,FGLTD03030,DIV475932,EDD DEORIA,RDF ,OK,CEIL
8701027000,FGLTD03125,DIV475813,"EDD KASYA, KUSHINAGAR",IDF ,IDF,ASS
8701407163,PUFGL00253,DIV435733,EDD CAMPIEARGANJ,RDF ,RDF,ASS
8701640983,PUFGL00886,DIV475611,EDD II ANANDNAGAR,RDF ,P,PROV
8703955000,PUFGL00617,DIV475935,EDD GAURI BAZAR,RDF ,OK,MU
8703986000,FGLTD02305,DIV475814,EDD SEORAHI,IDF ,IDF,ASS
8704856000,PUFGL00759,DIV475812,EDD HATA,IDF ,IDF,ASS
8705777000,PUFGL00508,DIV475932,EDD DEORIA,RDF ,RDF,ASS
8706447148,FGLTD02718,DIV475613,EDD NAUTANWA,RDF ,OK,MU
8707457000,FGLTD02308,DIV475814,EDD SEORAHI,IDF ,IDF,ASS
8707912998,PUFGL00758,DIV475812,EDD HATA,RDF ,OK,MU
8709057000,PUFGL00811,DIV475813,"EDD KASYA, KUSHINAGAR",RDF ,RDF,ASS
8709417000,PUFGL00427,DIV435722,"EDD SAHJANWA,GORAKHPUR",RDF ,OK,MU
8710256000,PUFGL00543,DIV475934,EDD SALEMPUR,RDF ,OK,CEIL
8712098371,PUFGL00676,DIV475811,EDD PADRAUNA,IDF ,IDF,ASS
8712146000,FGLTD03139,DIV435722,"EDD SAHJANWA,GORAKHPUR",RDF ,P,PROV
8714127000,PUFGL00606,DIV475934,EDD SALEMPUR,RDF ,RDF,ASS
8716416000,FGLTD03230,DIV475813,"EDD KASYA, KUSHINAGAR",RDF ,RDF,ASS
8716508000,PUFGL01024,DIV475612,EDD I MAHARAJGANJ,IDF,IDF,ASS
8717437000,FGLTD03309,DIV475614,EDD NICHLAUL,RDF ,RDF,ASS
8717986000,PUFGL00845,DIV475814,EDD SEORAHI,IDF ,IDF,ASS
8718007000,FGLTD03309,DIV475614,EDD NICHLAUL,RDF ,OK,MU
8718637000,FGLTD03351,DIV475932,EDD DEORIA,RDF ,RDF,ASS
8719418000,PUFGL00893,DIV475611,EDD II ANANDNAGAR,RDF ,OK,MU
8719651616,PUFGL00625,DIV475935,EDD GAURI BAZAR,RDF ,OK,MU
8720326000,PUFGL00506,DIV475932,EDD DEORIA,RDF ,RDF,ASS
8720834918,PUFGL01112,DIV475614,EDD NICHLAUL,RDF ,OK,MU
8721617000,PUFGL01200,DIV475932,EDD DEORIA,RDF ,RDF,ASS
8722286372,PUFGL00920,DIV475612,EDD I MAHARAJGANJ,RDF ,OK,MU
8724616000,FGLTD03394,DIV475814,EDD SEORAHI,IDF ,IDF,ASS
8726659927,PUFGL00620,DIV475935,EDD GAURI BAZAR,RDF ,OK,MU
8727146000,FGLTD03004,DIV475812,EDD HATA,IDF ,IDF,ASS
8729486000,FGLTD02081,DIV475812,EDD HATA,RDF ,RDF,ASS
8729927000,FGLTD02308,DIV475814,EDD SEORAHI,IDF,IDF,ASS
8730437000,PUFGL00764,DIV475812,EDD HATA,IDF ,IDF,ASS
8730474056,FGLTD02460,DIV475932,EDD DEORIA,RDF ,RDF,ASS
8731236000,PUFGL00823,DIV475813,"EDD KASYA, KUSHINAGAR",RDF ,RDF,ASS
8733976208,PUFGL01095,DIV475614,EDD NICHLAUL,RDF ,P,PROV
8734166000,FGLTD01671,DIV475814,EDD SEORAHI,IDF ,IDF,ASS
8735318000,PUFGL01017,DIV475612,EDD I MAHARAJGANJ,RDF ,OK,MU
8736866000,PUFGL00865,DIV475611,EDD II ANANDNAGAR,RDF ,OK,MU
8742760450,FGLTD01283,DIV475935,EDD GAURI BAZAR,RDF ,OK,MU
8744765000,FGLTD01660,DIV475814,EDD SEORAHI,IDF ,IDF,ASS
8745210669,FGLTD02006,DIV435711,"EUDD TOWNHALL,GORAKHPUR",RDF ,OK,MU
8745297000,PUFGL00674,DIV475811,EDD PADRAUNA,IDF ,IDF,ASS
8746267000,FGLTD02471,DIV475814,EDD SEORAHI,IDF ,IDF,ASS
8746586000,PUFGL01060,DIV475613,EDD NAUTANWA,RDF ,OK,MU
8747273656,FGLTD01630,DIV475812,EDD HATA,RDF ,OK,MU
8749936000,PUFGL00436,DIV435722,"EDD SAHJANWA,GORAKHPUR",RDF ,OK,CEIL
8750163373,FGLTD01661,DIV475814,EDD SEORAHI,IDF ,IDF,ASS
8751977000,FGLTD03294,DIV475814,EDD SEORAHI,IDF ,IDF,ASS
8752607000,FGLTD02471,DIV475814,EDD SEORAHI,IDF ,IDF,ASS
8753991469,FGLTD01186,DIV475813,"EDD KASYA, KUSHINAGAR",RDF,P,PROV
8756337000,PUFGL00584,DIV475934,EDD SALEMPUR,RDF ,RDF,ASS
8757426000,PUFGL00844,DIV475814,EDD SEORAHI,IDF ,IDF,ASS
8759257000,PUFGL00686,DIV475811,EDD PADRAUNA,RDF ,OK,MU
8759886000,PUFGL00258,DIV435733,EDD CAMPIEARGANJ,IDF ,IDF,ASS
8759915716,PUFGL00575,DIV475934,EDD SALEMPUR,RDF ,RDF,ASS
8760597000,FGLTD02471,DIV475814,EDD SEORAHI,IDF,IDF,ASS
8760717000,PUFGL01032,DIV475613,EDD NAUTANWA,RDF ,RDF,ASS
8762207000,PUFGL01103,DIV475614,EDD NICHLAUL,RDF ,RDF,ASS
8762524167,FGLTD02606,DIV475814,EDD SEORAHI,IDF ,IDF,ASS
8763236000,FGLTD02471,DIV475814,EDD SEORAHI,IDF,IDF,ASS
8764717000,PUFGL00885,DIV475611,EDD II ANANDNAGAR,RDF ,P,PROV
8765585000,FGLTD02299,DIV475812,EDD HATA,RDF ,OK,MU
8765917000,PUFGL00156,DIV435731,"EDD GULHARIYA BAZAR,GORAKHPUR",RDF,RDF,ASS
8766986000,PUFGL00997,DIV475612,EDD I MAHARAJGANJ,RDF ,P,PROV
8768320933,PUFGL00625,DIV475935,EDD GAURI BAZAR,RDF ,OK,MU
8768638456,PUFGL00884,DIV475611,EDD II ANANDNAGAR,RDF ,RDF,ASS
8769986000,FGLTD03118,DIV475814,EDD SEORAHI,IDF ,IDF,ASS
8770955000,FGLTD02667,DIV475813,"EDD KASYA, KUSHINAGAR",RDF ,RDF,ASS
8774277000,PUFGL00251,DIV435733,EDD CAMPIEARGANJ,RDF ,IDF,ASS
8774676719,PUFGL00512,DIV475932,EDD DEORIA,RDF ,P,PROV
8776497000,FGLTD02918,DIV435733,EDD CAMPIEARGANJ,RDF ,RDF,ASS
8777587000,FGLTD02755,DIV475811,EDD PADRAUNA,IDF ,IDF,ASS
8778966000,PUFGL00838,DIV475813,"EDD KASYA, KUSHINAGAR",RDF ,OK,MU
8780428806,PUFGL01017,DIV475612,EDD I MAHARAJGANJ,RDF ,RDF,ASS
8781107000,PUFGL00888,DIV475611,EDD II ANANDNAGAR,RDF ,RDF,ASS
8782227000,FGLTD01770,DIV475814,EDD SEORAHI,IDF ,IDF,ASS
8783153317,PUFGL01060,DIV475613,EDD NAUTANWA,RDF,RDF,ASS
8792607820,PUFGL00758,DIV475812,EDD HATA,RDF ,OK,MU
8792708000,FGLTD03365,DIV435722,"EDD SAHJANWA,GORAKHPUR",RDF ,OK,MU
8792897000,PUFGL00558,DIV475934,EDD SALEMPUR,IDF ,IDF,ASS
8793627000,PUFGL01006,DIV475612,EDD I MAHARAJGANJ,RDF ,P,PROV
8796676000,PUFGL00782,DIV475812,EDD HATA,RDF ,RDF,ASS
8796866000,FGLTD02968,DIV475812,EDD HATA,IDF ,IDF,ASS
8797077000,FGLTD03393,DIV475814,EDD SEORAHI,IDF ,IDF,ASS
8797085310,FGLTD02580,DIV435713,"EUDD MOHADDIPUR,GORAKHPUR",RDF ,P,PROV
8800276000,PUFGL00602,DIV475934,EDD SALEMPUR,RDF,RDF,ASS
8801417791,FGLTD03057,DIV475813,"EDD KASYA, KUSHINAGAR",RDF ,OK,MU
8801547000,PUFGL00704,DIV475811,EDD PADRAUNA,IDF ,IDF,ASS
8803336000,FGLTD03294,DIV475814,EDD SEORAHI,IDF ,IDF,ASS
8803713634,PUFGL00108,DIV435732,EDD CHAURI CHAURA,RDF ,OK,MU
8803727000,PUFGL00619,DIV475935,EDD GAURI BAZAR,RDF ,BR,MU
8805008000,PUFGL00729,DIV475812,EDD HATA,RDF ,OK,MU
8805597000,PUFGL00848,DIV475814,EDD SEORAHI,IDF,IDF,ASS
8805732538,FGLTD02313,DIV435732,EDD CHAURI CHAURA,RDF ,OK,MU
8806865000,PUFGL00744,DIV475812,EDD HATA,IDF,IDF,ASS
8807836000,FGLTD01192,DIV475813,"EDD KASYA, KUSHINAGAR",RDF,OK,CEIL
8808565000,FGLTD02667,DIV475813,"EDD KASYA, KUSHINAGAR",RDF ,RDF,ASS
8808986000,FGLTD02471,DIV475814,EDD SEORAHI,IDF ,IDF,ASS
8809176000,PUFGL00683,DIV475811,EDD PADRAUNA,IDF ,IDF,ASS
8810366000,FGLTD03226,DIV475813,"EDD KASYA, KUSHINAGAR",RDF ,RDF,ASS
8810808000,PUFGL00830,DIV475813,"EDD KASYA, KUSHINAGAR",RDF ,OK,MU
8811540165,PUFGL01019,DIV475612,EDD I MAHARAJGANJ,RDF ,OK,MU
8811975000,PUFGL00790,DIV475812,EDD HATA,RDF ,RDF,ASS
8813216000,PUFGL00563,DIV475934,EDD SALEMPUR,RDF ,RDF,ASS
8813666405,PUFGL00864,DIV475611,EDD II ANANDNAGAR,RDF ,OK,MU
8813796000,PUFGL00986,DIV475612,EDD I MAHARAJGANJ,RDF,OK,MU
8816608000,PUFGL00109,DIV435732,EDD CHAURI CHAURA,RDF ,OK,MU
8818085000,PUFGL00159,DIV435731,"EDD GULHARIYA BAZAR,GORAKHPUR",RDF ,OK,MU
8819184051,PUFGL01103,DIV475614,EDD NICHLAUL,RDF ,RDF,ASS
8820857000,PUFGL00547,DIV475934,EDD SALEMPUR,RDF ,RDF,ASS
8821363000,PUFGL00492,DIV475932,EDD DEORIA,RDF ,RDF,ASS
8823236000,FGLTD02305,DIV475814,EDD SEORAHI,IDF ,IDF,ASS
8823266000,PUFGL00784,DIV475812,EDD HATA,RDF ,OK,MU
8824563000,PUFGL01197,DIV475932,EDD DEORIA,RDF ,OK,MU
8824577000,FGLTD03125,DIV475813,"EDD KASYA, KUSHINAGAR",RDF ,OK,MU
8825287000,PUFGL00884,DIV475611,EDD II ANANDNAGAR,RDF ,OK,MU
8825891379,PUFGL00809,DIV475813,"EDD KASYA, KUSHINAGAR",RDF ,RDF,ASS
8826796000,FGLTD03116,DIV475814,EDD SEORAHI,IDF ,IDF,ASS
8828596000,FGLTD02667,DIV475813,"EDD KASYA, KUSHINAGAR",RDF ,RDF,ASS
8828718608,PUFGL00865,DIV475611,EDD II ANANDNAGAR,RDF ,OK,MU
8829237000,PUFGL00874,DIV475611,EDD II ANANDNAGAR,RDF ,OK,MU
8833296000,PUFGL01130,DIV475614,EDD NICHLAUL,RDF ,OK,MU
8834916000,PUFGL00607,DIV475934,EDD SALEMPUR,RDF ,BR,MU
8835697000,PUFGL00760,DIV475812,EDD HATA,IDF ,IDF,ASS
8835846000,FGLTD03294,DIV475814,EDD SEORAHI,IDF,IDF,ASS
8836647000,PUFGL00844,DIV475814,EDD SEORAHI,IDF ,IDF,ASS
8838256000,PUFGL00979,DIV475612,EDD I MAHARAJGANJ,RDF ,OK,MU
8839508000,FGLTD02371,DIV435722,"EDD SAHJANWA,GORAKHPUR",RDF ,RDF,ASS
8840267000,PUFGL00376,DIV435722,"EDD SAHJANWA,GORAKHPUR",RDF ,RDF,ASS
8841527000,PUFGL00592,DIV475934,EDD SALEMPUR,RDF ,RDF,ASS
8841817000,PUFGL00109,DIV435732,EDD CHAURI CHAURA,RDF ,OK,MU
8842646000,FGLTD03120,DIV475813,"EDD KASYA, KUSHINAGAR",RDF ,RDF,ASS
8842965000,PUFGL00258,DIV435733,EDD CAMPIEARGANJ,IDF ,IDF,ASS
8846575000,PUFGL00847,DIV475814,EDD SEORAHI,IDF ,IDF,ASS
8847218000,FGLTD01592,DIV475812,EDD HATA,IDF ,IDF,ASS
8847365000,PUFGL01042,DIV475613,EDD NAUTANWA,RDF ,RDF,ASS
8847667000,FGLTD02147,DIV475614,EDD NICHLAUL,RDF ,RDF,ASS
8849218000,PUFGL01063,DIV475613,EDD NAUTANWA,RDF,RDF,ASS
8849577000,PUFGL01056,DIV475613,EDD NAUTANWA,RDF ,RDF,ASS
8850167000,PUFGL00482,DIV475932,EDD DEORIA,RDF ,RDF,ASS
8850196000,FGLTD02738,DIV435733,EDD CAMPIEARGANJ,IDF ,IDF,ASS
8851097000,PUFGL01088,DIV475614,EDD NICHLAUL,RDF,RDF,ASS
8854507000,FGLTD03122,DIV475813,"EDD KASYA, KUSHINAGAR",IDF ,IDF,ASS
8857765000,FGLTD02929,DIV475814,EDD SEORAHI,IDF ,IDF,ASS
8859397000,FGLTD01248,DIV475811,EDD PADRAUNA,IDF,IDF,ASS
8862732904,FGLTD03420,DIV435731,"EDD GULHARIYA BAZAR,GORAKHPUR",RDF ,P,PROV
8864607000,PUFGL00849,DIV475814,EDD SEORAHI,RDF ,RDF,ASS
8865776000,PUFGL00103,DIV435732,EDD CHAURI CHAURA,RDF ,OK,MU
8867290602,PUFGL00891,DIV475611,EDD II ANANDNAGAR,RDF ,OK,MU
8867798436,PUFGL01156,DIV475931,EDD BARHAJ,RDF ,OK,MU
8869808000,FGLTD01625,DIV475812,EDD HATA,IDF ,IDF,ASS
8871919094,FGLTD01190,DIV475813,"EDD KASYA, KUSHINAGAR",RDF ,OK,MU
8872457000,FGLTD03116,DIV475814,EDD SEORAHI,IDF ,IDF,ASS
8873475000,FGLTD03006,DIV475811,EDD PADRAUNA,IDF ,IDF,ASS
8874112218,PUFGL00393,DIV435722,"EDD SAHJANWA,GORAKHPUR",RDF ,OK,MU
8875017299,FGLTD02239,DIV475935,EDD GAURI BAZAR,RDF ,OK,MU
8875626312,FGLTD01540,DIV475934,EDD SALEMPUR,RDF ,RDF,ASS
8876776000,FGLTD03126,DIV475813,"EDD KASYA, KUSHINAGAR",RDF ,RDF,ASS
8876828033,PUFGL01112,DIV475614,EDD NICHLAUL,RDF ,RDF,ASS
8877210221,FGLTD02667,DIV475813,"EDD KASYA, KUSHINAGAR",RDF,RDF,ASS
8878057000,FGLTD01660,DIV475814,EDD SEORAHI,IDF ,IDF,ASS
8878608000,PUFGL00874,DIV475611,EDD II ANANDNAGAR,RDF ,RDF,ASS
8879416000,FGLTD02753,DIV475811,EDD PADRAUNA,IDF ,IDF,ASS
8880086000,PUFGL00658,DIV475811,EDD PADRAUNA,RDF ,BR,MU
8880957000,FGLTD02667,DIV475813,"EDD KASYA, KUSHINAGAR",RDF ,RDF,ASS
8883166000,PUFGL00838,DIV475813,"EDD KASYA, KUSHINAGAR",RDF ,RDF,ASS
8883786000,PUFGL00384,DIV435722,"EDD SAHJANWA,GORAKHPUR",IDF,IDF,ASS
8885220487,PUFGL01019,DIV475612,EDD I MAHARAJGANJ,RDF ,OK,MU
8885956000,PUFGL00390,DIV435722,"EDD SAHJANWA,GORAKHPUR",RDF ,RDF,ASS
8886216000,FGLTD02471,DIV475814,EDD SEORAHI,IDF ,IDF,ASS
8886426000,FGLTD02929,DIV475814,EDD SEORAHI,IDF ,IDF,ASS
8889100758,FGLTD01873,DIV435714,"EUDD RAPTINAGAR,GORAKHPUR",RDF ,RDF,ASS
8889267000,PUFGL00722,DIV475811,EDD PADRAUNA,RDF ,P,PROV
8889500140,FGLTD01808,DIV475934,EDD SALEMPUR,RDF ,OK,MU
8889726233,PUFGL01055,DIV475613,EDD NAUTANWA,RDF ,P,PROV
8890154753,PUFGL00684,DIV475811,EDD PADRAUNA,RDF ,P,PROV
8890987000,PUFGL00540,DIV475934,EDD SALEMPUR,RDF ,OK,MU
8891097000,PUFGL01055,DIV475613,EDD NAUTANWA,RDF ,OK,MU
8891587000,PUFGL00806,DIV475813,"EDD KASYA, KUSHINAGAR",RDF ,RDF,ASS
8894187414,PUFGL00709,DIV475811,EDD PADRAUNA,IDF ,IDF,ASS
8895856000,PUFGL00790,DIV475812,EDD HATA,RDF ,RDF,ASS
8896596000,PUFGL00376,DIV435722,"EDD SAHJANWA,GORAKHPUR",RDF ,P,PROV
8897853965,PUFGL00126,DIV435732,EDD CHAURI CHAURA,RDF ,RDF,ASS
8898247000,FGLTD03289,DIV475814,EDD SEORAHI,IDF ,IDF,ASS
8900908000,FGLTD02432,DIV435731,"EDD GULHARIYA BAZAR,GORAKHPUR",RDF ,RDF,ASS
8904457000,FGLTD03115,DIV475814,EDD SEORAHI,IDF,IDF,ASS
8904796000,PUFGL00250,DIV435733,EDD CAMPIEARGANJ,RDF ,P,PROV
8905106890,PUFGL00259,DIV435733,EDD CAMPIEARGANJ,IDF ,IDF,ASS
8906057000,PUFGL01087,DIV475614,EDD NICHLAUL,RDF ,RDF,ASS
8906727000,FGLTD01968,DIV475812,EDD HATA,IDF ,IDF,ASS
8907275858,PUFGL00980,DIV475612,EDD I MAHARAJGANJ,RDF ,RDF,ASS
8908157000,FGLTD01966,DIV475812,EDD HATA,IDF ,IDF,ASS
8909877098,FGLTD01867,DIV435713,"EUDD MOHADDIPUR,GORAKHPUR",RDF ,OK,MU
8910225385,PUFGL00710,DIV475811,EDD PADRAUNA,RDF ,OK,MU
8910842149,PUFGL00548,DIV475934,EDD SALEMPUR,RDF ,RDF,ASS
8912675000,FGLTD01770,DIV475814,EDD SEORAHI,IDF ,IDF,ASS
8914046000,PUFGL01213,DIV475935,EDD GAURI BAZAR,RDF,RDF,ASS
8916257000,FGLTD02667,DIV475813,"EDD KASYA, KUSHINAGAR",RDF,RDF,ASS
8916557000,PUFGL00790,DIV475812,EDD HATA,RDF ,RDF,ASS
8919763716,PUFGL00848,DIV475814,EDD SEORAHI,IDF ,IDF,ASS
8921996000,FGLTD01246,DIV435733,EDD CAMPIEARGANJ,RDF ,OK,MU
8928497233,FGLTD02147,DIV475614,EDD NICHLAUL,RDF ,RDF,ASS
8929686000,FGLTD01514,DIV475935,EDD GAURI BAZAR,RDF ,P,PROV
8930024753,FGLTD01246,DIV435733,EDD CAMPIEARGANJ,RDF ,P,PROV
8930577000,PUFGL01138,DIV475614,EDD NICHLAUL,RDF ,RDF,ASS
8930587000,PUFGL00626,DIV475935,EDD GAURI BAZAR,RDF ,RDF,ASS
8931295650,PUFGL00492,DIV475932,EDD DEORIA,RDF ,RDF,ASS
8932947000,PUFGL00863,DIV475611,EDD II ANANDNAGAR,RDF ,OK,CEIL
8933107000,PUFGL00760,DIV475812,EDD HATA,RDF ,OK,MU
8933955000,PUFGL00849,DIV475814,EDD SEORAHI,IDF ,IDF,ASS
8935109722,PUFGL00755,DIV475812,EDD HATA,RDF ,RDF,ASS
8936236000,PUFGL00851,DIV475814,EDD SEORAHI,IDF ,IDF,ASS
8936856000,PUFGL00764,DIV475812,EDD HATA,IDF ,IDF,ASS
8937067000,FGLTD03283,DIV475813,"EDD KASYA, KUSHINAGAR",RDF ,RDF,ASS
8937127000,FGLTD03120,DIV475813,"EDD KASYA, KUSHINAGAR",RDF ,RDF,ASS
8938481247,PUFGL00491,DIV475932,EDD DEORIA,RDF ,RDF,ASS
8943027000,FGLTD01557,DIV475932,EDD DEORIA,RDF ,P,PROV
8943299497,PUFGL01132,DIV475614,EDD NICHLAUL,RDF ,OK,MU
8944977000,FGLTD02695,DIV475811,EDD PADRAUNA,IDF ,IDF,ASS
8946647000,PUFGL00657,DIV475811,EDD PADRAUNA,RDF ,RDF,ASS
8947717000,PUFGL00421,DIV435722,"EDD SAHJANWA,GORAKHPUR",RDF ,RDF,ASS
8948346000,PUFGL00556,DIV475934,EDD SALEMPUR,IDF,IDF,ASS
8948708000,FGLTD02356,DIV475614,EDD NICHLAUL,RDF ,P,PROV
8949365000,FGLTD02929,DIV475814,EDD SEORAHI,IDF ,IDF,ASS
8950186000,FGLTD01660,DIV475814,EDD SEORAHI,IDF ,IDF,ASS
8950636000,PUFGL00884,DIV475611,EDD II ANANDNAGAR,RDF ,OK,MU
8951876159,PUFGL01017,DIV475612,EDD I MAHARAJGANJ,RDF ,P,PROV
8952577000,PUFGL00843,DIV475814,EDD SEORAHI,IDF,IDF,ASS
8953097000,PUFGL00760,DIV475812,EDD HATA,RDF ,RDF,ASS
8953308000,FGLTD01660,DIV475814,EDD SEORAHI,IDF ,IDF,ASS
8954327000,FGLTD01592,DIV475812,EDD HATA,IDF ,IDF,ASS
8954908000,PUFGL00620,DIV475935,EDD GAURI BAZAR,RDF ,OK,MU
8955087000,PUFGL00732,DIV475812,EDD HATA,RDF ,RDF,ASS
8956424303,PUFGL00836,DIV475813,"EDD KASYA, KUSHINAGAR",RDF ,OK,MU
8956989478,PUFGL00809,DIV475813,"EDD KASYA, KUSHINAGAR",RDF ,OK,MU
8958956000,PUFGL00875,DIV475611,EDD II ANANDNAGAR,RDF,OK,MU
8959077000,PUFGL00654,DIV475811,EDD PADRAUNA,IDF ,IDF,ASS
8959418728,PUFGL00899,DIV475611,EDD II ANANDNAGAR,RDF ,OK,MU
8961326000,FGLTD02950,DIV475811,EDD PADRAUNA,IDF ,IDF,ASS
8964600904,FGLTD03074,DIV475812,EDD HATA,RDF ,OK,MU
8966216000,PUFGL00843,DIV475814,EDD SEORAHI,IDF ,IDF,ASS
8967836000,PUFGL00376,DIV435722,"EDD SAHJANWA,GORAKHPUR",RDF ,BR,MU
8972686000,FGLTD03057,DIV475813,"EDD KASYA, KUSHINAGAR",RDF,RDF,ASS
8972787000,FGLTD02929,DIV475814,EDD SEORAHI,IDF ,IDF,ASS
8972806792,PUFGL00584,DIV475934,EDD SALEMPUR,RDF ,OK,MU
8973844343,FGLTD01866,DIV435713,"EUDD MOHADDIPUR,GORAKHPUR",RDF ,OK,MU
8974896000,PUFGL00625,DIV475935,EDD GAURI BAZAR,RDF ,OK,MU
8975647000,FGLTD03118,DIV475814,EDD SEORAHI,IDF ,IDF,ASS
8975851077,FGLTD01660,DIV475814,EDD SEORAHI,IDF ,IDF,ASS
8976273479,PUFGL00684,DIV475811,EDD PADRAUNA,RDF ,P,PROV
8976776000,PUFGL00811,DIV475813,"EDD KASYA, KUSHINAGAR",RDF ,RDF,ASS
8977796000,PUFGL00987,DIV475612,EDD I MAHARAJGANJ,RDF ,OK,MU
8978667000,PUFGL00592,DIV475934,EDD SALEMPUR,RDF ,RDF,ASS
8980187000,PUFGL00481,DIV475932,EDD DEORIA,RDF ,P,PROV
8980485000,FGLTD01770,DIV475814,EDD SEORAHI,RDF ,P,PROV
8987456000,PUFGL00199,DIV435731,"EDD GULHARIYA BAZAR,GORAKHPUR",RDF ,P,PROV
8988526000,FGLTD03320,DIV475812,EDD HATA,RDF,P,PROV
8989027000,FGLTD02532,DIV435721,EDD KAURIRAM,RDF,RDF,ASS
8989396000,PUFGL00843,DIV475814,EDD SEORAHI,IDF ,IDF,ASS
8989636000,FGLTD03433,DIV475813,"EDD KASYA, KUSHINAGAR",RDF ,RDF,ASS
8990336000,PUFGL00683,DIV475811,EDD PADRAUNA,IDF ,IDF,ASS
8990921010,PUFGL00126,DIV435732,EDD CHAURI CHAURA,RDF ,RDF,ASS
8991067000,PUFGL01210,DIV475935,EDD GAURI BAZAR,RDF ,OK,MU
8991375000,FGLTD03120,DIV475813,"EDD KASYA, KUSHINAGAR",RDF ,RDF,ASS
8994446000,PUFGL00327,DIV435721,EDD KAURIRAM,RDF ,OK,MU
8994672458,FGLTD03029,DIV435713,"EUDD MOHADDIPUR,GORAKHPUR",RDF ,RDF,ASS
8994838817,PUFGL00932,DIV475612,EDD I MAHARAJGANJ,RDF ,RDF,ASS
8996955000,FGLTD03118,DIV475814,EDD SEORAHI,IDF ,IDF,ASS
8997947000,PUFGL00744,DIV475812,EDD HATA,RDF ,RDF,ASS
8998537000,PUFGL00802,DIV475813,"EDD KASYA, KUSHINAGAR",RDF ,RDF,ASS
8998786000,PUFGL00704,DIV475811,EDD PADRAUNA,IDF ,IDF,ASS
8998826306,PUFGL00539,DIV475934,EDD SALEMPUR,RDF ,RDF,ASS
9001401400,PUFGL00159,DIV435731,"EDD GULHARIYA BAZAR,GORAKHPUR",RDF ,RDF,ASS
9002066000,FGLTD03096,DIV435732,EDD CHAURI CHAURA,RDF ,RDF,ASS
9002265000,PUFGL01118,DIV475614,EDD NICHLAUL,RDF ,OK,MU
9003596000,PUFGL01209,DIV475935,EDD GAURI BAZAR,RDF ,RDF,ASS
9003767000,FGLTD01188,DIV475813,"EDD KASYA, KUSHINAGAR",RDF ,RDF,ASS
9004265000,PUFGL01124,DIV475614,EDD NICHLAUL,RDF ,RDF,ASS
9007126000,FGLTD03241,DIV475812,EDD HATA,IDF ,IDF,ASS
9007637000,FGLTD03012,DIV475811,EDD PADRAUNA,RDF ,OK,MU
9008010540,PUFGL00282,DIV435723,EDD SHIKARIGANJ,RDF ,RDF,ASS
9008375000,FGLTD03227,DIV475813,"EDD KASYA, KUSHINAGAR",RDF ,OK,MU
9009067000,FGLTD02667,DIV475813,"EDD KASYA, KUSHINAGAR",IDF ,IDF,ASS
9010143719,FGLTD01188,DIV475813,"EDD KASYA, KUSHINAGAR",RDF ,OK,MU
9010285000,FGLTD01188,DIV475813,"EDD KASYA, KUSHINAGAR",RDF ,RDF,ASS
9011065000,FGLTD02308,DIV475814,EDD SEORAHI,IDF ,IDF,ASS
9012239967,PUFGL00760,DIV475812,EDD HATA,RDF,P,PROV
9014076000,FGLTD02016,DIV435722,"EDD SAHJANWA,GORAKHPUR",RDF ,OK,MU
9014687000,PUFGL00362,DIV435721,EDD KAURIRAM,RDF,P,PROV
9015177000,FGLTD02305,DIV475814,EDD SEORAHI,IDF ,IDF,ASS
9016518000,FGLTD02744,DIV435732,EDD CHAURI CHAURA,RDF ,OK,CEIL
9018127000,PUFGL00848,DIV475814,EDD SEORAHI,IDF ,IDF,ASS
9019736000,PUFGL00732,DIV475812,EDD HATA,RDF ,P,PROV
9019916000,PUFGL00739,DIV475812,EDD HATA,RDF ,BR,MU
9021384235,PUFGL00887,DIV475611,EDD II ANANDNAGAR,RDF ,OK,MU
9021865000,PUFGL00377,DIV435722,"EDD SAHJANWA,GORAKHPUR",RDF ,RDF,ASS
9022780627,PUFGL00219,DIV435731,"EDD GULHARIYA BAZAR,GORAKHPUR",RDF ,RDF,ASS
9023197000,PUFGL01113,DIV475614,EDD NICHLAUL,RDF ,RDF,ASS
9024296000,PUFGL00885,DIV475611,EDD II ANANDNAGAR,RDF ,OK,MU
9024666000,PUFGL00261,DIV435733,EDD CAMPIEARGANJ,RDF ,RDF,ASS
9024877000,FGLTD02918,DIV435733,EDD CAMPIEARGANJ,RDF ,RDF,ASS
9025485000,PUFGL00937,DIV475612,EDD I MAHARAJGANJ,RDF ,P,PROV
9025937000,PUFGL00536,DIV475934,EDD SALEMPUR,RDF ,RDF,ASS
9029475000,PUFGL00865,DIV475611,EDD II ANANDNAGAR,RDF ,OK,MU
9030157000,FGLTD01189,DIV475813,"EDD KASYA, KUSHINAGAR",RDF ,OK,MU
9031338014,FGLTD02238,DIV475932,EDD DEORIA,RDF ,RDF,ASS
9035785109,PUFGL01082,DIV475613,EDD NAUTANWA,RDF ,RDF,ASS
9036511045,PUFGL00620,DIV475935,EDD GAURI BAZAR,RDF ,OK,MU
9036930700,PUFGL01063,DIV475613,EDD NAUTANWA,RDF ,P,PROV
9037537000,FGLTD01188,DIV475813,"EDD KASYA, KUSHINAGAR",RDF ,RDF,ASS
9038047000,PUFGL00512,DIV475932,EDD DEORIA,RDF ,OK,CEIL
9039447000,FGLTD03348,DIV475932,EDD DEORIA,RDF ,OK,MU
9041756000,PUFGL00850,DIV475814,EDD SEORAHI,IDF ,IDF,ASS
9046647000,FGLTD03294,DIV475814,EDD SEORAHI,IDF ,IDF,ASS
9047218000,PUFGL00257,DIV435733,EDD CAMPIEARGANJ,IDF ,IDF,ASS
9047647000,FGLTD02470,DIV475814,EDD SEORAHI,RDF ,RDF,ASS
9049247000,FGLTD01188,DIV475813,"EDD KASYA, KUSHINAGAR",RDF ,OK,MU
9049777000,PUFGL00202,DIV435731,"EDD GULHARIYA BAZAR,GORAKHPUR",RDF,RDF,ASS
9051955000,FGLTD02929,DIV475814,EDD SEORAHI,IDF ,IDF,ASS
9053196000,FGLTD02826,DIV475812,EDD HATA,RDF,RDF,ASS
9053585000,PUFGL01039,DIV475613,EDD NAUTANWA,RDF ,RDF,ASS
9055037000,PUFGL00718,DIV475811,EDD PADRAUNA,RDF ,RDF,ASS
9056385000,PUFGL01218,DIV475935,EDD GAURI BAZAR,IDF ,IDF,ASS
9060347000,FGLTD01189,DIV475813,"EDD KASYA, KUSHINAGAR",RDF ,OK,MU
9061236000,PUFGL00246,DIV435733,EDD CAMPIEARGANJ,RDF ,OK,MU
9062477000,PUFGL00592,DIV475934,EDD SALEMPUR,RDF,RDF,ASS
9063316000,PUFGL01215,DIV475935,EDD GAURI BAZAR,RDF ,OK,MU
9064217000,FGLTD02695,DIV475811,EDD PADRAUNA,IDF ,IDF,ASS
9064876000,FGLTD03001,DIV475613,EDD NAUTANWA,RDF ,OK,MU
9065556000,PUFGL00704,DIV475811,EDD PADRAUNA,IDF ,IDF,ASS
9067656000,FGLTD02305,DIV475814,EDD SEORAHI,IDF,IDF,ASS
9067746000,PUFGL00325,DIV435721,EDD KAURIRAM,RDF ,P,PROV
9068216000,FGLTD01191,DIV475813,"EDD KASYA, KUSHINAGAR",RDF,OK,MU
9068742157,FGLTD01579,DIV475611,EDD II ANANDNAGAR,RDF ,OK,MU
9070927000,PUFGL00592,DIV475934,EDD SALEMPUR,RDF ,RDF,ASS
9071331249,FGLTD02612,DIV475812,EDD HATA,RDF ,OK,MU
9073307000,PUFGL00199,DIV435731,"EDD GULHARIYA BAZAR,GORAKHPUR",RDF ,RDF,ASS
9074696000,FGLTD03170,DIV435731,"EDD GULHARIYA BAZAR,GORAKHPUR",RDF ,RDF,ASS
9074937000,PUFGL00887,DIV475611,EDD II ANANDNAGAR,RDF ,OK,MU
9075986000,FGLTD02305,DIV475814,EDD SEORAHI,IDF ,IDF,ASS
9076267000,FGLTD03393,DIV475814,EDD SEORAHI,IDF ,IDF,ASS
9076318000,PUFGL00538,DIV475934,EDD SALEMPUR,RDF ,RDF,ASS
9076437000,PUFGL00843,DIV475814,EDD SEORAHI,IDF ,IDF,ASS
9078192917,PUFGL00766,DIV475812,EDD HATA,RDF ,RDF,ASS
9078917000,FGLTD02667,DIV475813,"EDD KASYA, KUSHINAGAR",RDF ,RDF,ASS
9079875000,PUFGL00251,DIV435733,EDD CAMPIEARGANJ,RDF ,OK,MU
9080746000,PUFGL00457,DIV475931,EDD BARHAJ,RDF ,P,PROV
9083066000,PUFGL00764,DIV475812,EDD HATA,IDF ,IDF,ASS
9083327000,PUFGL00771,DIV475812,EDD HATA,RDF ,P,PROV
9083675000,FGLTD02929,DIV475814,EDD SEORAHI,IDF ,IDF,ASS
9084522038,PUFGL01206,DIV475935,EDD GAURI BAZAR,RDF,RDF,ASS
9085147000,FGLTD02314,DIV435732,EDD CHAURI CHAURA,RDF ,RDF,ASS
9087117000,FGLTD03122,DIV475813,"EDD KASYA, KUSHINAGAR",RDF ,RDF,ASS
9089276000,PUFGL00848,DIV475814,EDD SEORAHI,IDF ,IDF,ASS
9089295411,PUFGL00837,DIV475813,"EDD KASYA, KUSHINAGAR",RDF ,OK,MU
9089496000,FGLTD02695,DIV475811,EDD PADRAUNA,IDF ,IDF,ASS
9090736000,PUFGL00844,DIV475814,EDD SEORAHI,IDF ,IDF,ASS
9094126000,PUFGL00194,DIV435731,"EDD GULHARIYA BAZAR,GORAKHPUR",RDF ,RDF,ASS
9097267000,FGLTD02219,DIV435731,"EDD GULHARIYA BAZAR,GORAKHPUR",RDF ,P,PROV
9097354000,PUFGL00701,DIV475811,EDD PADRAUNA,IDF ,IDF,ASS
9097847000,PUFGL01003,DIV475612,EDD I MAHARAJGANJ,RDF ,P,PROV
9097980602,PUFGL01044,DIV475613,EDD NAUTANWA,RDF ,OK,MU
9098237000,PUFGL01003,DIV475612,EDD I MAHARAJGANJ,RDF ,P,PROV
9098722029,PUFGL00899,DIV475611,EDD II ANANDNAGAR,RDF ,OK,MU
9099737000,PUFGL00230,DIV435733,EDD CAMPIEARGANJ,IDF,IDF,ASS
9100496000,FGLTD01661,DIV475814,EDD SEORAHI,IDF,IDF,ASS
9101077000,PUFGL00865,DIV475611,EDD II ANANDNAGAR,RDF ,RDF,ASS
9101293452,FGLTD01355,DIV435733,EDD CAMPIEARGANJ,RDF ,P,PROV
9101836000,FGLTD03057,DIV475813,"EDD KASYA, KUSHINAGAR",RDF ,P,PROV
9103961260,FGLTD01309,DIV435731,"EDD GULHARIYA BAZAR,GORAKHPUR",RDF ,RDF,ASS
9105177000,FGLTD02308,DIV475814,EDD SEORAHI,IDF ,IDF,ASS
9106007000,FGLTD02147,DIV475614,EDD NICHLAUL,RDF ,RDF,ASS
9106727000,PUFGL00681,DIV475811,EDD PADRAUNA,IDF ,IDF,ASS
9107539023,PUFGL01010,DIV475612,EDD I MAHARAJGANJ,RDF ,OK,MU
9109276000,FGLTD03227,DIV475813,"EDD KASYA, KUSHINAGAR",RDF,RDF,ASS
9112835511,FGLTD02667,DIV475813,"EDD KASYA, KUSHINAGAR",RDF ,RDF,ASS
9112836000,FGLTD02667,DIV475813,"EDD KASYA, KUSHINAGAR",RDF ,RDF,ASS
9115097000,PUFGL00758,DIV475812,EDD HATA,RDF ,P,PROV
9117354000,PUFGL00710,DIV475811,EDD PADRAUNA,IDF ,IDF,ASS
9119096000,PUFGL00736,DIV475812,EDD HATA,RDF,P,PROV
9119557000,PUFGL00257,DIV435733,EDD CAMPIEARGANJ,IDF ,IDF,ASS
9120476000,PUFGL01140,DIV475614,EDD NICHLAUL,RDF ,RDF,ASS
9121027000,FGLTD03122,DIV475813,"EDD KASYA, KUSHINAGAR",RDF,RDF,ASS
9124117000,PUFGL00684,DIV475811,EDD PADRAUNA,RDF ,RDF,ASS
9126275000,PUFGL01040,DIV475613,EDD NAUTANWA,RDF,RDF,ASS
9127076000,PUFGL00838,DIV475813,"EDD KASYA, KUSHINAGAR",RDF ,RDF,ASS
9129946000,PUFGL00566,DIV475934,EDD SALEMPUR,RDF ,RDF,ASS
9131267000,PUFGL00826,DIV475813,"EDD KASYA, KUSHINAGAR",RDF ,OK,MU
9132407000,FGLTD02460,DIV475932,EDD DEORIA,RDF ,RDF,ASS
9133147655,PUFGL00843,DIV475814,EDD SEORAHI,IDF ,IDF,ASS
9133412458,FGLTD02147,DIV475614,EDD NICHLAUL,RDF ,RDF,ASS
9136336000,FGLTD03241,DIV475812,EDD HATA,IDF ,IDF,ASS
9136447000,PUFGL00894,DIV475611,EDD II ANANDNAGAR,RDF ,OK,MU
9136597000,FGLTD03393,DIV475814,EDD SEORAHI,IDF ,IDF,ASS
9138267000,FGLTD02929,DIV475814,EDD SEORAHI,IDF ,IDF,ASS
9141587000,FGLTD01183,DIV475813,"EDD KASYA, KUSHINAGAR",RDF ,RDF,ASS
9142275000,FGLTD02821,DIV475614,EDD NICHLAUL,RDF ,OK,MU
9143636000,FGLTD02587,DIV475611,EDD II ANANDNAGAR,RDF ,OK,MU
9144476000,FGLTD01962,DIV475812,EDD HATA,IDF ,IDF,ASS
9145108000,PUFGL00806,DIV475813,"EDD KASYA, KUSHINAGAR",RDF ,IDF,ASS
9145892948,PUFGL00393,DIV435722,"EDD SAHJANWA,GORAKHPUR",RDF,OK,MU
9146476000,PUFGL00359,DIV435721,EDD KAURIRAM,RDF ,P,PROV
9146927000,PUFGL00257,DIV435733,EDD CAMPIEARGANJ,IDF ,IDF,ASS
9147865000,PUFGL00729,DIV475812,EDD HATA,RDF ,P,PROV
9149098865,FGLTD03074,DIV475812,EDD HATA,IDF ,IDF,ASS
9152527000,PUFGL01060,DIV475613,EDD NAUTANWA,RDF ,OK,MU
9153175000,FGLTD02587,DIV475611,EDD II ANANDNAGAR,RDF ,OK,MU
9153785000,PUFGL00790,DIV475812,EDD HATA,RDF ,RDF,ASS
9153975000,PUFGL00768,DIV475812,EDD HATA,RDF ,RDF,ASS
9156236000,FGLTD03114,DIV475814,EDD SEORAHI,IDF,IDF,ASS
9157067000,FGLTD03204,DIV475813,"EDD KASYA, KUSHINAGAR",IDF ,IDF,ASS
9158518274,FGLTD02823,DIV475614,EDD NICHLAUL,RDF ,RDF,ASS
9158708338,FGLTD03033,DIV475935,EDD GAURI BAZAR,RDF ,OK,MU
9159456000,FGLTD01244,DIV435722,"EDD SAHJANWA,GORAKHPUR",RDF ,OK,MU
9160237000,PUFGL00659,DIV475811,EDD PADRAUNA,RDF ,P,PROV
9160470604,FGLTD02341,DIV475612,EDD I MAHARAJGANJ,RDF ,OK,MU
9160710365,PUFGL00729,DIV475812,EDD HATA,RDF ,RDF,ASS
9163075000,FGLTD02478,DIV475611,EDD II ANANDNAGAR,RDF ,RDF,ASS
9167496000,PUFGL00212,DIV435731,"EDD GULHARIYA BAZAR,GORAKHPUR",RDF ,OK,MU
9168432498,FGLTD03157,DIV475614,EDD NICHLAUL,RDF ,RDF,ASS
9168586000,FGLTD02291,DIV475813,"EDD KASYA, KUSHINAGAR",RDF ,RDF,ASS
9170287000,PUFGL01126,DIV475614,EDD NICHLAUL,RDF ,RDF,ASS
9171026000,FGLTD01592,DIV475812,EDD HATA,IDF ,IDF,ASS
9171250681,PUFGL00703,DIV475811,EDD PADRAUNA,RDF,RDF,ASS
9171837000,PUFGL00850,DIV475814,EDD SEORAHI,IDF ,IDF,ASS
9172677000,FGLTD02825,DIV475811,EDD PADRAUNA,IDF ,IDF,ASS
9173146000,FGLTD02308,DIV475814,EDD SEORAHI,IDF ,IDF,ASS
9173148307,FGLTD03170,DIV435731,"EDD GULHARIYA BAZAR,GORAKHPUR",RDF ,RDF,ASS
9175308000,PUFGL00704,DIV475811,EDD PADRAUNA,IDF ,IDF,ASS
9175666000,PUFGL00743,DIV475812,EDD HATA,IDF,IDF,ASS
9175871668,PUFGL00779,DIV475812,EDD HATA,RDF ,OK,CEIL
9176146000,FGLTD01592,DIV475812,EDD HATA,IDF ,IDF,ASS
9177137000,PUFGL01056,DIV475613,EDD NAUTANWA,RDF ,OK,MU
9177666000,FGLTD01592,DIV475812,EDD HATA,IDF ,IDF,ASS
9178627207,PUFGL00709,DIV475811,EDD PADRAUNA,IDF,IDF,ASS
9178876000,FGLTD02667,DIV475813,"EDD KASYA, KUSHINAGAR",IDF ,IDF,ASS
9179855000,FGLTD02978,DIV435733,EDD CAMPIEARGANJ,RDF ,RDF,ASS
9183107249,FGLTD03122,DIV475813,"EDD KASYA, KUSHINAGAR",RDF ,RDF,ASS
9183902885,PUFGL00681,DIV475811,EDD PADRAUNA,RDF ,RDF,ASS
9184117000,PUFGL00722,DIV475811,EDD PADRAUNA,IDF ,IDF,ASS
9184866896,FGLTD03057,DIV475813,"EDD KASYA, KUSHINAGAR",RDF ,RDF,ASS
9184932992,PUFGL00625,DIV475935,EDD GAURI BAZAR,RDF,RDF,ASS
9185507000,PUFGL01216,DIV475935,EDD GAURI BAZAR,RDF ,RDF,ASS
9185508000,PUFGL00860,DIV475611,EDD II ANANDNAGAR,RDF ,OK,MU
9185516000,FGLTD02438,DIV475611,EDD II ANANDNAGAR,RDF ,P,PROV
9186432448,PUFGL00844,DIV475814,EDD SEORAHI,IDF ,IDF,ASS
9186986000,FGLTD03289,DIV475814,EDD SEORAHI,IDF ,IDF,ASS
9190837000,FGLTD02638,DIV475814,EDD SEORAHI,IDF,IDF,ASS
9192472580,FGLTD01808,DIV475934,EDD SALEMPUR,RDF ,RDF,ASS
9193186000,PUFGL00849,DIV475814,EDD SEORAHI,IDF ,IDF,ASS
9194617000,PUFGL00899,DIV475611,EDD II ANANDNAGAR,RDF,RDF,ASS
9195236000,PUFGL00844,DIV475814,EDD SEORAHI,IDF ,IDF,ASS
9195760707,FGLTD02738,DIV435733,EDD CAMPIEARGANJ,IDF,IDF,ASS
9196966000,FGLTD02662,DIV475813,"EDD KASYA, KUSHINAGAR",RDF ,OK,MU
9197675000,PUFGL00555,DIV475934,EDD SALEMPUR,RDF ,OK,MU
9198896000,PUFGL00555,DIV475934,EDD SALEMPUR,RDF ,RDF,ASS
9199107000,FGLTD02986,DIV435732,EDD CHAURI CHAURA,RDF ,OK,MU
9200996000,PUFGL00230,DIV435733,EDD CAMPIEARGANJ,RDF ,RDF,ASS
9202617000,PUFGL00534,DIV475934,EDD SALEMPUR,RDF ,OK,MU
9202846000,PUFGL00362,DIV435721,EDD KAURIRAM,RDF ,P,PROV
9203008000,PUFGL00199,DIV435731,"EDD GULHARIYA BAZAR,GORAKHPUR",RDF ,RDF,ASS
9203066000,FGLTD02296,DIV475812,EDD HATA,RDF,RDF,ASS
9205013912,PUFGL00888,DIV475611,EDD II ANANDNAGAR,RDF ,P,PROV
9206650848,PUFGL01056,DIV475613,EDD NAUTANWA,RDF ,OK,MU
9208365000,FGLTD01587,DIV475613,EDD NAUTANWA,RDF,RDF,ASS
9208805891,PUFGL00474,DIV475932,EDD DEORIA,RDF ,RDF,ASS
9210169622,PUFGL01208,DIV475935,EDD GAURI BAZAR,RDF ,RDF,ASS
9210266000,FGLTD02897,DIV435723,EDD SHIKARIGANJ,RDF ,RDF,ASS
9210479143,FGLTD02533,DIV435721,EDD KAURIRAM,IDF ,IDF,ASS
9210807000,PUFGL01200,DIV475932,EDD DEORIA,RDF ,RDF,ASS
9210917000,FGLTD01587,DIV475613,EDD NAUTANWA,RDF ,OK,MU
9210996407,PUFGL00848,DIV475814,EDD SEORAHI,IDF ,IDF,ASS
9211953863,PUFGL00891,DIV475611,EDD II ANANDNAGAR,RDF ,OK,MU
9214498452,PUFGL00339,DIV435721,EDD KAURIRAM,IDF,IDF,ASS
9215737000,PUFGL00887,DIV475611,EDD II ANANDNAGAR,RDF ,OK,MU
9216118000,FGLTD02929,DIV475814,EDD SEORAHI,IDF ,IDF,ASS
9216816000,FGLTD02460,DIV475932,EDD DEORIA,RDF ,P,PROV
9219367000,PUFGL00757,DIV475812,EDD HATA,IDF,IDF,ASS
9220275000,PUFGL00835,DIV475813,"EDD KASYA, KUSHINAGAR",RDF,RDF,ASS
9220308000,FGLTD03125,DIV475813,"EDD KASYA, KUSHINAGAR",IDF ,IDF,ASS
9221047172,PUFGL00676,DIV475811,EDD PADRAUNA,IDF ,IDF,ASS
9221200238,PUFGL00898,DIV475611,EDD II ANANDNAGAR,RDF ,OK,MU
9223307000,PUFGL00744,DIV475812,EDD HATA,RDF ,RDF,ASS
9223546000,PUFGL00802,DIV475813,"EDD KASYA, KUSHINAGAR",RDF ,RDF,ASS
9224367000,PUFGL00543,DIV475934,EDD SALEMPUR,RDF,RDF,ASS
9224418549,PUFGL00268,DIV435733,EDD CAMPIEARGANJ,RDF ,OK,MU
9225046000,PUFGL00850,DIV475814,EDD SEORAHI,IDF ,IDF,ASS
9225227000,FGLTD02638,DIV475814,EDD SEORAHI,IDF ,IDF,ASS
9225266000,FGLTD03390,DIV475811,EDD PADRAUNA,IDF ,IDF,ASS
9226045754,PUFGL00899,DIV475611,EDD II ANANDNAGAR,RDF ,BR,MU
9227457000,FGLTD03441,DIV475814,EDD SEORAHI,IDF ,IDF,ASS
9227516000,PUFGL00428,DIV435722,"EDD SAHJANWA,GORAKHPUR",RDF ,OK,MU
9230775000,PUFGL00874,DIV475611,EDD II ANANDNAGAR,RDF ,OK,MU
9231066000,PUFGL01042,DIV475613,EDD NAUTANWA,RDF ,OK,MU
9232017000,PUFGL01041,DIV475613,EDD NAUTANWA,RDF ,OK,MU
9232146000,PUFGL00716,DIV475811,EDD PADRAUNA,RDF ,RDF,ASS
9233117000,FGLTD01244,DIV435722,"EDD SAHJANWA,GORAKHPUR",RDF ,OK,MU
9235381750,PUFGL00990,DIV475612,EDD I MAHARAJGANJ,IDF,IDF,ASS
9236796000,PUFGL00990,DIV475612,EDD I MAHARAJGANJ,IDF ,IDF,ASS
9240197000,PUFGL00995,DIV475612,EDD I MAHARAJGANJ,RDF ,P,PROV
9241937207,FGLTD02359,DIV475614,EDD NICHLAUL,RDF ,RDF,ASS
9242037000,FGLTD02606,DIV475814,EDD SEORAHI,IDF,IDF,ASS
9243147000,PUFGL01155,DIV475931,EDD BARHAJ,RDF ,OK,CEIL
9243646000,PUFGL00806,DIV475813,"EDD KASYA, KUSHINAGAR",RDF ,IDF,ASS
9244037000,FGLTD02606,DIV475814,EDD SEORAHI,IDF ,IDF,ASS
9244354000,PUFGL00710,DIV475811,EDD PADRAUNA,IDF ,IDF,ASS
9244864246,PUFGL00620,DIV475935,EDD GAURI BAZAR,RDF ,RDF,ASS
9245801971,FGLTD02438,DIV475611,EDD II ANANDNAGAR,RDF ,P,PROV
9248436000,PUFGL00512,DIV475932,EDD DEORIA,RDF,P,PROV
9249157000,PUFGL00783,DIV475812,EDD HATA,IDF ,IDF,ASS
9249201536,PUFGL00547,DIV475934,EDD SALEMPUR,RDF ,RDF,ASS
9249877000,FGLTD03116,DIV475814,EDD SEORAHI,IDF ,IDF,ASS
9251263466,PUFGL00184,DIV435731,"EDD GULHARIYA BAZAR,GORAKHPUR",RDF ,P,PROV
9253058739,PUFGL00898,DIV475611,EDD II ANANDNAGAR,RDF ,OK,MU
9254209338,FGLTD02718,DIV475613,EDD NAUTANWA,RDF ,OK,MU
9254247000,FGLTD02544,DIV435732,EDD CHAURI CHAURA,RDF ,OK,MU
9254426000,FGLTD03116,DIV475814,EDD SEORAHI,IDF ,IDF,ASS
9255585000,PUFGL00257,DIV435733,EDD CAMPIEARGANJ,IDF ,IDF,ASS
9256157901,PUFGL01040,DIV475613,EDD NAUTANWA,RDF ,OK,MU
9258582475,FGLTD02667,DIV475813,"EDD KASYA, KUSHINAGAR",RDF ,RDF,ASS
9258751683,PUFGL00893,DIV475611,EDD II ANANDNAGAR,RDF ,OK,MU
9258927000,PUFGL00807,DIV475813,"EDD KASYA, KUSHINAGAR",RDF,RDF,ASS
9260476043,PUFGL00848,DIV475814,EDD SEORAHI,RDF ,RDF,ASS
9261986000,PUFGL00802,DIV475813,"EDD KASYA, KUSHINAGAR",RDF ,IDF,ASS
9262275000,FGLTD03283,DIV475813,"EDD KASYA, KUSHINAGAR",RDF ,RDF,ASS
9263175000,FGLTD01968,DIV475812,EDD HATA,RDF ,RDF,ASS
9264418000,FGLTD01806,DIV475934,EDD SALEMPUR,RDF ,RDF,ASS
9264576000,PUFGL00920,DIV475612,EDD I MAHARAJGANJ,RDF ,OK,MU
9265065000,PUFGL00584,DIV475934,EDD SALEMPUR,RDF ,RDF,ASS
9266386000,PUFGL00893,DIV475611,EDD II ANANDNAGAR,RDF ,OK,MU
9266687000,PUFGL00268,DIV435733,EDD CAMPIEARGANJ,RDF ,RDF,ASS
9270595546,PUFGL00512,DIV475932,EDD DEORIA,RDF ,OK,MU
9271085000,PUFGL00830,DIV475813,"EDD KASYA, KUSHINAGAR",RDF ,OK,MU
9273007893,FGLTD02986,DIV435732,EDD CHAURI CHAURA,RDF ,BR,MU
9276067000,FGLTD02667,DIV475813,"EDD KASYA, KUSHINAGAR",RDF ,RDF,ASS
9277137000,FGLTD02421,DIV475613,EDD NAUTANWA,RDF ,RDF,ASS
9278241621,FGLTD01883,DIV435721,EDD KAURIRAM,RDF ,OK,MU
9280777000,FGLTD01191,DIV475813,"EDD KASYA, KUSHINAGAR",RDF ,BR,MU
9281996000,FGLTD02918,DIV435733,EDD CAMPIEARGANJ,RDF ,RDF,ASS
9282262683,PUFGL00875,DIV475611,EDD II ANANDNAGAR,RDF ,RDF,ASS
9284087000,PUFGL01041,DIV475613,EDD NAUTANWA,RDF ,P,PROV
9284699696,FGLTD01189,DIV475813,"EDD KASYA, KUSHINAGAR",RDF ,OK,CEIL
9288077000,PUFGL01000,DIV475612,EDD I MAHARAJGANJ,RDF ,RDF,ASS
9288526000,FGLTD01887,DIV435721,EDD KAURIRAM,IDF ,RDF,ASS
9291207000,PUFGL00811,DIV475813,"EDD KASYA, KUSHINAGAR",RDF ,RDF,ASS
9291346000,PUFGL01010,DIV475612,EDD I MAHARAJGANJ,RDF ,P,PROV
9291683403,FGLTD01871,DIV435714,"EUDD RAPTINAGAR,GORAKHPUR",RDF ,OK,MU
9293165000,FGLTD02967,DIV475934,EDD SALEMPUR,RDF ,OK,MU
9293327000,PUFGL00893,DIV475611,EDD II ANANDNAGAR,RDF ,OK,MU
9294246000,FGLTD03390,DIV475811,EDD PADRAUNA,IDF ,IDF,ASS
9294897000,PUFGL00250,DIV435733,EDD CAMPIEARGANJ,RDF ,OK,MU
9295103038,PUFGL01053,DIV475613,EDD NAUTANWA,RDF ,RDF,ASS
9299541958,PUFGL00353,DIV435721,EDD KAURIRAM,RDF ,OK,MU
9300507000,FGLTD02197,DIV435731,"EDD GULHARIYA BAZAR,GORAKHPUR",RDF,RDF,ASS
9300604383,FGLTD02868,DIV435723,EDD SHIKARIGANJ,RDF ,P,PROV
9301303521,FGLTD02658,DIV435731,"EDD GULHARIYA BAZAR,GORAKHPUR",RDF ,RDF,ASS
9302000494,FGLTD01661,DIV475814,EDD SEORAHI,IDF ,IDF,ASS
9303617000,FGLTD02961,DIV475932,EDD DEORIA,RDF ,OK,MU
9304485000,FGLTD03116,DIV475814,EDD SEORAHI,IDF ,IDF,ASS
9306118000,PUFGL00687,DIV475811,EDD PADRAUNA,IDF,IDF,ASS
9306875000,FGLTD01157,DIV475611,EDD II ANANDNAGAR,RDF ,OK,MU
9307005464,FGLTD01982,DIV435732,EDD CHAURI CHAURA,RDF ,BR,MU
9307561694,PUFGL00790,DIV475812,EDD HATA,RDF ,RDF,ASS
9308587000,PUFGL00687,DIV475811,EDD PADRAUNA,IDF ,IDF,ASS
9311446699,FGLTD03118,DIV475814,EDD SEORAHI,IDF ,IDF,ASS
9311975000,FGLTD02299,DIV475812,EDD HATA,RDF ,RDF,ASS
9312028323,FGLTD03116,DIV475814,EDD SEORAHI,IDF ,IDF,ASS
9312186000,FGLTD01246,DIV435733,EDD CAMPIEARGANJ,RDF ,RDF,ASS
9314066000,FGLTD02944,DIV475812,EDD HATA,RDF ,OK,MU
9314595441,PUFGL00802,DIV475813,"EDD KASYA, KUSHINAGAR",RDF ,RDF,ASS
9317185000,FGLTD02667,DIV475813,"EDD KASYA, KUSHINAGAR",IDF ,IDF,ASS
9317236000,FGLTD01532,DIV475935,EDD GAURI BAZAR,RDF ,P,PROV
9318354000,PUFGL00705,DIV475811,EDD PADRAUNA,IDF ,IDF,ASS
9319597000,FGLTD02929,DIV475814,EDD SEORAHI,IDF ,IDF,ASS
9319797000,PUFGL01112,DIV475614,EDD NICHLAUL,RDF ,RDF,ASS
9322187000,FGLTD02460,DIV475932,EDD DEORIA,RDF ,BR,MU
9323017000,PUFGL00843,DIV475814,EDD SEORAHI,IDF ,IDF,ASS
9325081802,PUFGL00608,DIV475934,EDD SALEMPUR,RDF ,NULL,NULL
9325090896,PUFGL00393,DIV435722,"EDD SAHJANWA,GORAKHPUR",RDF ,P,PROV
9325917000,PUFGL00657,DIV475811,EDD PADRAUNA,RDF ,BR,MU
9328186000,PUFGL00843,DIV475814,EDD SEORAHI,IDF,IDF,ASS
9328408000,FGLTD01355,DIV435733,EDD CAMPIEARGANJ,RDF,RDF,ASS
9329575000,FGLTD02929,DIV475814,EDD SEORAHI,IDF ,IDF,ASS
9329597000,PUFGL00850,DIV475814,EDD SEORAHI,IDF ,IDF,ASS
9330156000,FGLTD02460,DIV475932,EDD DEORIA,RDF ,P,PROV
9330957000,PUFGL00817,DIV475813,"EDD KASYA, KUSHINAGAR",IDF ,IDF,ASS
9332035704,FGLTD02356,DIV475614,EDD NICHLAUL,RDF ,P,PROV
9334587000,PUFGL00462,DIV475931,EDD BARHAJ,IDF ,IDF,ASS
9337020116,PUFGL00561,DIV475934,EDD SALEMPUR,RDF ,RDF,ASS
9337896000,PUFGL00760,DIV475812,EDD HATA,RDF ,P,PROV
9339730236,PUFGL00622,DIV475935,EDD GAURI BAZAR,RDF ,OK,CEIL
9339837000,FGLTD03390,DIV475811,EDD PADRAUNA,IDF ,IDF,ASS
9340286000,FGLTD02474,DIV475814,EDD SEORAHI,IDF ,IDF,ASS
9340797000,FGLTD01592,DIV475812,EDD HATA,IDF ,IDF,ASS
9342067235,FGLTD02366,DIV435711,"EUDD TOWNHALL,GORAKHPUR",RDF ,OK,MU
9343675000,FGLTD02606,DIV475814,EDD SEORAHI,IDF ,IDF,ASS
9345837000,FGLTD02308,DIV475814,EDD SEORAHI,IDF ,IDF,ASS
9346065000,FGLTD02296,DIV475812,EDD HATA,RDF ,P,PROV
9347435327,FGLTD03097,DIV435732,EDD CHAURI CHAURA,RDF ,OK,MU
9347979376,FGLTD03344,DIV475813,"EDD KASYA, KUSHINAGAR",RDF ,RDF,ASS
9348986000,FGLTD02929,DIV475814,EDD SEORAHI,IDF,IDF,ASS
9351575000,PUFGL00159,DIV435731,"EDD GULHARIYA BAZAR,GORAKHPUR",RDF ,OK,MU
9351789993,FGLTD02929,DIV475814,EDD SEORAHI,IDF ,IDF,ASS
9352146000,PUFGL00717,DIV475811,EDD PADRAUNA,IDF,IDF,ASS
9353436000,PUFGL00749,DIV475812,EDD HATA,RDF ,RDF,ASS
9353701672,PUFGL00252,DIV435733,EDD CAMPIEARGANJ,RDF ,RDF,ASS
9356441196,FGLTD01966,DIV475812,EDD HATA,IDF ,IDF,ASS
9356776000,PUFGL01054,DIV475613,EDD NAUTANWA,RDF,RDF,ASS
9357366000,FGLTD02695,DIV475811,EDD PADRAUNA,IDF ,IDF,ASS
9357747000,PUFGL00566,DIV475934,EDD SALEMPUR,RDF ,RDF,ASS
9358212000,FGLTD02582,DIV435711,"EUDD TOWNHALL,GORAKHPUR",RDF ,RDF,ASS
9359417000,FGLTD02902,DIV475812,EDD HATA,IDF,IDF,ASS
9362529987,PUFGL00826,DIV475813,"EDD KASYA, KUSHINAGAR",RDF ,OK,MU
9363740822,PUFGL00173,DIV435731,"EDD GULHARIYA BAZAR,GORAKHPUR",RDF ,OK,CEIL
9366152694,PUFGL01087,DIV475614,EDD NICHLAUL,RDF ,OK,MU
9368176000,FGLTD02951,DIV475811,EDD PADRAUNA,RDF ,OK,MU
9369417000,PUFGL00764,DIV475812,EDD HATA,IDF ,IDF,ASS
9369577816,PUFGL00554,DIV475934,EDD SALEMPUR,RDF ,OK,MU
9371546000,FGLTD02668,DIV475813,"EDD KASYA, KUSHINAGAR",RDF ,OK,MU
9371845779,PUFGL01060,DIV475613,EDD NAUTANWA,RDF,RDF,ASS
9372527000,PUFGL01048,DIV475613,EDD NAUTANWA,RDF ,RDF,ASS
9374208000,FGLTD02540,DIV435731,"EDD GULHARIYA BAZAR,GORAKHPUR",RDF ,OK,MU
9374216000,PUFGL01103,DIV475614,EDD NICHLAUL,RDF ,RDF,ASS
9377107000,FGLTD01540,DIV475934,EDD SALEMPUR,IDF ,IDF,ASS
9379336000,FGLTD02998,DIV435733,EDD CAMPIEARGANJ,RDF ,P,PROV
9379446000,PUFGL00543,DIV475934,EDD SALEMPUR,IDF ,IDF,ASS
9379485000,PUFGL00764,DIV475812,EDD HATA,IDF ,IDF,ASS
9380716000,FGLTD01671,DIV475814,EDD SEORAHI,IDF ,IDF,ASS
9381085000,FGLTD02668,DIV475813,"EDD KASYA, KUSHINAGAR",RDF ,RDF,ASS
9381457000,PUFGL00239,DIV435733,EDD CAMPIEARGANJ,RDF,TDMR,MU
9381767433,FGLTD03122,DIV475813,"EDD KASYA, KUSHINAGAR",RDF ,RDF,ASS
9382216000,PUFGL00562,DIV475934,EDD SALEMPUR,RDF,RDF,ASS
9383146000,FGLTD02606,DIV475814,EDD SEORAHI,IDF ,IDF,ASS
9383397189,PUFGL00251,DIV435733,EDD CAMPIEARGANJ,RDF ,OK,MU
9384116000,FGLTD02483,DIV475812,EDD HATA,RDF ,RDF,ASS
9384896203,PUFGL00593,DIV475934,EDD SALEMPUR,RDF ,OK,MU
9385124449,PUFGL00540,DIV475934,EDD SALEMPUR,RDF ,RDF,ASS
9389219738,PUFGL00658,DIV475811,EDD PADRAUNA,IDF,IDF,ASS
9391207000,PUFGL00840,DIV475813,"EDD KASYA, KUSHINAGAR",RDF ,RDF,ASS
9391467000,FGLTD01594,DIV475812,EDD HATA,RDF ,RDF,ASS
9393027861,PUFGL00835,DIV475813,"EDD KASYA, KUSHINAGAR",IDF,IDF,ASS
9394607000,FGLTD03118,DIV475814,EDD SEORAHI,RDF ,RDF,ASS
9394707000,FGLTD02612,DIV475812,EDD HATA,RDF ,RDF,ASS
9396506419,PUFGL01004,DIV475612,EDD I MAHARAJGANJ,RDF ,P,PROV
9397666000,FGLTD02296,DIV475812,EDD HATA,RDF ,RDF,ASS
9398672856,PUFGL00873,DIV475611,EDD II ANANDNAGAR,RDF,OK,MU
9399031366,PUFGL01208,DIV475935,EDD GAURI BAZAR,RDF ,BR,MU
9401363000,FGLTD02238,DIV475932,EDD DEORIA,IDF ,IDF,ASS
9401965000,FGLTD02718,DIV475613,EDD NAUTANWA,RDF ,RDF,ASS
9402746000,PUFGL00683,DIV475811,EDD PADRAUNA,IDF ,IDF,ASS
9403487000,PUFGL01031,DIV475613,EDD NAUTANWA,RDF ,OK,MU
9404607257,PUFGL00870,DIV475611,EDD II ANANDNAGAR,RDF,OK,MU
9409508000,PUFGL00366,DIV435722,"EDD SAHJANWA,GORAKHPUR",RDF ,P,PROV
9409702000,FGLTD01815,DIV435711,"EUDD TOWNHALL,GORAKHPUR",RDF ,OK,MU
9410556000,FGLTD02668,DIV475813,"EDD KASYA, KUSHINAGAR",RDF,RDF,ASS
9412307000,PUFGL00784,DIV475812,EDD HATA,RDF ,OK,MU
9413612000,FGLTD03278,DIV435712,"EUDD SRI GORAKHNATH,GORAKHPUR",RDF ,P,PROV
9414066000,FGLTD01966,DIV475812,EDD HATA,IDF ,IDF,ASS
9414597000,FGLTD03294,DIV475814,EDD SEORAHI,IDF ,IDF,ASS
9418177000,PUFGL00751,DIV475812,EDD HATA,RDF ,RDF,ASS
9418432251,PUFGL00715,DIV475811,EDD PADRAUNA,RDF ,P,PROV
9420177000,FGLTD01661,DIV475814,EDD SEORAHI,IDF ,IDF,ASS
9421218000,FGLTD03294,DIV475814,EDD SEORAHI,IDF ,IDF,ASS
9424216000,PUFGL00135,DIV435732,EDD CHAURI CHAURA,RDF ,OK,MU
9424897000,FGLTD02979,DIV435733,EDD CAMPIEARGANJ,IDF ,IDF,ASS
9425405312,FGLTD02008,DIV435732,EDD CHAURI CHAURA,RDF ,OK,MU
9426796000,FGLTD02929,DIV475814,EDD SEORAHI,IDF ,IDF,ASS
9429257093,PUFGL00684,DIV475811,EDD PADRAUNA,RDF ,OK,MU
9432208000,PUFGL00548,DIV475934,EDD SALEMPUR,RDF ,RDF,ASS
9434418000,PUFGL00457,DIV475931,EDD BARHAJ,RDF ,P,PROV
9434827000,FGLTD02667,DIV475813,"EDD KASYA, KUSHINAGAR",RDF ,RDF,ASS
9435975000,FGLTD02083,DIV475812,EDD HATA,RDF ,P,PROV
9437576000,FGLTD03351,DIV475932,EDD DEORIA,RDF ,OK,MU
9437765000,FGLTD01654,DIV475814,EDD SEORAHI,IDF,IDF,ASS
9438945901,PUFGL00621,DIV475935,EDD GAURI BAZAR,RDF ,OK,MU
9440075394,PUFGL00173,DIV435731,"EDD GULHARIYA BAZAR,GORAKHPUR",RDF ,OK,MU
9441507000,PUFGL00364,DIV435722,"EDD SAHJANWA,GORAKHPUR",RDF ,RDF,ASS
9441647000,FGLTD03229,DIV475813,"EDD KASYA, KUSHINAGAR",IDF ,IDF,ASS
9443007000,PUFGL00507,DIV475932,EDD DEORIA,RDF ,OK,CEIL
9443354000,PUFGL00715,DIV475811,EDD PADRAUNA,IDF ,IDF,ASS
9444576000,FGLTD02460,DIV475932,EDD DEORIA,RDF ,OK,CEIL
9444937000,FGLTD01592,DIV475812,EDD HATA,IDF ,IDF,ASS
9449627000,PUFGL00838,DIV475813,"EDD KASYA, KUSHINAGAR",RDF,RDF,ASS
9449697000,FGLTD03321,DIV475812,EDD HATA,RDF ,RDF,ASS
9450190650,PUFGL00731,DIV475812,EDD HATA,RDF ,P,PROV
9452237000,PUFGL00592,DIV475934,EDD SALEMPUR,RDF ,RDF,ASS
9452676410,PUFGL00883,DIV475611,EDD II ANANDNAGAR,RDF ,OK,MU
9455718000,PUFGL00838,DIV475813,"EDD KASYA, KUSHINAGAR",IDF ,IDF,ASS
9458497000,PUFGL00843,DIV475814,EDD SEORAHI,IDF ,IDF,ASS
9460785000,PUFGL00586,DIV475934,EDD SALEMPUR,RDF,RDF,ASS
9461626000,FGLTD02918,DIV435733,EDD CAMPIEARGANJ,IDF ,IDF,ASS
9461981366,FGLTD01661,DIV475814,EDD SEORAHI,IDF,IDF,ASS
9463408000,PUFGL00548,DIV475934,EDD SALEMPUR,RDF ,RDF,ASS
9463677000,PUFGL00717,DIV475811,EDD PADRAUNA,IDF,IDF,ASS
9469263322,FGLTD01661,DIV475814,EDD SEORAHI,IDF ,IDF,ASS
9469637000,PUFGL01201,DIV475932,EDD DEORIA,RDF,RDF,ASS
9471067000,PUFGL00826,DIV475813,"EDD KASYA, KUSHINAGAR",RDF ,RDF,ASS
9472677000,PUFGL00388,DIV435722,"EDD SAHJANWA,GORAKHPUR",RDF,RDF,ASS
9474146000,FGLTD02178,DIV475934,EDD SALEMPUR,RDF ,RDF,ASS
9474287000,PUFGL00869,DIV475611,EDD II ANANDNAGAR,RDF ,OK,MU
9477156000,PUFGL00450,DIV475931,EDD BARHAJ,RDF ,OK,MU
9480716000,FGLTD03294,DIV475814,EDD SEORAHI,IDF ,IDF,ASS
9483687000,PUFGL00565,DIV475934,EDD SALEMPUR,RDF,RDF,ASS
9483955000,PUFGL00844,DIV475814,EDD SEORAHI,IDF,IDF,ASS
9485186000,FGLTD02929,DIV475814,EDD SEORAHI,IDF ,IDF,ASS
9485276000,PUFGL00532,DIV475934,EDD SALEMPUR,RDF ,RDF,ASS
9485956000,PUFGL01107,DIV475614,EDD NICHLAUL,RDF ,RDF,ASS
9487253371,FGLTD01661,DIV475814,EDD SEORAHI,IDF,IDF,ASS
9487626000,PUFGL00860,DIV475611,EDD II ANANDNAGAR,RDF ,OK,MU
9490722065,PUFGL00809,DIV475813,"EDD KASYA, KUSHINAGAR",RDF ,OK,MU
9491134895,FGLTD01867,DIV435713,"EUDD MOHADDIPUR,GORAKHPUR",RDF ,OK,MU
9493404107,PUFGL00839,DIV475813,"EDD KASYA, KUSHINAGAR",RDF ,RDF,ASS
9493637000,PUFGL00826,DIV475813,"EDD KASYA, KUSHINAGAR",RDF ,OK,MU
9493707000,PUFGL00782,DIV475812,EDD HATA,IDF ,IDF,ASS
9493917000,FGLTD02483,DIV475812,EDD HATA,RDF ,RDF,ASS
9495867000,FGLTD02667,DIV475813,"EDD KASYA, KUSHINAGAR",RDF ,RDF,ASS
9495896758,PUFGL01136,DIV475614,EDD NICHLAUL,RDF ,RDF,ASS
9496166000,FGLTD02667,DIV475813,"EDD KASYA, KUSHINAGAR",RDF ,RDF,ASS
9497239531,PUFGL01047,DIV475613,EDD NAUTANWA,RDF ,OK,MU
9498126000,PUFGL00790,DIV475812,EDD HATA,RDF ,RDF,ASS
9498208000,PUFGL00250,DIV435733,EDD CAMPIEARGANJ,RDF,P,PROV
9498827000,FGLTD02460,DIV475932,EDD DEORIA,RDF ,RDF,ASS
9499636000,FGLTD01340,DIV435732,EDD CHAURI CHAURA,RDF ,OK,MU
9501577000,PUFGL01060,DIV475613,EDD NAUTANWA,RDF,OK,MU
9501696000,FGLTD02957,DIV475932,EDD DEORIA,RDF ,OK,MU
9504037000,FGLTD02929,DIV475814,EDD SEORAHI,IDF ,IDF,ASS
9505986000,PUFGL01213,DIV475935,EDD GAURI BAZAR,RDF,RDF,ASS
9506847000,PUFGL01001,DIV475612,EDD I MAHARAJGANJ,RDF ,P,PROV
9507385000,FGLTD03118,DIV475814,EDD SEORAHI,IDF ,IDF,ASS
9508866000,PUFGL00776,DIV475812,EDD HATA,RDF ,RDF,ASS
9509246000,FGLTD01258,DIV475932,EDD DEORIA,RDF ,OK,MU
9509907000,PUFGL00586,DIV475934,EDD SALEMPUR,IDF,IDF,ASS
9509996000,PUFGL00336,DIV435721,EDD KAURIRAM,RDF ,P,PROV
9511167000,PUFGL00687,DIV475811,EDD PADRAUNA,IDF ,IDF,ASS
9517508000,PUFGL00862,DIV475611,EDD II ANANDNAGAR,RDF ,OK,MU
9518370105,FGLTD02533,DIV435721,EDD KAURIRAM,IDF ,IDF,ASS
9519586000,FGLTD03114,DIV475814,EDD SEORAHI,IDF ,IDF,NULL
9520066000,PUFGL01087,DIV475614,EDD NICHLAUL,RDF ,RDF,ASS
9520112000,FGLTD03111,DIV435711,"EUDD TOWNHALL,GORAKHPUR",RDF ,OK,MU
9520324352,FGLTD03294,DIV475814,EDD SEORAHI,IDF ,IDF,ASS
9521096000,FGLTD02305,DIV475814,EDD SEORAHI,IDF ,IDF,ASS
9524012000,FGLTD01815,DIV435711,"EUDD TOWNHALL,GORAKHPUR",RDF ,OK,MU
9524296678,PUFGL00873,DIV475611,EDD II ANANDNAGAR,RDF ,OK,MU
9526490712,PUFGL00887,DIV475611,EDD II ANANDNAGAR,RDF ,RDF,ASS
9527097000,FGLTD03133,DIV475812,EDD HATA,RDF ,OK,MU
9527575000,FGLTD03116,DIV475814,EDD SEORAHI,IDF ,IDF,ASS
9528557000,FGLTD02189,DIV475934,EDD SALEMPUR,RDF ,RDF,ASS
9529617000,PUFGL00457,DIV475931,EDD BARHAJ,RDF ,P,PROV
9531522082,PUFGL00476,DIV475932,EDD DEORIA,RDF ,RDF,ASS
9534507214,FGLTD02951,DIV475811,EDD PADRAUNA,IDF ,IDF,ASS
9535553467,FGLTD03125,DIV475813,"EDD KASYA, KUSHINAGAR",RDF ,OK,MU
9537185000,FGLTD02667,DIV475813,"EDD KASYA, KUSHINAGAR",RDF ,RDF,ASS
9538907000,PUFGL01008,DIV475612,EDD I MAHARAJGANJ,RDF ,OK,MU
9540346000,PUFGL00506,DIV475932,EDD DEORIA,RDF ,RDF,ASS
9540454000,PUFGL00709,DIV475811,EDD PADRAUNA,IDF ,IDF,ASS
9540507000,PUFGL00188,DIV435731,"EDD GULHARIYA BAZAR,GORAKHPUR",RDF ,RDF,ASS
9541308000,PUFGL00622,DIV475935,EDD GAURI BAZAR,RDF ,BR,MU
9542948094,PUFGL00507,DIV475932,EDD DEORIA,RDF ,BR,MU
9544087000,PUFGL00790,DIV475812,EDD HATA,RDF ,RDF,ASS
9544177000,FGLTD03393,DIV475814,EDD SEORAHI,IDF ,IDF,ASS
9544189887,PUFGL00932,DIV475612,EDD I MAHARAJGANJ,RDF ,RDF,ASS
9544302226,PUFGL01133,DIV475614,EDD NICHLAUL,RDF ,OK,MU
9544946000,PUFGL01001,DIV475612,EDD I MAHARAJGANJ,RDF ,OK,MU
9546590579,PUFGL00915,DIV475612,EDD I MAHARAJGANJ,RDF ,OK,MU
9550308000,PUFGL00843,DIV475814,EDD SEORAHI,IDF ,IDF,ASS
9550799935,FGLTD02305,DIV475814,EDD SEORAHI,IDF,IDF,ASS
9551477000,PUFGL00585,DIV475934,EDD SALEMPUR,RDF ,RDF,ASS
9553239886,PUFGL00246,DIV435733,EDD CAMPIEARGANJ,RDF ,OK,MU
9555186000,PUFGL00844,DIV475814,EDD SEORAHI,IDF ,IDF,ASS
9556877000,PUFGL00246,DIV435733,EDD CAMPIEARGANJ,RDF ,BR,MU
9556936887,FGLTD03005,DIV475811,EDD PADRAUNA,IDF ,IDF,ASS
9556997000,FGLTD03058,DIV475813,"EDD KASYA, KUSHINAGAR",RDF ,RDF,ASS
9557252813,FGLTD02658,DIV435731,"EDD GULHARIYA BAZAR,GORAKHPUR",RDF ,RDF,ASS
9557474289,FGLTD01244,DIV435722,"EDD SAHJANWA,GORAKHPUR",RDF ,OK,MU
9557765000,PUFGL00682,DIV475811,EDD PADRAUNA,IDF ,IDF,ASS
9559986000,FGLTD03049,DIV475814,EDD SEORAHI,IDF,IDF,ASS
9560229390,PUFGL00576,DIV475934,EDD SALEMPUR,RDF ,RDF,ASS
9561502960,PUFGL00199,DIV435731,"EDD GULHARIYA BAZAR,GORAKHPUR",RDF ,RDF,ASS
9562092367,FGLTD01661,DIV475814,EDD SEORAHI,RDF ,RDF,ASS
9562112000,FGLTD02324,DIV435711,"EUDD TOWNHALL,GORAKHPUR",RDF ,OK,MU
9563765000,FGLTD02908,DIV435733,EDD CAMPIEARGANJ,RDF ,RDF,ASS
9565554165,PUFGL00760,DIV475812,EDD HATA,RDF ,RDF,ASS
9566417000,PUFGL01019,DIV475612,EDD I MAHARAJGANJ,IDF ,IDF,ASS
9570476000,PUFGL00617,DIV475935,EDD GAURI BAZAR,RDF ,OK,MU
9570967000,FGLTD01189,DIV475813,"EDD KASYA, KUSHINAGAR",IDF ,IDF,ASS
9572756000,PUFGL00844,DIV475814,EDD SEORAHI,IDF,IDF,ASS
9577967000,PUFGL00337,DIV435721,EDD KAURIRAM,RDF ,P,PROV
9581175000,PUFGL00777,DIV475812,EDD HATA,RDF ,P,PROV
9582785000,PUFGL00592,DIV475934,EDD SALEMPUR,RDF ,RDF,ASS
9583448737,FGLTD02929,DIV475814,EDD SEORAHI,IDF ,IDF,ASS
9584476000,PUFGL00764,DIV475812,EDD HATA,IDF ,IDF,ASS
9584997000,PUFGL00583,DIV475934,EDD SALEMPUR,IDF ,IDF,ASS
9585767000,FGLTD02662,DIV475813,"EDD KASYA, KUSHINAGAR",RDF ,OK,MU
9586827000,PUFGL00487,DIV475932,EDD DEORIA,RDF ,OK,MU
9587081323,PUFGL00507,DIV475932,EDD DEORIA,RDF ,OK,MU
9587127000,FGLTD02929,DIV475814,EDD SEORAHI,IDF,IDF,ASS
9588116000,PUFGL00754,DIV475812,EDD HATA,RDF ,RDF,ASS
9590866000,PUFGL01132,DIV475614,EDD NICHLAUL,RDF ,P,PROV
9590974718,PUFGL00445,DIV475931,EDD BARHAJ,RDF ,OK,MU
9595089340,PUFGL00761,DIV475812,EDD HATA,RDF ,OK,MU
9598317000,PUFGL00850,DIV475814,EDD SEORAHI,IDF ,RDF,ASS
9599157000,PUFGL00716,DIV475811,EDD PADRAUNA,RDF ,OK,MU
9600408000,FGLTD03294,DIV475814,EDD SEORAHI,IDF ,IDF,ASS
9600677000,PUFGL00203,DIV435731,"EDD GULHARIYA BAZAR,GORAKHPUR",RDF ,RDF,ASS
9601746000,FGLTD01887,DIV435721,EDD KAURIRAM,IDF ,IDF,ASS
9602006000,FGLTD02471,DIV475814,EDD SEORAHI,IDF ,IDF,ASS
9602557000,FGLTD02471,DIV475814,EDD SEORAHI,IDF ,IDF,ASS
9602976000,FGLTD03203,DIV475813,"EDD KASYA, KUSHINAGAR",IDF ,IDF,ASS
9603843249,PUFGL01151,DIV475614,EDD NICHLAUL,RDF ,RDF,ASS
9605008000,PUFGL00784,DIV475812,EDD HATA,RDF ,OK,MU
9606046893,FGLTD01938,DIV435723,EDD SHIKARIGANJ,RDF ,OK,MU
9607746000,FGLTD02967,DIV475934,EDD SALEMPUR,RDF ,RDF,ASS
9610365000,PUFGL00761,DIV475812,EDD HATA,RDF ,RDF,ASS
9611081988,PUFGL00711,DIV475811,EDD PADRAUNA,RDF ,RDF,ASS
9611107000,PUFGL00764,DIV475812,EDD HATA,IDF ,IDF,ASS
9612007000,PUFGL00334,DIV435721,EDD KAURIRAM,RDF ,OK,MU
9612708000,PUFGL01122,DIV475612,EDD I MAHARAJGANJ,RDF ,P,PROV
9613118000,PUFGL01213,DIV475935,EDD GAURI BAZAR,RDF ,RDF,ASS
9614387000,PUFGL00851,DIV475814,EDD SEORAHI,IDF ,IDF,ASS
9616086000,PUFGL00436,DIV435722,"EDD SAHJANWA,GORAKHPUR",RDF ,OK,MU
9617145630,PUFGL00871,DIV475611,EDD II ANANDNAGAR,RDF ,BR,MU
9617245978,PUFGL00676,DIV475811,EDD PADRAUNA,RDF ,BR,MU
9620221032,PUFGL01021,DIV475612,EDD I MAHARAJGANJ,RDF ,P,PROV
9620785000,FGLTD02139,DIV475613,EDD NAUTANWA,RDF ,RDF,ASS
9624118000,FGLTD02305,DIV475814,EDD SEORAHI,IDF ,IDF,ASS
9628078121,PUFGL01209,DIV475935,EDD GAURI BAZAR,RDF ,OK,MU
9631747000,FGLTD03294,DIV475814,EDD SEORAHI,IDF ,IDF,ASS
9633357000,PUFGL00164,DIV435731,"EDD GULHARIYA BAZAR,GORAKHPUR",RDF ,RDF,ASS
9635363000,PUFGL00489,DIV475932,EDD DEORIA,RDF ,RDF,ASS
9635607000,FGLTD02929,DIV475814,EDD SEORAHI,IDF ,IDF,ASS
9636608462,PUFGL01130,DIV475614,EDD NICHLAUL,RDF ,OK,MU
9637027000,PUFGL00658,DIV475811,EDD PADRAUNA,RDF ,RDF,ASS
9639916000,PUFGL00887,DIV475611,EDD II ANANDNAGAR,RDF ,OK,MU
9641665000,FGLTD02952,DIV475811,EDD PADRAUNA,RDF ,RDF,ASS
9642086000,PUFGL00592,DIV475934,EDD SALEMPUR,RDF ,RDF,ASS
9642817000,PUFGL01042,DIV475613,EDD NAUTANWA,RDF ,P,PROV
9644692454,PUFGL01107,DIV475614,EDD NICHLAUL,RDF ,OK,MU
9644727000,FGLTD02139,DIV475613,EDD NAUTANWA,RDF,RDF,ASS
9645977000,PUFGL00951,DIV475612,EDD I MAHARAJGANJ,RDF ,RDF,ASS
9650336000,PUFGL00722,DIV475811,EDD PADRAUNA,RDF ,RDF,ASS
9652247000,PUFGL00932,DIV475612,EDD I MAHARAJGANJ,RDF ,RDF,ASS
9652454000,PUFGL00710,DIV475811,EDD PADRAUNA,RDF ,OK,MU
9652746840,FGLTD03125,DIV475813,"EDD KASYA, KUSHINAGAR",IDF ,IDF,ASS
9653765000,PUFGL00850,DIV475814,EDD SEORAHI,IDF ,IDF,ASS
9655018000,PUFGL00888,DIV475611,EDD II ANANDNAGAR,RDF ,RDF,ASS
9655796314,FGLTD03309,DIV475614,EDD NICHLAUL,RDF ,OK,MU
9656147000,PUFGL00792,DIV475812,EDD HATA,IDF ,IDF,ASS
9656586000,PUFGL00950,DIV475612,EDD I MAHARAJGANJ,RDF ,P,PROV
9658167000,PUFGL00865,DIV475611,EDD II ANANDNAGAR,RDF ,OK,MU
9658318000,PUFGL01010,DIV475612,EDD I MAHARAJGANJ,IDF,IDF,ASS
9658796000,FGLTD03294,DIV475814,EDD SEORAHI,IDF ,IDF,ASS
9659376000,PUFGL01208,DIV475935,EDD GAURI BAZAR,RDF ,RDF,ASS
9661065000,PUFGL00584,DIV475934,EDD SALEMPUR,RDF,RDF,ASS
9663293522,FGLTD02776,DIV435713,"EUDD MOHADDIPUR,GORAKHPUR",RDF ,OK,MU
9665394996,PUFGL01151,DIV475614,EDD NICHLAUL,RDF ,RDF,ASS
9665697000,FGLTD01592,DIV475812,EDD HATA,IDF ,IDF,ASS
9665736000,FGLTD02667,DIV475813,"EDD KASYA, KUSHINAGAR",RDF ,RDF,ASS
9666108000,FGLTD02961,DIV475932,EDD DEORIA,RDF ,OK,MU
9666354000,PUFGL00705,DIV475811,EDD PADRAUNA,RDF ,OK,MU
9667037000,PUFGL00704,DIV475811,EDD PADRAUNA,IDF ,IDF,ASS
9667385000,FGLTD01532,DIV475935,EDD GAURI BAZAR,RDF ,OK,MU
9672461825,PUFGL01218,DIV475935,EDD GAURI BAZAR,RDF ,RDF,ASS
9673955000,PUFGL00635,DIV475935,EDD GAURI BAZAR,RDF,OK,MU
9677157000,PUFGL00756,DIV475812,EDD HATA,RDF,OK,MU
9677757000,PUFGL00548,DIV475934,EDD SALEMPUR,RDF ,RDF,ASS
9677809521,PUFGL00253,DIV435733,EDD CAMPIEARGANJ,RDF ,OK,MU
9678077000,FGLTD02471,DIV475814,EDD SEORAHI,IDF ,IDF,ASS
9680118000,PUFGL00803,DIV475813,"EDD KASYA, KUSHINAGAR",RDF ,RDF,ASS
9682170231,PUFGL00839,DIV475813,"EDD KASYA, KUSHINAGAR",RDF ,OK,MU
9682608000,PUFGL01138,DIV475614,EDD NICHLAUL,RDF ,RDF,ASS
9682644686,PUFGL00259,DIV435733,EDD CAMPIEARGANJ,RDF ,OK,MU
9682966000,PUFGL00562,DIV475934,EDD SALEMPUR,RDF ,RDF,ASS
9683407000,PUFGL00684,DIV475811,EDD PADRAUNA,IDF ,IDF,ASS
9683837000,FGLTD02305,DIV475814,EDD SEORAHI,IDF ,IDF,ASS
9684975000,PUFGL00776,DIV475812,EDD HATA,RDF,P,PROV
9685087000,PUFGL01056,DIV475613,EDD NAUTANWA,RDF ,RDF,ASS
9686897000,FGLTD02189,DIV475934,EDD SALEMPUR,IDF,IDF,ASS
9688311848,FGLTD01661,DIV475814,EDD SEORAHI,IDF ,IDF,ASS
9688656000,FGLTD02239,DIV475935,EDD GAURI BAZAR,RDF ,OK,MU
9688923954,PUFGL00481,DIV475932,EDD DEORIA,RDF ,OK,MU
9697626959,PUFGL00882,DIV475611,EDD II ANANDNAGAR,RDF ,OK,MU
9699046000,PUFGL00848,DIV475814,EDD SEORAHI,IDF ,IDF,ASS
9699687832,FGLTD03221,DIV475613,EDD NAUTANWA,RDF,P,PROV
9699776000,FGLTD03057,DIV475813,"EDD KASYA, KUSHINAGAR",RDF ,RDF,ASS
9701051307,PUFGL00777,DIV475812,EDD HATA,RDF ,P,PROV
9701624731,PUFGL00621,DIV475935,EDD GAURI BAZAR,RDF ,BR,MU
9704454000,PUFGL00705,DIV475811,EDD PADRAUNA,IDF ,IDF,ASS
9705185000,PUFGL00204,DIV435731,"EDD GULHARIYA BAZAR,GORAKHPUR",RDF ,P,PROV
9706046000,PUFGL00239,DIV435733,EDD CAMPIEARGANJ,RDF ,BR,MU
9706139982,FGLTD03397,DIV435722,"EDD SAHJANWA,GORAKHPUR",RDF ,P,PROV
9706637000,FGLTD02667,DIV475813,"EDD KASYA, KUSHINAGAR",RDF,RDF,ASS
9707457000,FGLTD02308,DIV475814,EDD SEORAHI,IDF ,IDF,ASS
9710203986,FGLTD02929,DIV475814,EDD SEORAHI,IDF ,IDF,ASS
9710616000,PUFGL01000,DIV475612,EDD I MAHARAJGANJ,RDF ,P,PROV
9710686000,FGLTD02667,DIV475813,"EDD KASYA, KUSHINAGAR",RDF ,RDF,ASS
9711517000,PUFGL00555,DIV475934,EDD SALEMPUR,RDF ,OK,MU
9712066000,FGLTD01966,DIV475812,EDD HATA,IDF,IDF,ASS
9712611717,FGLTD01592,DIV475812,EDD HATA,RDF ,OK,MU
9712685000,FGLTD02533,DIV435721,EDD KAURIRAM,RDF ,RDF,ASS
9712686949,PUFGL00180,DIV435731,"EDD GULHARIYA BAZAR,GORAKHPUR",RDF ,RDF,ASS
9713147000,FGLTD01808,DIV475934,EDD SALEMPUR,RDF ,OK,MU
9713797000,PUFGL01000,DIV475612,EDD I MAHARAJGANJ,RDF ,P,PROV
9714454000,PUFGL00713,DIV475811,EDD PADRAUNA,RDF,RDF,ASS
9715076000,PUFGL00704,DIV475811,EDD PADRAUNA,IDF ,IDF,ASS
9715936000,PUFGL00185,DIV435731,"EDD GULHARIYA BAZAR,GORAKHPUR",RDF ,RDF,ASS
9716908000,FGLTD02667,DIV475813,"EDD KASYA, KUSHINAGAR",IDF ,IDF,ASS
9718023234,FGLTD01654,DIV475814,EDD SEORAHI,IDF ,IDF,ASS
9718086000,PUFGL00584,DIV475934,EDD SALEMPUR,RDF ,RDF,ASS
9718336000,PUFGL00771,DIV475812,EDD HATA,RDF ,OK,MU
9720307000,PUFGL00761,DIV475812,EDD HATA,RDF ,OK,MU
9720756000,PUFGL00843,DIV475814,EDD SEORAHI,IDF ,IDF,ASS
9721087000,FGLTD01579,DIV475611,EDD II ANANDNAGAR,RDF ,OK,MU
9722457000,FGLTD02474,DIV475814,EDD SEORAHI,IDF,IDF,ASS
9726636000,PUFGL01132,DIV475614,EDD NICHLAUL,RDF ,OK,MU
9728877000,FGLTD03114,DIV475814,EDD SEORAHI,IDF ,IDF,ASS
9730218000,PUFGL00844,DIV475814,EDD SEORAHI,IDF ,IDF,ASS
9730867000,PUFGL01054,DIV475613,EDD NAUTANWA,RDF ,RDF,ASS
9732657000,PUFGL00230,DIV435733,EDD CAMPIEARGANJ,RDF ,BR,MU
9733287000,PUFGL00782,DIV475812,EDD HATA,RDF,RDF,ASS
9734799049,PUFGL00899,DIV475611,EDD II ANANDNAGAR,RDF ,RDF,ASS
9735147000,FGLTD01582,DIV475613,EDD NAUTANWA,RDF ,OK,MU
9736426000,FGLTD03393,DIV475814,EDD SEORAHI,IDF ,IDF,ASS
9737137000,PUFGL01041,DIV475613,EDD NAUTANWA,RDF ,OK,MU
9737707000,PUFGL00676,DIV475811,EDD PADRAUNA,IDF ,IDF,ASS
9738247000,FGLTD02313,DIV435732,EDD CHAURI CHAURA,RDF ,OK,MU
9739326000,PUFGL00548,DIV475934,EDD SALEMPUR,RDF ,RDF,ASS
9740837000,PUFGL00257,DIV435733,EDD CAMPIEARGANJ,IDF,IDF,ASS
9746567000,FGLTD01540,DIV475934,EDD SALEMPUR,RDF ,RDF,ASS
9747716000,FGLTD02918,DIV435733,EDD CAMPIEARGANJ,RDF ,P,PROV
9747737000,PUFGL00555,DIV475934,EDD SALEMPUR,RDF ,RDF,ASS
9748696000,FGLTD02197,DIV435731,"EDD GULHARIYA BAZAR,GORAKHPUR",RDF ,P,PROV
9751737075,PUFGL00844,DIV475814,EDD SEORAHI,IDF,IDF,ASS
9752208000,PUFGL00584,DIV475934,EDD SALEMPUR,RDF ,RDF,ASS
9753508090,PUFGL00508,DIV475932,EDD DEORIA,RDF ,OK,MU
9754612000,FGLTD01871,DIV435714,"EUDD RAPTINAGAR,GORAKHPUR",RDF ,OK,MU
9755617000,PUFGL00427,DIV435722,"EDD SAHJANWA,GORAKHPUR",RDF ,OK,MU
9755998425,PUFGL00886,DIV475611,EDD II ANANDNAGAR,RDF ,OK,MU
9756877000,PUFGL00268,DIV435733,EDD CAMPIEARGANJ,RDF ,P,PROV
9758157000,PUFGL00654,DIV475811,EDD PADRAUNA,RDF ,BR,MU
9758357000,PUFGL00864,DIV475611,EDD II ANANDNAGAR,RDF ,RDF,ASS
9758570776,FGLTD02460,DIV475932,EDD DEORIA,RDF ,P,PROV
9759093425,PUFGL01117,DIV475614,EDD NICHLAUL,RDF ,RDF,ASS
9759685000,PUFGL00584,DIV475934,EDD SALEMPUR,RDF ,OK,MU
9760165000,PUFGL01051,DIV475613,EDD NAUTANWA,RDF ,OK,MU
9760696000,PUFGL00476,DIV475932,EDD DEORIA,RDF ,RDF,ASS
9760916962,PUFGL00701,DIV475811,EDD PADRAUNA,RDF ,RDF,ASS
9761172332,FGLTD02738,DIV435733,EDD CAMPIEARGANJ,IDF ,IDF,ASS
9763616000,FGLTD01770,DIV475814,EDD SEORAHI,IDF ,IDF,ASS
9763855000,PUFGL00418,DIV435722,"EDD SAHJANWA,GORAKHPUR",RDF ,RDF,ASS
9765275000,PUFGL00830,DIV475813,"EDD KASYA, KUSHINAGAR",RDF ,OK,MU
9766807000,PUFGL01124,DIV475614,EDD NICHLAUL,RDF ,OK,MU
9767805672,PUFGL00568,DIV475934,EDD SALEMPUR,RDF ,RDF,ASS
9769805544,PUFGL00865,DIV475611,EDD II ANANDNAGAR,RDF ,OK,MU
9770866000,PUFGL00564,DIV475934,EDD SALEMPUR,RDF ,RDF,ASS
9771308000,FGLTD02908,DIV435733,EDD CAMPIEARGANJ,RDF ,RDF,ASS
9773166000,PUFGL01040,DIV475613,EDD NAUTANWA,RDF ,RDF,ASS
9773656000,PUFGL00162,DIV435731,"EDD GULHARIYA BAZAR,GORAKHPUR",RDF ,P,PROV
9774257000,FGLTD01183,DIV475813,"EDD KASYA, KUSHINAGAR",RDF ,RDF,ASS
9774937000,FGLTD01592,DIV475812,EDD HATA,IDF ,IDF,ASS
9777946000,FGLTD03004,DIV475812,EDD HATA,IDF,IDF,ASS
9781716944,FGLTD01508,DIV475935,EDD GAURI BAZAR,RDF ,OK,MU
9784897000,PUFGL00751,DIV475812,EDD HATA,IDF ,IDF,ASS
9785267000,PUFGL01206,DIV475935,EDD GAURI BAZAR,RDF ,BR,MU
9785620533,FGLTD02256,DIV435733,EDD CAMPIEARGANJ,RDF ,OK,MU
9786307000,FGLTD01508,DIV475935,EDD GAURI BAZAR,RDF ,RDF,ASS
9786437000,FGLTD01190,DIV475813,"EDD KASYA, KUSHINAGAR",RDF ,RDF,ASS
9786476000,PUFGL00250,DIV435733,EDD CAMPIEARGANJ,RDF ,P,PROV
9786616000,PUFGL00850,DIV475814,EDD SEORAHI,RDF ,P,PROV
9788365000,PUFGL00811,DIV475813,"EDD KASYA, KUSHINAGAR",RDF ,RDF,ASS
9788408000,PUFGL01038,DIV475613,EDD NAUTANWA,RDF ,OK,MU
9789865000,PUFGL00257,DIV435733,EDD CAMPIEARGANJ,IDF ,IDF,ASS
9790896000,FGLTD02634,DIV475814,EDD SEORAHI,IDF,IDF,ASS
9791546000,FGLTD03203,DIV475813,"EDD KASYA, KUSHINAGAR",RDF ,RDF,ASS
9791636000,PUFGL00114,DIV435732,EDD CHAURI CHAURA,RDF ,OK,MU
9792946000,FGLTD03114,DIV475814,EDD SEORAHI,IDF ,IDF,ASS
9794946000,PUFGL00418,DIV435722,"EDD SAHJANWA,GORAKHPUR",RDF ,OK,MU
9795692432,FGLTD01816,DIV435711,"EUDD TOWNHALL,GORAKHPUR",RDF ,OK,MU
9797329710,FGLTD01258,DIV475932,EDD DEORIA,RDF ,RDF,ASS
9797507000,FGLTD01660,DIV475814,EDD SEORAHI,IDF ,IDF,ASS
9797954780,PUFGL00814,DIV475813,"EDD KASYA, KUSHINAGAR",RDF ,OK,MU
9798676000,FGLTD03239,DIV475812,EDD HATA,RDF ,OK,MU
9799736000,PUFGL00421,DIV435722,"EDD SAHJANWA,GORAKHPUR",RDF,RDF,ASS
9800087000,PUFGL00555,DIV475934,EDD SALEMPUR,RDF ,OK,MU
9800967000,FGLTD02667,DIV475813,"EDD KASYA, KUSHINAGAR",IDF,IDF,ASS
9802426000,FGLTD03122,DIV475813,"EDD KASYA, KUSHINAGAR",RDF ,RDF,ASS
9802497000,PUFGL00358,DIV435721,EDD KAURIRAM,RDF ,P,PROV
9808323676,FGLTD02667,DIV475813,"EDD KASYA, KUSHINAGAR",RDF ,RDF,ASS
9810006000,PUFGL00848,DIV475814,EDD SEORAHI,IDF ,IDF,ASS
9812487000,FGLTD01592,DIV475812,EDD HATA,IDF ,IDF,ASS
9814356000,PUFGL01087,DIV475614,EDD NICHLAUL,RDF ,RDF,ASS
9814386000,PUFGL00552,DIV475934,EDD SALEMPUR,IDF ,IDF,ASS
9815297000,PUFGL00421,DIV435722,"EDD SAHJANWA,GORAKHPUR",RDF ,RDF,ASS
9819956000,PUFGL01100,DIV475614,EDD NICHLAUL,RDF ,OK,MU
9822170908,PUFGL00729,DIV475812,EDD HATA,RDF ,OK,MU
9823365119,FGLTD02313,DIV435732,EDD CHAURI CHAURA,RDF ,RDF,ASS
9825487000,PUFGL00809,DIV475813,"EDD KASYA, KUSHINAGAR",RDF ,OK,MU
9826614355,PUFGL00987,DIV475612,EDD I MAHARAJGANJ,RDF ,P,PROV
9827026000,PUFGL00919,DIV475612,EDD I MAHARAJGANJ,RDF ,OK,MU
9827367000,PUFGL00790,DIV475812,EDD HATA,RDF ,OK,MU
9828177000,FGLTD01592,DIV475812,EDD HATA,IDF ,IDF,ASS
9828196000,PUFGL00476,DIV475932,EDD DEORIA,RDF ,RDF,ASS
9828607000,FGLTD01592,DIV475812,EDD HATA,IDF ,IDF,ASS
9829424366,PUFGL00620,DIV475935,EDD GAURI BAZAR,RDF ,OK,MU
9833445372,FGLTD03228,DIV475813,"EDD KASYA, KUSHINAGAR",RDF ,OK,MU
9834671515,FGLTD02199,DIV435732,EDD CHAURI CHAURA,RDF ,RDF,ASS
9834888311,PUFGL00830,DIV475813,"EDD KASYA, KUSHINAGAR",RDF ,OK,MU
9835907000,PUFGL00894,DIV475611,EDD II ANANDNAGAR,RDF ,OK,MU
9836937000,PUFGL00761,DIV475812,EDD HATA,RDF ,RDF,ASS
9837227000,FGLTD01661,DIV475814,EDD SEORAHI,IDF ,IDF,ASS
9839354000,PUFGL00709,DIV475811,EDD PADRAUNA,IDF ,IDF,ASS
9840407000,FGLTD01188,DIV475813,"EDD KASYA, KUSHINAGAR",RDF ,OK,MU
9841476000,FGLTD02787,DIV475935,EDD GAURI BAZAR,RDF ,RDF,ASS
9842837000,FGLTD02471,DIV475814,EDD SEORAHI,IDF ,IDF,ASS
9843946000,PUFGL00407,DIV435722,"EDD SAHJANWA,GORAKHPUR",RDF ,RDF,ASS
9844257000,FGLTD02239,DIV475935,EDD GAURI BAZAR,RDF ,OK,CEIL
9845666000,PUFGL00725,DIV475812,EDD HATA,IDF ,RDF,ASS
9845687000,PUFGL00584,DIV475934,EDD SALEMPUR,RDF,RDF,ASS
9845746000,PUFGL00676,DIV475811,EDD PADRAUNA,IDF,IDF,ASS
9848766975,FGLTD03155,DIV475613,EDD NAUTANWA,RDF ,RDF,ASS
9848853475,PUFGL00830,DIV475813,"EDD KASYA, KUSHINAGAR",RDF ,OK,MU
9849376000,FGLTD02513,DIV475614,EDD NICHLAUL,RDF ,RDF,ASS
9850197000,PUFGL00427,DIV435722,"EDD SAHJANWA,GORAKHPUR",RDF ,OK,MU
9851074038,FGLTD02929,DIV475814,EDD SEORAHI,IDF ,IDF,ASS
9854066000,FGLTD02296,DIV475812,EDD HATA,RDF ,BR,MU
9854126000,PUFGL01060,DIV475613,EDD NAUTANWA,RDF ,RDF,ASS
9855147000,PUFGL00140,DIV435732,EDD CHAURI CHAURA,RDF ,OK,MU
9855285000,PUFGL00674,DIV475811,EDD PADRAUNA,RDF ,RDF,ASS
9855677000,FGLTD03193,DIV475935,EDD GAURI BAZAR,IDF,IDF,ASS
9855866000,PUFGL00760,DIV475812,EDD HATA,RDF ,RDF,ASS
9856085000,PUFGL00802,DIV475813,"EDD KASYA, KUSHINAGAR",RDF ,IDF,ASS
9858676000,PUFGL00865,DIV475611,EDD II ANANDNAGAR,RDF ,P,PROV
9858737000,PUFGL00844,DIV475814,EDD SEORAHI,IDF ,IDF,ASS
9859408000,FGLTD02979,DIV435733,EDD CAMPIEARGANJ,RDF ,RDF,ASS
9861209321,PUFGL00199,DIV435731,"EDD GULHARIYA BAZAR,GORAKHPUR",RDF ,RDF,ASS
9861965000,FGLTD02256,DIV435733,EDD CAMPIEARGANJ,RDF,BR,MU
9862117000,PUFGL00622,DIV475935,EDD GAURI BAZAR,RDF ,OK,MU
9863046000,FGLTD03283,DIV475813,"EDD KASYA, KUSHINAGAR",IDF ,IDF,ASS
9865186000,FGLTD02755,DIV475811,EDD PADRAUNA,IDF,IDF,ASS
9867587000,FGLTD02950,DIV475811,EDD PADRAUNA,RDF,RDF,ASS
9868353346,PUFGL00885,DIV475611,EDD II ANANDNAGAR,RDF ,RDF,ASS
9871232020,PUFGL00924,DIV475612,EDD I MAHARAJGANJ,RDF ,OK,MU
9871247000,PUFGL00916,DIV475612,EDD I MAHARAJGANJ,RDF ,RDF,ASS
9873457000,FGLTD01660,DIV475814,EDD SEORAHI,IDF ,IDF,ASS
9876596000,PUFGL00835,DIV475813,"EDD KASYA, KUSHINAGAR",RDF ,RDF,ASS
9876855744,PUFGL00184,DIV435731,"EDD GULHARIYA BAZAR,GORAKHPUR",RDF ,RDF,ASS
9876877000,FGLTD03294,DIV475814,EDD SEORAHI,IDF ,IDF,ASS
9877123033,PUFGL01047,DIV475613,EDD NAUTANWA,RDF ,P,PROV
9878244110,FGLTD03316,DIV475932,EDD DEORIA,RDF ,P,PROV
9880339364,PUFGL00850,DIV475814,EDD SEORAHI,IDF ,IDF,ASS
9881151109,FGLTD02843,DIV475611,EDD II ANANDNAGAR,RDF ,OK,MU
9881177000,FGLTD01661,DIV475814,EDD SEORAHI,IDF ,IDF,ASS
9882017000,FGLTD01661,DIV475814,EDD SEORAHI,IDF ,IDF,ASS
9883527000,FGLTD01973,DIV475812,EDD HATA,IDF ,IDF,ASS
9885226821,PUFGL00393,DIV435722,"EDD SAHJANWA,GORAKHPUR",RDF ,RDF,ASS
9885865000,FGLTD02587,DIV475611,EDD II ANANDNAGAR,RDF ,RDF,ASS
9886407470,FGLTD01744,DIV475614,EDD NICHLAUL,RDF ,RDF,ASS
9886667000,PUFGL00562,DIV475934,EDD SALEMPUR,RDF ,OK,MU
9887446000,PUFGL00592,DIV475934,EDD SALEMPUR,RDF ,RDF,ASS
9888026000,FGLTD03230,DIV475813,"EDD KASYA, KUSHINAGAR",RDF ,RDF,ASS
9888075000,FGLTD02737,DIV435733,EDD CAMPIEARGANJ,RDF ,P,PROV
9888453489,FGLTD03099,DIV475932,EDD DEORIA,RDF ,OK,MU
9888506680,FGLTD02753,DIV475811,EDD PADRAUNA,IDF ,IDF,ASS
9889275000,FGLTD01582,DIV475613,EDD NAUTANWA,RDF ,RDF,ASS
9889535863,PUFGL00802,DIV475813,"EDD KASYA, KUSHINAGAR",RDF ,IDF,ASS
9890767000,FGLTD01190,DIV475813,"EDD KASYA, KUSHINAGAR",RDF ,RDF,ASS
9891378503,PUFGL01021,DIV475612,EDD I MAHARAJGANJ,RDF ,P,PROV
9893908000,FGLTD03203,DIV475813,"EDD KASYA, KUSHINAGAR",IDF ,IDF,ASS
9894817000,FGLTD03118,DIV475814,EDD SEORAHI,IDF ,IDF,ASS
9897947941,FGLTD02667,DIV475813,"EDD KASYA, KUSHINAGAR",RDF ,RDF,ASS
9898585000,PUFGL00361,DIV435721,EDD KAURIRAM,RDF ,OK,MU
9899686000,FGLTD03287,DIV475813,"EDD KASYA, KUSHINAGAR",RDF ,RDF,ASS
9901932468,FGLTD02189,DIV475934,EDD SALEMPUR,RDF ,RDF,ASS
9903137000,FGLTD01592,DIV475812,EDD HATA,IDF ,IDF,ASS
9904321237,PUFGL00500,DIV475932,EDD DEORIA,RDF,RDF,ASS
9904545743,PUFGL00763,DIV475812,EDD HATA,RDF ,P,PROV
9905308000,FGLTD02474,DIV475814,EDD SEORAHI,IDF ,IDF,ASS
9905756000,FGLTD01612,DIV475811,EDD PADRAUNA,IDF,IDF,ASS
9908236000,FGLTD03294,DIV475814,EDD SEORAHI,IDF ,IDF,ASS
9908916000,FGLTD01592,DIV475812,EDD HATA,IDF ,IDF,ASS
9909620006,PUFGL01060,DIV475613,EDD NAUTANWA,RDF ,OK,MU
9910165000,FGLTD01594,DIV475812,EDD HATA,IDF ,IDF,ASS
9910375000,PUFGL00637,DIV475935,EDD GAURI BAZAR,RDF,RDF,ASS
9910911046,FGLTD01189,DIV475813,"EDD KASYA, KUSHINAGAR",RDF ,OK,MU
9911986000,PUFGL00230,DIV435733,EDD CAMPIEARGANJ,RDF ,BR,MU
9914946000,FGLTD03292,DIV475814,EDD SEORAHI,RDF ,OK,MU
9918486000,PUFGL00761,DIV475812,EDD HATA,RDF ,OK,MU
9918507000,PUFGL00844,DIV475814,EDD SEORAHI,IDF,IDF,ASS
9920217000,FGLTD02246,DIV475932,EDD DEORIA,RDF ,RDF,ASS
9920736000,FGLTD03393,DIV475814,EDD SEORAHI,IDF,IDF,ASS
9923380419,PUFGL00837,DIV475813,"EDD KASYA, KUSHINAGAR",RDF ,OK,MU
9925407000,PUFGL00674,DIV475811,EDD PADRAUNA,IDF,IDF,ASS
9926605307,PUFGL00637,DIV475935,EDD GAURI BAZAR,RDF ,P,PROV
9928736519,PUFGL01043,DIV475613,EDD NAUTANWA,RDF,RDF,ASS
9928816000,FGLTD03191,DIV475932,EDD DEORIA,RDF,RDF,ASS
9929146000,FGLTD02483,DIV475812,EDD HATA,IDF ,IDF,ASS
9932246000,FGLTD03004,DIV475812,EDD HATA,IDF ,IDF,ASS
9932457000,PUFGL00844,DIV475814,EDD SEORAHI,IDF ,IDF,ASS
9934247000,FGLTD02008,DIV435732,EDD CHAURI CHAURA,RDF ,BR,MU
9934267000,PUFGL00249,DIV435733,EDD CAMPIEARGANJ,RDF ,RDF,ASS
9934305784,FGLTD01188,DIV475813,"EDD KASYA, KUSHINAGAR",RDF ,OK,MU
9934727000,PUFGL00746,DIV475812,EDD HATA,IDF ,IDF,ASS
9937657000,FGLTD03191,DIV475932,EDD DEORIA,RDF ,IDF,ASS
9937862468,PUFGL00876,DIV475611,EDD II ANANDNAGAR,RDF ,OK,MU
9938418000,PUFGL00108,DIV435732,EDD CHAURI CHAURA,RDF ,OK,MU
9938616000,PUFGL00719,DIV475811,EDD PADRAUNA,RDF ,RDF,ASS
9941286000,FGLTD02147,DIV475614,EDD NICHLAUL,RDF ,RDF,ASS
9942809487,FGLTD01192,DIV475813,"EDD KASYA, KUSHINAGAR",RDF,RDF,ASS
9943876000,PUFGL01042,DIV475613,EDD NAUTANWA,RDF,RDF,ASS
9944707000,PUFGL00792,DIV475812,EDD HATA,IDF ,IDF,ASS
9948057000,FGLTD03057,DIV475813,"EDD KASYA, KUSHINAGAR",RDF,RDF,ASS
9949658091,PUFGL00562,DIV475934,EDD SALEMPUR,RDF ,RDF,ASS
9950999094,PUFGL00363,DIV435722,"EDD SAHJANWA,GORAKHPUR",RDF ,OK,MU
9954656000,PUFGL00268,DIV435733,EDD CAMPIEARGANJ,RDF ,OK,MU
9955034324,FGLTD01592,DIV475812,EDD HATA,IDF ,IDF,ASS
9955046000,PUFGL01006,DIV475612,EDD I MAHARAJGANJ,RDF ,OK,MU
9956612853,FGLTD01845,DIV435712,"EUDD SRI GORAKHNATH,GORAKHPUR",RDF ,OK,MU
9957158700,PUFGL00512,DIV475932,EDD DEORIA,RDF ,P,PROV
9957366000,PUFGL00657,DIV475811,EDD PADRAUNA,IDF ,IDF,ASS
9958645371,PUFGL00416,DIV435722,"EDD SAHJANWA,GORAKHPUR",RDF ,OK,MU
9959066000,FGLTD01591,DIV475614,EDD NICHLAUL,RDF,RDF,ASS
9959596721,PUFGL00887,DIV475611,EDD II ANANDNAGAR,RDF ,OK,MU
9961207000,FGLTD02667,DIV475813,"EDD KASYA, KUSHINAGAR",RDF ,RDF,ASS
9961856000,PUFGL00522,DIV475934,EDD SALEMPUR,RDF ,OK,MU
9962239859,FGLTD03393,DIV475814,EDD SEORAHI,IDF ,IDF,ASS
9963249597,PUFGL00251,DIV435733,EDD CAMPIEARGANJ,RDF ,OK,MU
9964436000,PUFGL00674,DIV475811,EDD PADRAUNA,IDF ,IDF,ASS
9964917000,PUFGL00809,DIV475813,"EDD KASYA, KUSHINAGAR",RDF ,P,PROV
9965900381,FGLTD02775,DIV435713,"EUDD MOHADDIPUR,GORAKHPUR",RDF ,OK,MU
9967365000,FGLTD03310,DIV475613,EDD NAUTANWA,RDF,RDF,ASS
9968375000,PUFGL00886,DIV475611,EDD II ANANDNAGAR,RDF ,OK,MU
9968875000,FGLTD02808,DIV475934,EDD SALEMPUR,RDF ,RDF,ASS
9969265000,FGLTD02744,DIV435732,EDD CHAURI CHAURA,RDF ,RDF,ASS
9971667000,PUFGL00744,DIV475812,EDD HATA,IDF ,IDF,ASS
9972718624,FGLTD01191,DIV475813,"EDD KASYA, KUSHINAGAR",IDF,IDF,ASS
9975436000,FGLTD01808,DIV475934,EDD SALEMPUR,RDF ,RDF,ASS
9975876000,PUFGL00729,DIV475812,EDD HATA,RDF ,P,PROV
9976216000,FGLTD03393,DIV475814,EDD SEORAHI,IDF,IDF,ASS
9976308000,PUFGL00847,DIV475814,EDD SEORAHI,IDF ,IDF,ASS
9977531556,FGLTD01180,DIV475813,"EDD KASYA, KUSHINAGAR",IDF ,IDF,ASS
9980265000,PUFGL01107,DIV475614,EDD NICHLAUL,RDF ,RDF,ASS
9981086000,PUFGL00552,DIV475934,EDD SALEMPUR,RDF ,OK,MU
9982487000,PUFGL00427,DIV435722,"EDD SAHJANWA,GORAKHPUR",RDF ,OK,MU
9982696000,PUFGL00515,DIV475932,EDD DEORIA,RDF,OK,CEIL
9983227000,PUFGL00704,DIV475811,EDD PADRAUNA,IDF ,IDF,ASS
9984467000,PUFGL00764,DIV475812,EDD HATA,IDF ,IDF,ASS
9985308000,FGLTD03289,DIV475814,EDD SEORAHI,IDF ,IDF,ASS
9988487000,FGLTD03125,DIV475813,"EDD KASYA, KUSHINAGAR",IDF ,IDF,ASS
9990362992,PUFGL00736,DIV475812,EDD HATA,RDF ,OK,MU
9991357000,PUFGL00684,DIV475811,EDD PADRAUNA,RDF ,P,PROV
9991365000,PUFGL00893,DIV475611,EDD II ANANDNAGAR,RDF ,OK,MU
9994597000,FGLTD03118,DIV475814,EDD SEORAHI,IDF ,IDF,ASS
9994875000,PUFGL00416,DIV435722,"EDD SAHJANWA,GORAKHPUR",RDF ,OK,MU
9996185000,PUFGL00202,DIV435731,"EDD GULHARIYA BAZAR,GORAKHPUR",RDF ,RDF,NULL
9996475000,PUFGL00418,DIV435722,"EDD SAHJANWA,GORAKHPUR",RDF ,OK,MU
9999975000,FGLTD02139,DIV475613,EDD NAUTANWA,RDF ,RDF,ASS
